word,fami
阿胶,4.923077
阿姨,6.363636
阿谀奉承,4.25
哀兵必胜,4.478261
哀悼,6.045455
哀号,5.47619
哀鸣,6.066667
哀求,5.928571
哀伤,6.038462
哀思,5.481481
哀叹,6.0
哀痛,6.606061
唉声叹气,5.5
挨打,5.76
挨饿,5.757576
挨家挨户,5.04
挨近,4.75
挨着,6.190476
癌细胞,4.787879
癌症,4.971429
矮小,6.392857
艾滋病,6.148148
爱不释手,5.952381
爱财如命,5.711111
爱戴,6.484848
爱抚,4.961538
爱国,5.64
爱好,6.647059
爱护,6.666667
爱美,6.185185
爱民如子,5.217391
爱莫能助,5.727273
爱慕,6.5
爱情,6.28125
爱犬,5.916667
爱人,6.606061
爱上,5.77551
爱屋及乌,5.447368
爱惜,6.214286
爱心,6.4
爱意,6.076923
隘口,4.466667
碍事,6.185185
碍手碍脚,5.58
碍眼,5.857143
暧昧,5.565217
安定,5.78125
安顿,6.484848
安放,5.653846
安分,6.30303
安分守己,5.821429
安抚,6.111111
安好,6.285714
安家,6.558824
安家立业,5.0
安家落户,5.553191
安检,6.606061
安静,6.625
安居,5.583333
安居乐业,5.833333
安康,5.933333
安乐,5.766667
安乐死,5.869565
安眠,5.892857
安眠药,5.12
安宁,6.214286
安排,6.5
安贫乐道,4.464286
安全,6.366667
安全带,6.043478
安然,5.347826
安然无恙,5.710526
安身立命,5.291667
安适,6.308275
安睡,5.478261
安危,5.714286
安慰,6.535714
安稳,6.617647
安息,6.057143
安闲,6.321429
安详,6.363636
安祥,5.625
安享晚年,5.432432
安心,6.4
安逸,5.636364
安营扎寨,4.416667
安葬,5.53125
安之若素,3.96
安置,6.457143
安装,6.39375
鹌鹑,4.708333
岸边,5.652174
按兵不动,5.326531
按部就班,5.681818
按键,5.997253
按揭,4.510204
按理,6.354167
按铃,5.608696
按摩,5.666667
按摩椅,5.56
按捺,4.848485
按钮,6.071429
按时,6.36
按说,5.566667
按图索骥,4.16
按压,5.363636
按照,6.411765
案发,5.521739
案件,6.141026
案卷,4.714286
案例,5.538462
案情,4.916667
案头,2.928571
案子,5.833333
暗藏,5.75
暗淡,6.708333
暗访,5.565217
暗号,5.576923
暗红,6.058824
暗流,4.0
暗杀,6.285714
暗示,6.357143
暗算,5.888889
暗无天日,5.350877
暗想,5.964286
暗笑,5.166667
暗喻,4.296296
暗中,6.466667
暗自,6.181818
黯淡,5.7
黯然,4.458333
黯然失色,5.035714
肮脏,6.470588
昂贵,6.428571
昂首,5.434783
昂首阔步,4.92
昂扬,5.809524
盎然,4.510638
盎司,2.818182
凹凸,5.782609
凹陷,5.911765
遨游,5.928571
熬夜,6.5
翱翔,5.933333
鏖战,3.333333
傲慢,6.485714
傲气,5.692308
傲然,4.576923
奥秘,4.777778
奥妙,5.923077
奥运,5.969697
奥运会,6.227273
澳元,5.130435
懊悔,6.4
懊恼,5.96
八方,6.133333
八股文,4.818182
八卦,5.814815
八面玲珑,4.671429
八强,4.304348
巴结,6.2
巴士,5.75
巴掌,6.535714
扒窃,4.71875
扒手,4.916667
芭蕾,5.726364
芭蕾舞,5.583333
疤痕,5.28
拔地而起,5.142857
拔掉,5.782609
拔河,6.875
拔尖,6.5
跋山涉水,5.208333
跋涉,5.714286
把柄,5.6
把持,5.647059
把关,5.269231
把脉,5.355263
把手,6.529412
把守,4.807692
把握,6.588235
把戏,5.34375
靶场,4.863636
爸爸,6.84
罢黜,4.033333
罢工,5.333333
罢课,4.957447
罢免,6.314286
罢休,4.807692
霸道,5.68
霸气,5.818182
霸权,5.244444
霸王,5.393939
霸占,6.393939
霸主,5.52381
掰开,5.375
白菜,6.24
白吃,5.304348
白痴,5.333333
白发,5.92
白饭,5.130435
白费,6.5
白干,4.414286
白骨,4.869565
白话,5.393939
白话文,5.510638
白金,4.84
白净,5.625
白酒,6.390741
白驹过隙,4.157143
白兰地,4.148148
白领,5.928571
白鹭,5.48
白露,4.84
白马,5.409091
白茫茫,5.666667
白内障,5.181818
白棋,5.545455
白热,4.956522
白人,6.235294
白日做梦,5.08
白色,6.657143
白手起家,5.869565
白糖,6.461538
白天,6.692308
白头偕老,5.96
白兔,5.761905
白皙,5.807692
白雪,5.32
白血病,5.69697
白眼,5.818182
白衣天使,6.291667
白蚁,4.652174
白银,5.9
白云,5.914286
白纸,6.377778
白纸黑字,5.8
白昼,6.5
百步穿杨,4.192308
百发百中,5.533333
百废待兴,4.782609
百分比,6.222222
百感交集,5.259259
百合,5.272727
百花,4.809524
百花齐放,5.642857
百货,5.92
百家争鸣,5.625
百看不厌,5.75
百科,5.478261
百科全书,5.5
百里挑一,5.884615
百炼成钢,5.041667
百年大计,5.636364
百无禁忌,4.782609
百无聊赖,4.892857
百姓,6.5
百战百胜,5.375
百折不挠,5.608696
柏树,5.710625
柏油,4.608696
摆布,5.25
摆动,6.0
摆渡,4.761905
摆放,6.185185
摆弄,6.142857
摆设,5.615385
摆摊,5.485714
摆脱,6.058824
败北,5.518519
败笔,5.466667
败坏,5.458333
败绩,6.117647
败军,5.409091
败类,5.304348
败诉,5.941176
败仗,5.214286
败者,5.909091
拜访,6.529412
拜会,3.81
拜见,6.371429
拜金,5.125
拜年,6.5
拜师,6.0
拜托,6.538462
拜谢,5.147059
拜谒,3.888889
扳倒,4.956522
扳回,4.576923
扳平,5.355263
班车,5.84
班次,5.5
班底,4.130435
班房,3.473684
班机,4.695652
班级,6.222222
班门弄斧,5.608696
班长,6.8
班主任,6.340426
班子,4.242424
班组,4.785714
颁布,5.928571
颁发,6.296296
颁给,4.125
颁奖,6.464286
斑白,5.969697
斑驳,4.111111
斑驳陆离,3.92
斑点,6.7
斑鸠,4.787879
斑斓,4.703704
斑马,5.928571
斑马线,6.590909
斑纹,5.181818
搬到,5.541667
搬家,5.777778
搬进,5.782609
搬弄是非,5.041667
搬迁,6.428571
搬运,5.518519
搬走,5.666667
板材,4.28
板凳,6.633333
板房,4.36
板斧,4.68
板块,5.304348
板子,5.766667
版本,6.24
版画,4.434783
版块,5.652174
版面,5.962963
版权,6.0
版图,5.0
办案,5.304348
办报,4.346939
办成,5.692308
办法,6.757576
办公,5.961538
办公室,5.956522
办理,5.62963
办起,4.2
办事,6.5
办事处,5.565217
办学,5.375
办证,5.608696
半场,5.083333
半成品,5.72
半程,5.363636
半岛,4.130435
半价,5.608696
半斤八两,5.62963
半径,6.458333
半空,6.318182
半路,6.0625
半路出家,4.565217
半球,5.125
半区,4.16
半山腰,5.142857
半生,4.708333
半数,5.478261
半衰期,3.952381
半死,4.73913
半死不活,5.541667
半天,6.428571
半途而废,5.608696
半推半就,5.304348
半信半疑,5.333333
半夜,5.94
半夜三更,5.955556
半圆,5.591837
半圆形,5.460526
半自动,4.771429
伴唱,5.333333
伴郎,5.684211
伴侣,6.285714
伴随,6.294118
伴有,4.842857
伴奏,5.964286
绊倒,5.434211
扮演,6.333333
邦交,3.821429
帮帮,5.32
帮扶,6.25
帮工,5.757576
帮会,5.118421
帮忙,6.65625
帮派,4.913043
帮腔,5.647059
帮手,5.875
帮凶,5.25
帮助,6.535714
绑定,5.684211
绑匪,5.571429
绑架,5.392857
榜单,5.954545
榜首,5.958333
榜样,6.821429
棒球,5.714286
棒子,5.925926
傍晚,6.875
谤议,4.882353
磅礴,4.92
包办,4.75
包包,6.156863
包庇,5.28
包场,5.409091
包抄,4.52381
包车,5.28
包袱,6.044118
包裹,6.2
包含,6.666667
包机,4.84
包括,6.416667
包揽,5.259259
包罗万象,5.590909
包容,6.333333
包围,6.666667
包厢,6.181818
包蕴,4.038462
包扎,5.76
包装,5.884615
包装纸,5.666667
包子,6.73262
孢子,3.565217
胞弟,3.653846
褒贬,6.178571
褒奖,4.96
褒义,6.285714
薄薄,4.130435
薄冰,4.171429
薄饼,5.65
薄荷,5.791667
薄膜,5.333333
薄情,4.96
薄弱,6.3
薄雾,6.4
饱尝,4.531915
饱含,5.418561
饱和,6.542857
饱经沧桑,5.333333
饱览,5.857143
饱满,6.708333
饱受,5.470588
宝宝,6.42
宝贝,6.5
宝藏,6.625
宝地,5.118421
宝贵,5.481481
宝库,6.117647
宝石,6.227273
宝物,6.75
宝座,5.08
保安,6.848485
保安员,5.863636
保本,4.238095
保镖,5.407407
保持,6.5
保存,6.346154
保底,5.925926
保管,6.285714
保护,6.529412
保护色,5.106383
保级,4.328947
保荐,3.347826
保健,4.740741
保健品,5.62963
保洁,5.416667
保龄,4.652174
保龄球,6.0
保留,6.411765
保密,5.916667
保姆,6.12
保暖,6.647059
保全,5.08
保释,4.923077
保守,5.923077
保送,5.964286
保卫,5.384615
保温,6.0
保鲜,6.071429
保险,5.76
保险箱,5.909091
保修,6.575758
保养,5.8
保有,4.363636
保佑,6.636364
保障,5.592593
保障金,5.583333
保证,6.30303
保值,4.826087
保住,5.515152
鸨母,2.5
堡垒,5.740741
报案,5.708333
报表,5.615385
报仇,6.509804
报酬,6.833333
报答,6.714286
报到,6.153846
报道,6.085
报端,4.416667
报恩,6.090909
报废,6.0
报复,6.558824
报告,6.6
报关,4.25
报国,5.666667
报价,5.042857
报价单,4.269231
报警,6.266667
报刊,6.685714
报考,6.0
报料,4.2
报名,6.48
报批,4.452381
报请,3.347826
报社,5.478261
报失,4.36
报时,6.111111
报收,4.619048
报送,4.32
报销,6.464286
报业,4.12
报纸,6.791667
抱病,4.56
抱残守缺,3.72
抱负,5.90625
抱歉,6.628571
抱拳,5.08
抱头鼠窜,4.444444
抱团,5.73913
抱薪救火,4.285714
抱怨,5.444444
豹子,5.0
鲍鱼,5.591837
暴跌,4.961538
暴动,5.24
暴发,5.607143
暴发户,5.6
暴风,5.795584
暴风雨,6.038462
暴风骤雨,5.407407
暴富,6.045455
暴光,4.904762
暴君,5.535714
暴力,6.296296
暴利,5.375
暴烈,5.5625
暴露,5.846154
暴乱,6.375
暴怒,6.333333
暴虐,6.0
暴晒,5.777778
暴殄天物,4.62963
暴跳,5.962963
暴跳如雷,5.458333
暴雪,5.846154
暴雨,6.076923
暴躁,6.259259
暴涨,5.464286
爆出,4.777778
爆发,6.176471
爆料,6.191489
爆裂,4.666667
爆满,5.36
爆棚,5.391304
爆破,5.407407
爆胎,5.821429
爆炸,6.466667
爆竹,6.178571
杯弓蛇影,5.0
杯盘狼藉,4.833333
杯赛,4.151515
杯水车薪,4.833333
杯子,6.692402
卑鄙,6.708333
卑躬屈膝,5.26087
卑贱,5.62963
卑劣,5.153846
卑微,5.5625
卑职,4.954545
悲哀,6.545455
悲惨,6.285714
悲怆,4.846154
悲愤,6.148148
悲观,6.575758
悲欢离合,5.608696
悲剧,5.76
悲凉,6.153846
悲情,4.565217
悲伤,6.333333
悲叹,5.863636
悲天悯人,4.956522
悲痛,6.514286
悲壮,5.40625
碑文,4.653846
北岸,4.043478
北半球,5.657895
北斗,4.96
北斗星,5.608696
北方,6.69697
北风,6.259259
北极,5.820513
北极光,4.75
北极熊,5.185185
北京,6.607143
北路,4.043478
北门,5.444444
北面,6.25
北区,4.333333
北上,5.461538
北纬,5.26087
北洋,4.416667
贝壳,6.657143
备案,5.25
备份,6.065789
备考,6.0
备课,5.047619
备受,5.130435
备忘录,6.304348
备选,4.985714
备用,5.809524
备战,6.458333
备注,6.272727
背包,6.539286
背部,6.173913
背道而驰,5.192308
背地,6.058824
背负,5.818182
背光,5.130435
背后,6.37037
背脊,5.18
背井离乡,5.489362
背景,6.5
背离,4.666667
背面,5.5
背囊,5.083333
背叛,6.214286
背弃,5.28
背水一战,5.30303
背诵,6.25
背心,6.466667
背信弃义,5.130435
背影,6.366667
背着,5.538462
倍感,5.4
倍受,5.28
倍数,6.230769
倍增,5.4
悖论,5.125
被捕,5.52
被单,5.833333
被动,6.321429
被告,6.428571
被害,5.166667
被迫,6.470588
被褥,6.294118
被套,6.416667
被窝,6.171429
被子,6.692308
辈分,5.888889
辈子,4.875
奔波,5.882353
奔驰,5.925926
奔放,6.5
奔赴,6.051587
奔跑,6.2
奔丧,5.04
奔腾,5.807692
奔走,5.678571
奔走相告,4.84
本案,5.565217
本部,6.0
本地,6.045455
本队,5.022222
本分,6.321429
本该,5.75
本行,5.32
本家,5.607143
本金,5.346154
本剧,4.606061
本刊,4.464286
本科,6.6875
本科生,6.347826
本来,6.657143
本领,6.5
本末倒置,5.5
本能,6.453042
本年,5.302632
本钱,5.801042
本人,6.545455
本色,5.576923
本身,6.222222
本省,5.708333
本事,6.316364
本土,6.533333
本文,5.409091
本息,4.08
本乡,4.75
本校,6.148936
本性,5.723684
本意,5.458333
本院,5.185185
本职,5.471429
本质,6.37037
本周,6.518519
本子,6.68
笨蛋,6.5
笨鸟先飞,5.782609
笨手笨脚,4.958333
笨重,6.441176
笨拙,6.222222
崩溃,5.592593
崩盘,5.26087
崩塌,6.363636
绷带,5.730769
泵站,3.24
迸发,5.971429
迸溅,4.958333
迸裂,5.090909
迸射,4.681818
逼供,4.666667
逼近,5.851852
逼迫,6.1
逼上梁山,4.98
逼真,6.259259
鼻孔,6.411765
鼻梁,6.363636
鼻涕,6.588235
鼻炎,5.777778
鼻子,6.259259
鼻祖,5.566667
匕首,6.088235
比比皆是,5.478261
比对,5.238095
比方,5.576923
比分,6.03125
比划,5.590909
比画,5.03125
比价,5.289474
比肩,4.69697
比较,6.0625
比例,6.396164
比率,4.56
比拟,5.423077
比拼,5.190476
比如,5.518519
比赛,6.714286
比试,5.26087
比武,4.782609
比喻,6.214286
比照,4.393939
比重,6.514286
比作,6.035714
彼岸,4.75
彼此,6.833333
笔耕,4.628571
笔划,5.346154
笔画,6.259259
笔记,6.916667
笔记本,6.55102
笔迹,5.78
笔录,5.44
笔名,5.916667
笔墨,6.076923
笔试,6.374709
笔顺,5.766667
笔挺,4.074074
笔下,5.576923
笔者,5.454545
笔直,6.392857
鄙薄,4.461538
鄙人,5.909091
鄙视,6.222917
鄙夷,5.142857
币值,4.956522
币种,4.090909
必败,5.434211
必备,5.428571
必定,6.75
必将,5.703704
必经,5.478261
必然,6.552139
必胜,5.977778
必修,6.681818
必修课,6.333333
必须,6.5
必需,6.529412
必要,6.181818
毕恭毕敬,5.526316
毕竟,6.285714
毕生,6.583333
毕业,6.628571
毕业生,6.478261
闭关,5.52
闭关锁国,5.130435
闭关自守,4.521739
闭路电视,3.0
闭门思过,4.916667
闭门造车,4.565217
闭目塞听,4.368421
闭幕,5.88
闭幕式,6.230769
闭塞,5.04
庇护,5.52
庇佑,5.346154
陛下,5.928571
毙命,5.304348
婢女,4.68
蓖麻,2.166667
裨益,3.608696
碧波,4.558824
碧空,4.807692
碧蓝,3.92
碧绿,6.222222
碧水,4.285714
弊病,4.55102
弊端,4.962963
壁虎,5.969697
壁画,5.653061
壁垒,4.48
壁球,3.894737
避讳,5.592593
避开,5.892857
避雷针,5.607143
避免,6.470588
避难,4.938776
避让,6.485714
避暑,5.36
避险,5.381579
避孕,5.869565
避重就轻,4.961538
臂膀,5.975556
边陲,4.0
边防,5.458333
边锋,3.88
边际,5.607143
边疆,5.28125
边界,6.222222
边境,6.264706
边框,6.076923
边路,4.666667
边沿,4.826087
边缘,6.323529
边缘化,5.26087
边远,4.444444
编成,4.809524
编程,5.884615
编导,5.197368
编队,3.971429
编号,5.782609
编辑,6.222222
编剧,6.259259
编录,3.76
编码,5.0
编排,4.75
编曲,5.095238
编写,5.48
编译,4.392857
编造,6.214286
编者,5.521739
编织,4.962963
编制,5.318182
编撰,4.708333
编纂,5.083333
蝙蝠,6.6
鞭策,5.564153
鞭打,4.714286
鞭炮,6.40625
鞭辟入里,3.608696
鞭长莫及,4.75
鞭子,6.222222
贬低,6.411765
贬损,3.392857
贬义,6.214286
贬值,5.928571
扁担,5.969697
扁平,5.208333
扁平足,4.04
变本加厉,4.92
变成,5.071429
变得,6.416667
变动,6.272727
变革,5.53125
变更,6.433333
变故,4.703704
变化,6.866667
变化多端,5.452381
变幻,5.592593
变幻莫测,5.391304
变换,6.259259
变脸,6.083333
变量,5.863636
变卖,5.269231
变暖,6.0
变迁,5.954545
变色,5.227273
变身,5.785714
变数,5.304348
变态,5.816327
变通,6.076923
变为,4.6
变现,4.416667
变相,5.952381
变形,5.074074
变性,5.044444
变压器,4.576923
变异,6.178571
变质,5.71875
便餐,5.32
便当,5.784314
便道,3.826087
便饭,6.175
便服,4.583333
便壶,4.222222
便捷,6.411765
便利,6.282222
便秘,5.692308
便民,5.347826
便条,5.6
便衣,6.166667
便宜,6.474815
便于,5.5
便装,6.0
遍布,6.571429
遍地,6.4
遍及,5.863636
遍体鳞伤,5.466667
辨别,6.6
辨认,6.791667
辩才,3.777778
辩护,6.485714
辩解,5.980769
辩论,6.1
辩说,5.617647
辩证,5.571429
辫子,6.666667
标榜,4.692308
标本,6.035714
标兵,5.971429
标尺,4.714286
标的,3.392857
标点,5.958333
标段,3.64
标竿,5.391304
标杆,5.125
标记,6.035714
标价,5.521739
标明,5.928571
标牌,4.708333
标配,5.037037
标签,6.617647
标枪,4.346154
标识,6.071429
标示,4.095238
标题,6.15625
标线,2.884615
标新立异,5.302632
标语,6.470588
标志,6.444444
标致,5.6
标注,6.296296
标准,6.392857
标准时,4.530612
飙车,5.73913
飙升,6.0
飙涨,3.958333
镖客,4.652174
表白,6.392857
表层,4.958333
表达,6.615385
表带,5.434783
表弟,5.913043
表格,6.307692
表决,6.066667
表里不一,5.285714
表里如一,5.73913
表露,6.0
表率,5.533333
表面,6.571429
表明,6.514286
表皮,5.625
表浅,4.969697
表亲,5.454545
表情,6.6
表示,6.274725
表述,5.64
表态,5.4375
表现,6.766667
表象,6.185185
表演,6.766667
表演者,5.833333
表扬,6.769608
表彰,6.464286
表征,5.130435
憋屈,6.142857
别称,5.037037
别出心裁,5.431373
别处,5.807692
别国,4.545455
别具一格,5.409091
别开生面,4.893617
别离,5.1
别名,5.407895
别扭,6.272727
别人,6.571429
别墅,6.148148
别说,6.130435
别提,4.96
别样,5.464286
别有用心,5.705882
别针,5.904762
别致,6.428571
蹩脚,3.84
宾馆,6.352941
宾客,5.84
宾至如归,5.291667
彬彬有礼,4.904762
缤纷,5.68
槟榔,5.578947
濒临,5.892857
濒危,6.035714
殡仪,5.092105
殡葬,4.695652
冰雹,5.12
冰川,5.653846
冰点,4.913043
冰雕,5.52381
冰冻,6.428571
冰毒,4.925926
冰棍,6.235294
冰激凌,5.32
冰块,6.153846
冰冷,5.592593
冰凉,6.192308
冰面,5.612245
冰淇淋,6.041667
冰清玉洁,5.204082
冰糖,5.52381
冰糖葫芦,6.038462
冰天雪地,5.75
冰箱,6.24
冰雪,6.407407
冰镇,5.52
兵不血刃,4.769231
兵不厌诈,5.166667
兵法,4.565217
兵荒马乱,5.434783
兵家,4.223684
兵力,4.703704
兵临城下,4.714286
兵器,5.782609
兵强马壮,5.695652
兵团,5.769231
兵役,5.913043
秉承,3.782609
秉持,5.75
秉公,4.607143
秉性,4.740741
饼干,6.566667
饼子,6.375
禀赋,5.090909
禀告,4.238095
并存,4.956522
并非,6.296296
并购,5.242424
并行,5.043478
并行不悖,3.541667
并驾齐驱,4.538462
并肩,5.851852
并肩作战,5.565217
并进,5.045455
并举,3.692308
并联,4.72
并列,6.331105
并排,6.0
并且,5.8
并入,4.44898
并网,2.461538
并未,5.807692
并用,5.212121
并重,4.318182
病变,5.619048
病床,6.37037
病毒,6.676471
病房,6.636364
病故,5.590909
病患,5.28
病菌,6.285714
病理,4.4
病历,5.458333
病例,5.958333
病魔,5.851852
病情,6.411765
病区,4.76
病人,6.636364
病入膏肓,5.217391
病史,5.807692
病逝,5.521739
病榻,4.789474
病态,5.48
病痛,5.583333
病危,5.695652
病因,5.571429
病友,5.083333
病原体,5.208333
病院,5.428571
病症,6.6
病种,3.916667
摒弃,5.269231
拨打,6.042735
拨付,4.130435
拨款,5.375
拨乱反正,4.695652
拨弄,5.148148
拨通,5.173913
波动,6.173913
波段,4.565217
波及,5.5
波澜,5.3125
波澜壮阔,5.521739
波浪,6.037037
波涛,6.352941
波纹,4.904762
波长,4.428571
波折,5.46125
玻璃,6.357143
玻璃杯,6.0
剥夺,5.928571
剥离,4.592593
剥落,5.28125
剥削,6.333333
菠菜,6.416667
菠萝,6.125
播报,5.730769
播出,5.695652
播发,3.478261
播放,5.96
播音,6.0
播映,5.285714
播种,5.892857
伯伯,6.323529
伯父,5.64
伯乐,5.242165
驳斥,5.52381
驳回,5.384615
驳杂,2.107143
泊车,5.129032
泊位,3.714286
勃然大怒,5.347826
铂金,5.347826
脖子,6.685714
博爱,5.473684
博采众长,4.909091
博彩,4.08
博彩业,4.48
博大,5.181818
博大精深,5.5
博得,4.4
博古通今,5.061224
博客,4.545455
博览,5.913043
博览群书,5.52
博取,5.625
博士,6.321429
博士生,5.96
博文,4.934211
博闻强记,3.585714
博物,4.0
博物馆,5.734694
博学,6.714286
博弈,5.0
博弈论,4.785714
博主,6.2
搏斗,4.269231
搏击,5.4375
跛子,4.958333
补偿,5.9375
补充,6.6
补丁,5.5
补给,5.905
补救,6.485714
补考,6.088235
补课,5.956522
补品,5.703704
补缺,5.14
补时,3.84
补贴,5.62963
补习,6.322304
补习班,5.826087
补助,4.888889
补足,5.291667
捕风捉影,5.08
捕获,6.266667
捕捞,6.0
捕猎,5.28
捕食,6.264706
捕头,4.541667
捕鱼,5.918367
捕捉,6.035714
哺乳,5.84
哺乳类,5.25
哺育,5.607143
不安,6.533333
不白之冤,4.1
不卑不亢,5.391304
不必,6.471561
不便,5.928571
不曾,5.964286
不成体统,5.381579
不耻下问,5.653061
不辞而别,5.36
不错,6.647059
不但,5.333333
不当,4.8
不得,4.964286
不得不,5.69697
不得了,5.6
不得要领,5.583333
不得已,5.695652
不等,4.818182
不动产,4.958333
不动声色,5.347826
不断,6.214286
不对,6.208333
不乏,3.952381
不法,5.333333
不凡,5.68
不妨,5.518519
不菲,4.639175
不服,5.875
不符,5.222222
不甘,5.75
不甘寂寞,5.346939
不敢当,5.307692
不公,6.458333
不共戴天,5.367347
不苟言笑,5.375
不够,5.954545
不顾,5.535714
不顾一切,5.583333
不管,5.884615
不过,6.166667
不寒而栗,5.394737
不行,6.391304
不好,6.043478
不合,5.2
不和,6.464286
不慌不忙,5.590909
不惑之年,4.761905
不羁,5.923077
不及,5.272727
不计,5.5
不计其数,5.515152
不假思索,5.954545
不见,5.87234
不见得,5.589744
不见经传,5.238095
不觉,5.205882
不解,5.565789
不解之缘,4.956522
不仅,6.117647
不近人情,5.041667
不禁,6.366667
不经意,5.869565
不胫而走,4.197368
不久,6.628571
不拘小节,5.666667
不拘一格,5.541667
不绝如缕,4.454545
不绝于耳,4.62963
不均,4.925926
不堪回首,4.714286
不堪设想,5.56
不可告人,5.0
不可救药,5.695652
不可开交,5.636364
不可理喻,5.309524
不可名状,4.958333
不可收拾,5.460526
不可思议,5.84
不可一世,4.8
不可终日,4.608696
不快,5.04
不愧,5.48
不劳而获,5.869565
不了了之,5.155556
不离不弃,5.809524
不理,4.957143
不利,6.0
不良,6.833333
不料,5.111111
不露声色,5.340909
不伦不类,4.88
不论,6.181818
不满,6.5
不毛之地,4.938776
不免,6.0
不妙,5.833333
不明,5.708333
不谋而合,4.84
不能,5.842857
不配,5.575758
不偏不倚,5.391304
不平,6.314286
不平则鸣,4.130435
不期而遇,5.074074
不切实际,6.0
不求甚解,5.0
不屈不挠,5.333333
不忍,6.352941
不容,5.458333
不容置疑,5.428571
不如,6.03125
不辱使命,5.403846
不三不四,5.607143
不善,5.416667
不少,5.78
不慎,5.0
不声不响,5.515152
不省人事,5.12
不胜其烦,4.904762
不时,5.954545
不适,5.5
不说,5.619048
不俗,4.37037
不速之客,5.086957
不通,4.875
不同,6.08
不同凡响,5.48
不妥,5.48
不畏,4.58
不闻不问,6.047619
不息,5.333333
不惜,6.090909
不相上下,5.627451
不详,4.958333
不祥,5.52
不像话,5.268817
不屑,5.807692
不屑一顾,5.565217
不懈,5.90625
不幸,5.766667
不休,4.541667
不修边幅,5.904762
不朽,6.5
不锈钢,6.090909
不许,6.259259
不学无术,5.740741
不言而喻,5.0
不厌其烦,5.638298
不一,3.565217
不一而足,3.878788
不一会,5.92
不依不饶,4.761905
不宜,5.6
不遗余力,5.565217
不以为然,5.782609
不义之财,4.521739
不易,5.371134
不翼而飞,5.458333
不由得,5.777778
不由分说,4.528571
不由自主,5.028571
不予,4.956522
不育,5.613636
不约而同,5.666667
不孕,5.652174
不再,6.666667
不在乎,5.708333
不在话下,5.52381
不择手段,5.730769
不折不扣,5.461538
不着边际,5.681818
不争,4.6
不正之风,4.807692
不只,5.5625
不知,5.0
不知不觉,6.041667
不知所措,5.818182
不止,6.636364
不至于,6.0
不治之症,5.304348
不置可否,5.020408
不中,4.806452
不住,4.809524
不准,5.818182
不自量力,5.074074
不足,6.69697
不足挂齿,5.333333
不足为奇,5.44
不足为训,3.956522
布点,3.736842
布丁,5.434783
布告,3.53125
布告栏,4.826087
布景,6.107143
布局,5.428571
布料,5.826087
布满,5.971429
布匹,5.56
布施,3.846154
布鞋,5.92
布衣,4.776316
布展,3.653846
布阵,4.478261
布置,5.96
步兵,4.947368
步步为营,5.166667
步道,5.434783
步伐,6.542857
步行,6.785714
步履,5.911765
步枪,6.464286
步人后尘,5.177778
步入,5.384615
步骤,6.543651
步子,6.142857
部队,5.923077
部分,5.925926
部件,6.212121
部落,6.111111
部门,6.7
部首,6.147059
部署,4.481481
部位,5.64
部下,5.08
部长,5.28
擦亮,4.939394
擦伤,5.772727
擦拭,5.041667
猜测,5.65625
猜忌,6.176471
猜想,5.76
才干,6.045455
才华,6.636364
才华横溢,5.652174
才俊,5.321429
才貌,5.5
才能,5.576923
才女,5.954545
才气,5.65625
才疏学浅,5.24
才艺,6.571429
才智,6.04
才子,4.96
材料,6.666667
材质,5.916667
财产,6.0
财大气粗,5.666667
财富,6.407407
财经,5.933333
财力,6.095238
财迷心窍,4.64
财神,6.346154
财团,3.956522
财务,5.62963
财物,6.411765
财险,4.52381
财政,6.142857
财主,5.538462
裁定,5.363636
裁缝,6.117647
裁剪,5.75
裁决,6.228571
裁判,5.814815
裁员,5.272727
采编,4.6
采伐,4.48
采访,6.2
采风,4.907895
采购,6.038462
采光,5.347826
采集,6.37037
采掘,4.32
采矿,5.255319
采纳,6.628571
采暖,4.592593
采取,6.083333
采写,4.32
采样,4.92
采用,6.657143
采摘,6.0
彩灯,5.961538
彩电,5.869565
彩虹,6.518519
彩绘,6.4
彩民,3.851852
彩排,5.72
彩票,6.428571
彩色,6.518519
彩霞,6.382353
踩点,5.304348
踩踏,5.416667
菜场,6.130435
菜单,6.12
菜刀,6.071429
菜地,5.657143
菜价,5.7
菜苗,5.666667
菜鸟,5.791667
菜农,5.306122
菜品,5.96
菜谱,6.076923
菜市场,6.0
菜肴,6.333333
菜园,6.757576
参拜,5.26087
参半,4.25
参保,4.666667
参差,5.1875
参差不齐,4.86
参股,4.652174
参观,6.0
参会,4.84
参加,6.558824
参见,5.14
参军,6.035714
参考,6.666667
参谋,5.444444
参评,5.173913
参赛,6.607143
参赛者,5.826087
参事,3.423077
参数,6.285714
参天,5.142857
参选,5.175439
参演,5.68
参与,6.269231
参与感,5.708333
参赞,3.514286
参展,4.666667
参战,4.619048
参照,6.428571
餐刀,5.538462
餐馆,6.4
餐具,5.916667
餐厅,6.6
餐饮,6.130435
餐桌,6.307692
残败,4.96875
残暴,5.467857
残兵败将,5.423077
残存,5.6
残废,6.454545
残骸,4.114286
残害,6.0
残疾,5.72
残疾人,5.166667
残酷,5.383191
残留,6.466667
残破,6.037037
残缺,5.764286
残忍,6.352941
残杀,5.346939
残阳,4.7125
残余,5.115385
残垣断壁,5.142857
残障,4.56
蚕豆,5.541667
蚕食,4.375
惭愧,6.606061
惨案,5.115385
惨白,6.294118
惨败,5.416667
惨不忍睹,5.653061
惨淡,5.666667
惨叫,5.72
惨剧,5.0
惨烈,5.28125
惨痛,5.444444
惨无人道,5.0
惨遭,5.392857
惨重,5.36
灿烂,6.514286
仓储,5.47619
仓促,5.5
仓皇,5.36
仓惶,4.28
仓库,6.588235
仓鼠,5.818182
仓位,4.618421
苍白,5.925926
苍翠,4.766667
苍劲,4.36
苍老,5.846154
苍凉,6.545455
苍茫,5.607143
苍穹,5.676471
苍天,6.25
苍蝇,6.441176
苍郁,4.628571
沧海,5.416667
沧海桑田,5.416667
沧海一粟,4.921053
沧桑,6.0
藏家,3.041667
藏龙卧虎,5.925926
藏匿,5.318182
藏品,5.678571
藏身,5.6
藏书,6.035714
藏污纳垢,5.255319
藏族,5.5
操办,4.695652
操场,6.727273
操控,5.04
操劳,5.928571
操练,5.5
操盘,5.04
操守,4.851852
操心,6.384615
操之过急,5.4
操纵,5.962963
操作,5.6875
糙米,4.5
嘈杂,5.75
草案,4.21875
草场,5.62963
草丛,5.32
草地,6.791667
草稿,5.952381
草根,5.54
草菅人命,5.714286
草芥,4.047619
草率,5.47619
草莓,6.939394
草木,6.079545
草木皆兵,5.681818
草皮,4.342857
草坪,6.685714
草书,5.941176
草滩,3.636364
草图,4.909091
草鞋,4.56
草药,5.772727
草原,6.16
草纸,5.772727
册封,4.68
册子,5.9
厕所,6.928571
侧面,6.214286
侧身,5.575758
侧重,5.954545
测定,5.555556
测绘,4.36
测量,6.514286
测评,6.657143
测试,6.4
测算,4.62963
测验,6.321429
策动,4.136364
策划,5.346154
策略,6.214286
层层,4.857143
层出不穷,5.333333
层次,6.4
层叠,4.964286
层级,4.318182
层面,6.341492
曾经,6.8
曾祖,5.04
叉子,5.954545
插班,5.125
插班生,4.961538
插队,6.0
插话,5.6
插曲,5.708333
插入,5.954545
插手,5.478261
插图,5.964286
插秧,6.333333
插嘴,6.441176
插座,6.678571
茶杯,5.855263
茶点,5.911111
茶馆,5.153846
茶壶,5.72
茶花,5.02
茶几,5.541667
茶水,6.083333
茶叶,5.942857
茶余饭后,5.347826
茶园,5.185185
查案,5.24
查办,5.458333
查出,5.285714
查处,5.0
查到,5.954545
查访,5.181818
查封,5.136364
查核,4.041667
查获,6.058824
查看,6.7
查扣,3.6
查明,5.318182
查清,4.708333
查实,4.782609
查问,5.0
查询,6.617647
查验,5.478261
查阅,5.608696
查找,6.657143
查证,4.958333
察觉,6.214286
察看,6.071429
察言观色,5.4
岔开,4.428571
岔路,5.255319
刹车,5.657143
刹那,5.380952
刹那间,5.545455
诧异,6.0625
差别,5.65625
差不多,6.285714
差错,5.8
差点,6.407407
差额,4.703704
差价,5.347826
差劲,5.892857
差距,6.529412
差强人意,5.22449
差事,5.08
差异,5.909091
差役,4.128571
姹紫嫣红,5.681818
拆除,5.705882
拆掉,5.541667
拆分,5.2
拆毁,5.583333
拆解,4.92
拆借,4.423077
拆开,5.08
拆迁,6.0
拆散,6.352941
拆卸,5.52381
柴草,4.222222
柴火,5.608696
柴油,5.04
豺狼,4.392857
掺杂,5.928571
搀扶,5.53125
搀杂,4.826087
谗言,4.961538
婵娟,4.925926
馋嘴,5.708333
禅师,5.130435
禅修,4.16
孱弱,3.92
缠绵,4.72
缠绕,6.090909
缠身,5.727273
蝉联,4.649123
蝉鸣,5.227273
蟾蜍,5.481481
产出,5.393939
产地,5.565217
产妇,6.122807
产假,5.36
产科,4.814815
产量,5.416667
产品,6.444444
产区,4.038462
产权,5.54
产生,6.166667
产物,6.058824
产销,4.76
产业,5.12
产值,5.0
谄媚,5.642857
铲除,5.911765
铲子,6.5
阐明,5.545455
阐释,4.666667
阐述,6.366667
忏悔,6.088235
颤动,6.114286
颤抖,5.259259
颤栗,4.916667
颤巍巍,3.971429
颤悠,3.888889
昌盛,5.64
猖獗,5.0
猖狂,5.646429
娼妓,4.571429
肠道,5.828947
肠胃,6.407407
尝尝,5.791667
尝到,5.515152
尝试,6.230769
常常,6.607143
常规,5.875
常见,6.08
常客,5.695652
常理,5.578947
常年,6.411765
常人,5.818182
常任,5.043478
常识,6.62963
常事,4.885714
常态,5.458333
常温,5.92
常务,4.304348
常用,6.08
常驻,5.375
偿付,4.590909
偿还,5.6
偿债,4.869565
徜徉,5.666667
嫦娥,6.357143
厂房,5.043478
厂家,6.294118
厂区,4.52
厂商,5.0
厂长,5.956522
厂子,4.875
场场,4.26
场次,5.541667
场地,6.571429
场馆,5.925926
场合,6.205882
场景,6.633333
场面,6.037037
场所,6.529412
场站,4.583333
敞开,6.484848
敞亮,5.9
怅然,4.5
畅快,5.595745
畅所欲言,6.0
畅谈,6.382353
畅通,5.75
畅通无阻,5.846154
畅享,5.575758
畅想,5.56
畅销,5.88
畅游,5.576923
倡导,6.833333
倡议,5.777778
唱段,3.688889
唱歌,6.818182
唱和,5.085714
唱片,5.269231
唱腔,5.136364
唱戏,5.28
抄查,4.666667
抄底,4.076923
抄家,4.741935
抄袭,6.575758
抄写,6.714286
钞票,6.785714
绰绰有余,5.531915
绰号,5.961538
超薄,5.969697
超标,6.1
超常,5.823529
超车,6.167708
超出,6.173913
超大,5.608696
超跌,3.0
超额,5.875
超高,5.75
超过,6.555556
超乎,5.26087
超级,6.5
超龄,5.181818
超模,5.083333
超前,6.375
超强,6.148148
超群,4.96
超人,4.914286
超声,4.918367
超市,6.84
超速,6.178571
超新星,4.434783
超音速,4.25
超员,5.30303
超越,5.684211
超载,5.939394
超支,5.24
超值,5.826087
超重,5.478261
巢穴,6.363636
朝拜,3.5
朝不保夕,4.541667
朝代,6.6
朝发夕至,3.6
朝方,4.384615
朝晖,4.681818
朝见,4.409091
朝令夕改,3.64
朝气,5.695652
朝气蓬勃,5.42
朝秦暮楚,3.69697
朝三暮四,5.130435
朝圣,4.333333
朝廷,5.888889
朝夕,5.782609
朝夕相处,5.08
朝霞,5.72
朝鲜,5.695652
朝向,5.2
朝阳,5.740741
朝着,6.166667
嘲讽,6.708333
嘲弄,5.32
嘲笑,6.5
潮流,6.575758
潮湿,6.791667
潮水,6.3
潮头,2.92
潮汐,4.88
潮汛,5.575758
吵架,6.4
吵闹,6.875
吵嚷,5.428571
炒菜,6.384615
炒饭,5.761905
炒股,5.5
炒鱿鱼,5.82
炒作,6.5
车程,5.208333
车窗,6.666667
车次,4.666667
车道,5.346154
车灯,5.913043
车队,6.095238
车费,6.304348
车行,5.163265
车祸,5.891026
车间,5.083333
车库,5.92
车况,4.913043
车辆,6.791667
车流,5.5
车轮,6.208333
车轮战,4.96
车门,5.875
车迷,4.909091
车牌,5.958333
车票,6.166667
车身,5.708333
车市,4.909091
车手,5.52381
车水马龙,5.782609
车速,5.8
车胎,6.153846
车体,3.636364
车头,5.24
车尾,5.142857
车位,5.9
车厢,6.0
车箱,5.565217
车型,5.761905
车友,5.071429
车载,5.041667
车载斗量,4.416667
车站,6.571429
车长,3.892857
车主,5.608696
车子,5.939394
扯谎,4.333333
扯皮,4.911111
彻查,5.545455
彻底,5.92
彻头彻尾,5.2
彻夜,6.428571
掣肘,4.090909
撤兵,5.35
撤出,5.0
撤回,5.833333
撤离,6.708333
撤诉,5.423077
撤退,6.428571
撤销,6.266667
撤职,5.15625
撤走,5.242424
臣服,5.347826
臣民,5.263158
尘埃,6.185185
尘封,5.391304
尘土,6.392857
沉船,5.071429
沉甸甸,5.5
沉淀,6.5
沉浮,4.821429
沉积,5.04
沉寂,5.464286
沉降,4.848485
沉浸,5.375
沉静,5.666667
沉没,6.625
沉闷,6.0625
沉迷,6.352941
沉默,6.407407
沉睡,6.115385
沉思,6.382353
沉痛,5.794118
沉稳,6.428571
沉吟,6.028571
沉鱼落雁,5.608696
沉着,6.441176
沉重,6.294118
沉醉,5.769231
陈陈相因,3.307692
陈词滥调,4.47619
陈腐,3.956522
陈规陋习,4.154639
陈旧,6.178571
陈列,6.191176
陈列室,3.961538
陈年,4.481481
陈皮,5.041667
陈设,6.176471
陈述,6.633333
晨报,5.618421
晨光,5.88
晨练,6.190476
晨曦,5.681818
衬衫,6.592593
衬托,6.142857
衬衣,6.375
趁火打劫,5.791667
趁机,6.333333
趁热打铁,5.545455
趁早,6.076923
称霸,5.166667
称道,5.222222
称号,6.144841
称呼,6.771429
称颂,5.16
称为,5.911765
称谓,5.347826
称心,5.62963
称赞,6.12
称职,6.875
称作,5.285714
撑腰,5.695652
成败,5.934211
成倍,5.76
成本,6.24
成才,5.589744
成分,6.617647
成功,6.733333
成果,6.5
成行,5.428571
成吉思汗,5.22
成绩,6.518519
成家,5.52381
成家立业,5.442857
成见,5.863636
成交,6.04
成就,6.708333
成立,5.933333
成名,6.192308
成名作,5.821429
成年,6.576923
成年累月,5.368421
成年人,6.545455
成片,5.192308
成品,6.045455
成千上万,6.217391
成亲,5.964286
成全,5.923077
成群,5.0
成群结队,6.192308
成人,6.606061
成人之美,5.416667
成色,5.833333
成熟,6.34375
成套,5.347826
成为,5.888889
成像,4.530612
成效,6.791667
成形,5.375
成型,5.043478
成衣,4.458333
成因,5.407407
成瘾,4.958333
成语,6.647059
成员,6.628571
成长,6.681818
成竹在胸,4.73913
丞相,4.92
呈报,4.208333
呈现,5.928571
诚惶诚恐,5.272727
诚恳,6.590909
诚然,6.2
诚实,6.683333
诚心,6.321429
诚信,6.555556
诚意,6.148148
诚挚,5.910256
承办,5.72
承包,6.791667
承包商,5.625
承保,5.0
承担,6.566667
承兑,3.333333
承继,4.074074
承建,4.727273
承接,4.96
承揽,4.62
承蒙,5.272727
承诺,6.178571
承前启后,4.884615
承认,6.555556
承上启下,5.958333
承受,6.5
承受力,5.52
承运,4.238095
承载,5.692308
承租,4.043478
城堡,6.916667
城池,5.375
城际,4.791667
城建,4.043478
城郊,5.375
城楼,5.666667
城门,6.088235
城墙,5.666667
城区,5.901961
城市,6.5
城下之盟,3.333333
城乡,6.374074
城镇,6.5
乘车,5.871429
乘船,5.291667
乘法,6.571429
乘风破浪,5.791667
乘机,5.64
乘积,6.037037
乘客,6.409091
乘凉,6.166667
乘人之危,5.727273
乘数,5.035714
乘虚而入,5.458333
乘员,5.555556
乘坐,6.296296
程度,6.230769
程式,3.076923
程序,6.464286
惩处,5.205556
惩罚,6.636364
惩戒,5.807692
惩前毖后,2.88
惩治,5.153846
澄澈,6.0
澄清,6.434938
橙色,6.532143
橙汁,6.592593
逞能,5.037037
逞强,5.12
秤砣,5.083333
吃法,5.333333
吃饭,6.769231
吃喝玩乐,6.608696
吃紧,4.333333
吃惊,6.484848
吃苦,6.071429
吃苦耐劳,5.821429
吃亏,5.846154
吃里爬外,5.12
吃力,6.285714
吃水,3.608696
嗤之以鼻,4.934211
痴呆,6.352941
痴迷,5.678571
痴情,6.148148
痴人说梦,5.0
痴心,5.985714
痴心妄想,6.037037
池水,4.565217
池塘,6.2
池子,5.478261
弛缓,4.708333
驰骋,5.678571
驰名,5.441176
驰名中外,5.590909
迟迟,5.64
迟到,6.666667
迟钝,6.5
迟缓,6.708333
迟疑,6.535714
迟早,6.333333
持仓,4.958333
持股,4.73913
持久,6.5
持平,5.045455
持枪,4.44
持球,2.73913
持械,4.115385
持续,6.133333
持续性,5.795918
持有,5.708333
持证,5.36
持之以恒,5.541667
尺寸,6.307692
尺度,6.123775
尺子,6.666667
齿轮,4.979592
耻辱,5.52849
耻笑,6.066667
叱咤风云,5.615385
斥责,5.307692
斥资,4.52
赤膊,5.588235
赤胆忠心,5.04
赤道,5.514245
赤脚,5.56
赤裸,6.066667
赤裸裸,5.608696
赤贫,3.686275
赤手空拳,5.28
赤子,4.333333
赤字,4.826087
赤足,4.608696
炽烈,4.8125
炽热,6.035714
翅膀,6.481481
冲刺,6.533333
冲动,5.48
冲锋,5.36
冲锋陷阵,5.086957
冲高,3.0
冲击,6.481481
冲击波,5.190476
冲击力,5.391304
冲劲,4.64
冲浪,5.714286
冲力,5.026316
冲破,4.88
冲刷,6.484848
冲天,5.347826
冲突,5.444444
冲洗,6.107143
冲撞,5.878788
冲走,5.565217
充斥,5.125
充当,6.485714
充电,6.43661
充电器,6.347826
充耳不闻,4.863636
充分,6.222222
充公,4.642857
充饥,4.88
充军,4.44
充满,5.8
充沛,5.71875
充气,5.678571
充塞,4.44
充实,6.4
充数,5.24
充血,5.615385
充溢,5.7
充裕,5.96
充值,6.678571
充足,6.464286
憧憬,6.192308
虫卵,5.576923
虫子,6.0
崇拜,6.136364
崇高,6.0
崇敬,6.2
崇山峻岭,5.727273
崇尚,5.928571
宠爱,5.875
宠儿,5.16
宠辱不惊,4.96
宠物,6.676471
抽查,5.3
抽出,5.653846
抽搐,5.852941
抽风,5.666667
抽检,4.954545
抽奖,5.571429
抽筋,5.88
抽空,6.185185
抽泣,6.0
抽签,6.464286
抽取,5.791667
抽水,5.192308
抽屉,6.24
抽调,4.875
抽象,6.333333
抽血,5.913043
抽烟,5.863636
抽样,4.84
抽噎,4.807692
仇敌,4.592593
仇恨,5.823529
仇人,5.038462
仇视,5.363636
惆怅,5.5625
绸缎,5.4
酬唱,3.814815
酬劳,5.52
酬谢,6.333333
稠密,4.88
愁苦,5.19
愁眉苦脸,5.565217
愁闷,6.30303
愁容,4.814815
筹办,6.214286
筹备,5.529412
筹措,4.47619
筹划,6.0
筹集,5.777778
筹建,5.714286
筹款,5.304348
筹码,6.4
筹资,4.928571
踌躇,5.481481
踌躇满志,4.956522
丑八怪,5.719298
丑恶,6.255952
丑化,5.0
丑话,5.285714
丑陋,5.846154
丑事,5.782609
丑态,5.416667
丑态百出,4.833333
丑闻,6.357143
臭名远扬,5.25
臭名昭著,4.642857
臭气,5.48
臭味,6.090909
臭味相投,5.208333
臭氧,5.571429
臭氧层,5.078431
出版,6.178571
出版社,5.72
出殡,5.038462
出兵,5.173077
出彩,4.7
出差,5.692308
出产,6.606061
出厂,4.88
出场,5.464286
出车,5.02
出城,5.409091
出丑,6.25
出处,4.857143
出错,5.75
出道,6.321429
出动,6.428571
出尔反尔,5.387097
出发,6.764706
出发点,5.521739
出访,5.6
出风头,5.521739
出港,5.428571
出轨,6.095238
出国,5.666667
出海,6.147059
出行,6.269231
出航,5.144737
出乎,5.590909
出乎意料,6.0
出击,5.904762
出家,6.085714
出价,5.818182
出嫁,5.6
出将人相,4.130435
出界,5.296296
出警,5.565217
出境,5.535714
出镜,5.36
出局,6.09375
出具,4.321429
出口,5.703704
出口成章,5.296296
出类拔萃,5.576923
出力,6.533333
出炉,5.75
出路,6.259259
出马,4.028571
出卖,5.46875
出没,5.37037
出门,6.074074
出面,5.8125
出名,5.875
出谋划策,5.076923
出纳员,4.375
出品,5.363636
出其不意,5.636364
出奇,5.928571
出奇制胜,5.545455
出勤,5.892857
出去,6.628571
出让,5.060606
出人头地,5.333333
出任,5.5
出入,6.6
出入境,4.916667
出色,6.833333
出山,6.125
出身,5.970588
出神,5.64
出神入化,5.25
出生,6.454545
出生率,5.28
出生入死,5.740741
出使,6.235294
出示,5.625
出世,5.5
出事,5.653846
出手,5.76
出售,6.636364
出台,5.038462
出逃,5.125
出庭,5.38
出头,5.538462
出头露面,5.666667
出土,5.294118
出息,6.75
出席,6.111111
出现,6.466667
出线,4.442857
出血,5.666667
出演,5.222222
出游,5.681818
出于,6.0
出狱,5.24
出浴,5.892857
出院,5.653846
出战,5.652174
出诊,6.142857
出征,5.0
出众,6.382353
出资,4.375
出自,5.977778
出走,6.392857
出租,6.545455
出租车,5.666667
初版,5.035714
初步,5.734545
初出茅庐,5.740741
初次,5.695652
初稿,5.541667
初级,5.32
初具,3.904762
初恋,6.040541
初赛,5.444444
初审,4.714286
初试,5.954545
初选,5.363636
初中,6.657143
初中生,5.76
初衷,5.891429
除暴安良,4.782609
除草,5.75
除掉,5.269231
除恶,5.473684
除恶务尽,4.719298
除法,6.571429
除非,6.5
除了,6.545455
除去,5.888889
除外,5.375
除夕,6.577652
厨房,6.32
厨具,6.214286
厨师,6.8
厨艺,6.529412
锄头,5.863636
雏菊,4.916667
雏鸟,5.347826
雏形,5.173913
橱窗,6.5
橱柜,5.855263
储备,5.333333
储藏,5.846154
储存,6.03125
储户,4.416667
储君,4.515152
储量,4.851852
储物,5.057143
储蓄,6.088235
楚楚动人,5.125
楚歌,4.346154
处处,5.5
处罚,6.515152
处方,5.571429
处分,5.888889
处级,2.583333
处警,3.619048
处境,5.192308
处理,6.441176
处理器,5.714286
处女,6.0
处女作,5.208333
处世,5.653846
处事,5.26087
处暑,5.0
处心积虑,5.636364
处刑,4.458333
处以,4.102564
处于,6.2
处在,4.821429
处长,5.714286
处置,5.423077
畜牧,5.319149
畜牧业,5.666667
畜禽,5.391304
畜生,6.323529
触底,4.347826
触电,5.54
触动,5.807692
触发,6.083333
触犯,5.247863
触及,5.666667
触角,5.24
触觉,6.628571
触景生情,5.64
触类旁通,5.0
触摸,6.441176
触目惊心,5.583333
触碰,5.708333
触手,5.043478
矗立,5.192308
揣测,4.827957
揣摩,5.545455
川菜,6.375
川剧,5.12
川流不息,5.301075
穿插,4.7
穿戴,6.791667
穿过,5.608696
穿行,6.192308
穿梭,5.6
穿透,5.666667
穿衣,6.227273
穿越,5.6875
穿凿附会,3.765306
穿着,6.588235
穿针引线,5.541667
传遍,5.16
传播,6.5
传唱,5.315789
传承,6.321429
传出,5.0
传达,5.518519
传单,5.969697
传导,4.782609
传到,5.222222
传递,6.37037
传动,3.043478
传给,5.478261
传呼机,4.952381
传唤,5.454545
传回,5.285714
传记,5.92
传开,5.212121
传来,5.521739
传令,4.276596
传媒,5.892857
传票,4.464286
传奇,6.333333
传情,5.5
传球,5.708333
传染,6.192308
传染病,5.710526
传热,4.9
传人,5.703704
传入,4.714286
传神,6.148148
传世,5.04
传授,6.411765
传输,6.5
传说,6.271875
传送,6.3
传颂,6.071429
传统,6.714286
传闻,6.633333
传销,5.393939
传言,5.909091
传真,5.495879
传中,3.757576
传宗接代,5.755556
船舶,5.980952
船舱,5.037037
船队,4.84
船夫,5.307692
船桨,5.5625
船票,5.589744
船体,4.319588
船桅,4.576923
船坞,3.959184
船舷,4.96
船员,5.571429
船长,5.8125
船只,6.3
船主,5.291667
喘气,6.153846
喘息,6.111111
串连,4.77551
串联,5.244898
串门,5.391304
串通,6.272727
串通一气,5.473684
窗户,6.771429
窗口,6.48
窗帘,6.733333
窗台,6.409091
床单,6.607143
床垫,6.090909
床头,6.382353
床位,6.491402
闯荡,5.259259
闯祸,5.695652
闯进,6.083333
闯入,5.526316
创办,6.352941
创出,5.355263
创建,5.84
创举,6.133333
创刊,4.375
创刊号,3.673469
创口,4.461538
创立,5.8
创伤,5.68
创设,4.32
创始,6.035714
创始人,6.238095
创世,4.346154
创收,4.708333
创下,5.125
创新,5.982194
创业,5.657407
创意,6.192308
创造,6.519048
创造力,6.074074
创作,6.25
吹风机,6.142857
吹拂,5.3125
吹毛求疵,5.130435
吹牛,5.72
吹捧,5.943122
吹嘘,5.340456
吹奏,6.454545
炊具,5.304348
炊烟,5.758182
垂钓,5.194444
垂帘听政,3.73913
垂柳,6.666667
垂青,5.811905
垂死,6.235294
垂头丧气,5.0
垂危,5.5275
垂涎,5.125
垂涎欲滴,4.708333
垂直,6.333333
捶背,6.0
捶胸顿足,4.434783
锤炼,5.5625
锤子,6.392857
春蚕,4.814815
春潮,5.314286
春分,6.264706
春风,6.558824
春风得意,5.333333
春风化雨,5.153846
春耕,5.118421
春光,5.9
春光明媚,5.515152
春寒料峭,3.151515
春季,6.678571
春节,6.259259
春联,6.458333
春暖花开,5.964286
春秋,6.414815
春色,5.59375
春天,6.714286
春药,4.73913
春意盎然,5.090909
春游,6.285714
春雨,6.045455
春运,5.666667
纯粹,5.84
纯洁,6.038462
纯金,5.28
纯净,6.633333
纯净水,5.979592
纯朴,6.0
纯情,5.272727
纯熟,5.518519
纯属,5.244898
纯真,6.6
纯正,5.661875
唇齿相依,4.346154
唇膏,5.84
唇枪舌剑,4.695652
唇舌,5.971429
唇亡齿寒,5.37037
淳朴,5.8
醇厚,6.266667
醇美,4.59375
醇香,5.708333
蠢材,5.521739
蠢蠢欲动,4.957143
蠢事,6.037037
戳穿,5.518519
啜泣,5.281481
辍学,4.857143
词典,6.25
词汇,6.51049
词句,6.285714
词语,5.407407
祠堂,5.296296
瓷器,6.0
瓷砖,5.833333
辞别,5.085714
辞典,5.733333
辞行,5.185185
辞令,3.958333
辞去,4.96
辞世,4.038462
辞退,6.171429
辞职,6.035714
慈爱,6.252747
慈悲,5.555556
慈眉善目,5.08
慈母,6.37037
慈善,6.363095
慈祥,6.3
磁场,5.347826
磁碟,3.111111
磁共振,4.153846
磁卡,4.5
磁力,5.0
磁铁,6.071429
磁性,6.176471
雌性,6.457143
此行,4.47619
此后,5.314286
此刻,5.919375
此时,6.090909
此外,5.24
此致,4.28
次等,4.269231
次货,4.243243
次级,3.962963
次日,6.038462
次数,5.743243
次席,3.291667
次序,6.416667
次要,5.24
刺鼻,5.5
刺刀,6.285714
刺耳,5.12
刺骨,6.466667
刺激,6.035714
刺杀,5.125
刺伤,5.513158
刺探,4.458333
刺痛,5.057143
刺猬,6.152381
刺绣,4.923077
刺眼,5.545455
赐福,4.36
赐教,5.851852
赐予,6.424242
匆匆,6.285714
匆忙,5.444444
葱翠,4.125
葱茏,4.272727
葱绿,6.090909
葱郁,5.357143
聪慧,5.88
聪明,6.44
聪颖,5.772727
从不,6.470588
从此,6.392857
从而,5.76
从军,5.111111
从来,5.56
从良,4.782609
从前,6.607143
从容,6.318182
从容不迫,5.071429
从善如流,4.727273
从事,6.3
从天而降,5.12
从头,5.787407
从小,6.416667
从严,4.833333
从业,6.178571
从业员,5.083333
从一而终,5.851852
从早到晚,6.017544
从长计议,5.62963
从政,5.608696
从中,5.777778
丛林,5.8
丛生,4.5
丛书,6.028571
凑合,5.966667
凑近,5.56
凑巧,6.4
凑数,5.375
粗暴,5.962963
粗鄙,5.038462
粗糙,6.4
粗大,5.96875
粗放,4.84
粗犷,5.882353
粗陋,5.954545
粗鲁,6.392857
粗略,6.416667
粗疏,5.533333
粗俗,6.294118
粗细,6.3
粗心,6.5
粗心大意,6.285714
粗野,4.46875
粗枝大叶,5.16
粗制滥造,5.269231
粗重,6.235294
粗壮,5.592593
促成,5.5625
促进,6.457143
促使,6.407407
促销,6.119792
猝然,5.428571
猝死,5.6
醋意,5.434783
簇拥,5.785714
窜改,4.428571
篡夺,5.142857
篡改,5.192308
催促,6.178571
催化,4.88
催泪弹,4.438596
催眠,5.625
催人泪下,5.478261
催生,4.545455
摧残,5.916667
摧毁,5.884615
摧枯拉朽,4.826087
璀璨,5.56
脆弱,6.481481
翠绿,5.233516
翠玉,4.94
翠竹,4.851852
村村,2.96
村官,5.086957
村级,4.428571
村落,5.821429
村民,6.030303
村寨,4.869565
村长,6.1
村镇,5.875
村庄,6.230769
村子,5.826087
存储,6.5
存单,4.083333
存档,6.045455
存放,6.5
存活,6.566667
存货,4.961538
存款,6.642857
存量,4.217391
存入,5.047619
存亡,5.36
存疑,5.814815
存有,4.692308
存在,6.757576
存折,6.75
寸步不离,5.769231
寸步不让,5.714286
寸步难行,5.583333
寸草不生,5.2
搓洗,6.0
磋商,4.153846
撮合,5.12
蹉跎,4.956522
蹉跎岁月,5.25
挫败,5.56
挫伤,4.708333
挫折,6.470588
措辞,5.636364
措施,6.733333
措手不及,5.185185
锉刀,3.652174
错案,4.038462
错别字,6.0
错峰,4.878788
错怪,6.09375
错过,5.481481
错觉,6.461538
错落有致,4.571429
错失,6.090909
错位,4.75
错误,6.714286
耷拉,4.294118
搭车,6.0
搭乘,5.923077
搭档,6.714286
搭建,5.884615
搭救,5.7
搭配,6.185185
搭讪,5.571429
搭载,5.28
达标,5.5625
达成,5.857143
达到,6.083333
达观,3.742857
达官贵人,5.478261
达人,5.642857
答案,6.703704
答辩,6.628571
答道,5.590909
答非所问,5.697368
答复,5.962963
答卷,6.166667
答谢,6.333333
答疑,5.510638
答应,6.3125
打败,6.514286
打扮,6.617647
打包,5.5
打抱不平,5.592593
打草惊蛇,5.458333
打车,6.214286
打成,4.36
打打,4.12
打倒,5.84
打点,5.030303
打电话,6.333333
打动,5.75
打斗,5.714286
打赌,5.565217
打断,6.492424
打盹,6.107143
打发,6.259259
打法,5.565217
打分,6.030303
打更,4.555556
打工,6.705882
打鼓,5.592105
打官司,5.772727
打滚,6.133333
打寒噤,5.454545
打滑,5.515152
打火,5.166667
打火机,5.954545
打击,6.363636
打家劫舍,4.314286
打架,5.730769
打交道,5.848485
打搅,6.192308
打劫,5.72
打开,6.642857
打蜡,5.318182
打捞,5.771818
打雷,5.8
打理,6.136364
打量,5.625
打猎,6.133333
打乱,5.769231
打骂,5.142857
打磨,5.625
打闹,6.6
打拍子,5.434783
打牌,6.0
打拼,5.75
打破,5.714286
打起,4.32
打气,5.72
打球,6.030303
打趣,5.434783
打拳,5.047619
打扰,6.777778
打入,5.086957
打扫,6.676471
打手,5.26087
打算,6.733333
打碎,5.608696
打探,5.178571
打听,5.96
打通,5.608696
打下,4.347826
打响,5.541667
打消,5.464286
打压,5.52381
打烊,5.4
打印,6.676471
打印机,5.695652
打游击,5.56
打造,5.48
打仗,5.666667
打招呼,6.142857
打折,6.6
打针,6.222222
打中,5.954545
打主意,5.652174
打转,5.75
打字,6.44
打坐,4.5
大爱,5.416667
大巴,5.909091
大坝,6.0
大班,5.347826
大半,6.142857
大饱眼福,4.875
大便,6.558824
大不了,5.875
大步,5.878788
大步流星,4.56
大部,4.34
大材小用,5.96
大餐,6.2
大肠,5.571429
大潮,5.090909
大车,5.826087
大臣,5.36
大吃大喝,5.652174
大吃一惊,5.958333
大单,4.363636
大胆,6.178571
大刀阔斧,4.821429
大道,5.4375
大道理,5.73913
大抵,5.970588
大地,6.48
大典,4.769231
大动干戈,5.115385
大动脉,5.869565
大都,5.037037
大都会,4.690476
大豆,6.0
大队,5.041667
大多,6.28
大多数,5.619048
大而无当,2.583333
大方,6.2
大风,5.911111
大夫,6.363636
大腹便便,4.642857
大概,5.740741
大干,4.30303
大纲,5.32
大公无私,5.72
大功告成,5.52
大关,4.328947
大观,3.043478
大规模,5.304348
大国,5.818182
大过,4.82
大海,5.92
大海捞针,5.583333
大寒,4.962963
大好,5.625
大号,6.115385
大河,5.298969
大亨,4.4
大红,5.076923
大户,5.25
大会,6.515152
大火,5.913043
大伙,6.294118
大计,4.238095
大忌,5.916667
大家,6.56
大江,5.526316
大江南北,5.434783
大将,4.822222
大奖,6.083333
大街,6.466667
大街小巷,6.148148
大惊失色,5.625
大惊小怪,5.969697
大局,6.266667
大军,4.925926
大开眼界,5.605263
大考,5.37
大快人心,5.590909
大款,6.433333
大牢,5.326531
大理石,5.807692
大力,4.88
大力士,5.714286
大梁,4.391304
大量,6.218571
大龄,5.791667
大楼,5.884615
大陆,5.592593
大路,5.73913
大麻,4.416667
大门,6.5
大米,6.464286
大名,5.513158
大名鼎鼎,5.818182
大模大样,4.7
大漠,4.653846
大难临头,5.8
大脑,6.671296
大脑皮层,5.208333
大逆不道,5.5
大牌,5.884615
大盘,5.173913
大炮,5.911765
大棚,6.037037
大批,6.296296
大片,5.423077
大起大落,6.0
大气,6.575758
大气层,5.710526
大器晚成,5.364865
大千世界,5.695652
大钱,4.787879
大桥,5.791667
大权,5.346154
大全,4.92
大热,4.88
大人,6.136364
大赛,5.478261
大厦,5.772727
大声,6.37037
大胜,5.0
大失所望,5.34
大师,6.529412
大使,6.264706
大使馆,5.4
大势,4.92
大事,6.588235
大是大非,5.14
大手大脚,5.681818
大暑,4.555556
大树,6.16
大水,5.697368
大肆,5.147059
大蒜,5.958333
大堂,5.083333
大体,6.424242
大厅,6.115385
大庭广众,5.452381
大同,3.923077
大同小异,5.170213
大头,6.230769
大腿,6.0
大腕,5.678571
大王,5.4
大无畏,3.958333
大雾,6.304348
大喜过望,4.733333
大戏,4.869565
大显身手,5.230769
大相径庭,5.0
大象,6.09125
大小,6.592593
大型,5.555556
大兴土木,4.44
大修,2.964286
大选,5.555556
大学,6.576923
大雪,6.666667
大言不惭,5.086957
大雁,6.259259
大洋,5.32
大摇大摆,5.314286
大业,5.130435
大衣,6.321429
大义,5.394737
大义凛然,5.590909
大义灭亲,5.826087
大意,5.555556
大有作为,5.423077
大于,6.136364
大鱼,5.73913
大雨,6.538462
大院,4.82
大约,6.6
大运,5.1
大展,4.371134
大战,5.212121
大张旗鼓,5.666667
大致,6.352941
大智若愚,4.914286
大众,6.592593
大专,6.212121
大自然,6.208333
大字,4.47619
大宗,4.238095
大作,4.996875
呆板,6.035714
呆若木鸡,5.666667
呆头呆脑,5.608696
呆滞,6.029412
歹毒,5.769231
歹徒,5.75
歹心,5.529412
歹意,5.7
逮捕,6.4
代办,5.541667
代笔,5.565217
代表,6.409091
代表团,5.888889
代步,5.391304
代词,6.057143
代代相传,5.652174
代工,5.026316
代购,5.666667
代管,4.916667
代号,5.666667
代价,6.259259
代课,5.681818
代劳,5.666667
代理,6.076923
代理人,4.938144
代理商,5.08
代码,5.391304
代替,6.407407
代销,3.565217
代谢,6.285714
代言,5.142857
代言人,6.021277
代用,3.653846
代用品,5.0
带兵,4.541667
带病,5.541667
带到,5.0
带电,5.833333
带动,6.314286
带队,5.12
带给,5.68
带回,5.521739
带宽,4.583333
带来,5.478261
带领,5.954545
带路,5.333333
带入,5.75
带伤,4.76
带头,6.875
带薪,5.833333
带有,5.470588
带走,6.076923
殆尽,4.115385
贷款,6.441176
待定,5.208333
待价而沽,4.163265
待命,5.373219
待人,5.0
待续,5.0
待业,5.375
待遇,6.518519
怠工,4.807692
怠慢,5.814815
袋鼠,5.961538
袋子,6.285714
丹田,4.88
担保,5.481481
担当,6.625
担负,5.71875
担纲,3.666667
担架,5.727273
担任,6.346154
担心,6.636364
担忧,6.542857
担子,6.178571
单薄,6.111111
单边,4.487179
单场,5.0
单车,6.291667
单程,5.458333
单纯,6.192308
单词,6.115385
单打,5.086957
单刀,4.695652
单刀直入,4.857143
单独,6.558824
单方,4.88
单方面,5.68
单杆,4.541667
单个,5.26087
单机,4.869565
单价,6.0
单据,4.814815
单枪匹马,5.346939
单亲,5.173913
单曲,5.833333
单身,6.5
单身汉,5.93
单体,5.52381
单调,6.1875
单位,6.466667
单向,5.038462
单项,5.625
单一,5.612245
单元,6.733333
单月,3.166667
单子,5.307692
耽搁,5.922727
耽误,6.296296
胆大包天,5.761905
胆大妄为,5.761905
胆敢,5.785714
胆固醇,4.72
胆量,6.115385
胆怯,6.0
胆识,4.96
胆小,6.3125
胆小如鼠,5.190476
胆战心惊,5.954545
胆子,6.75
但凡,5.818182
但是,6.714286
但愿,6.575758
诞辰,6.4
诞生,6.0
淡薄,5.576923
淡泊,6.071429
淡出,4.910256
淡淡,5.125
淡定,6.558824
淡化,5.592593
淡季,5.56
淡漠,5.4
淡然,5.775556
淡水,6.0
淡忘,6.606061
淡雅,4.785714
弹弓,6.222222
弹簧,6.0
弹尽粮绝,5.217391
弹头,5.375
弹匣,4.083333
弹性,5.966667
弹药,5.92
弹奏,6.428571
蛋白,5.904762
蛋白质,5.826087
蛋糕,6.928571
蛋黄,5.928571
蛋卷,5.848485
蛋壳,6.392857
当班,4.230769
当兵,5.94
当差,4.333333
当场,6.535714
当成,5.416667
当初,6.392857
当代,6.529412
当地,6.038462
当官,5.148148
当红,5.057143
当机立断,5.434783
当即,5.615385
当家,5.888889
当家作主,5.791667
当街,4.538462
当今,6.571429
当局,6.114286
当局者迷,5.458333
当面,6.5
当年,6.588235
当铺,5.08
当前,6.0625
当权,4.041667
当然,6.555556
当仁不让,5.607843
当时,5.884615
当事人,6.035714
当天,6.464286
当头棒喝,5.592593
当晚,6.178571
当务之急,5.36
当下,5.890313
当心,6.28125
当选,6.235294
当着,5.391304
当真,6.466667
当之无愧,5.2
当值,4.347826
当中,5.0
当众,5.88
当作,5.64
挡风,5.652174
挡路,5.0
挡住,5.636364
档案,6.678571
档次,6.411765
档期,5.384615
党报,4.52
党风,4.727273
党籍,5.08
党派,5.777778
党史,5.652174
党首,3.714286
党同伐异,4.761905
党务,4.863636
党校,5.08
党性,5.416667
党羽,4.826087
党员,5.875
党政,4.597938
党组,5.192308
荡妇,4.454545
荡气回肠,4.6
荡然无存,4.809524
荡漾,5.75
刀叉,6.227273
刀耕火种,4.153846
刀光剑影,4.541667
刀剑,5.394737
刀具,5.5
刀枪不入,5.478261
刀刃,5.727273
刀伤,4.5
刀子,6.25
导弹,5.428571
导电,5.521739
导读,3.958333
导航,5.923077
导航灯,5.08
导入,5.578947
导师,5.307692
导向,5.785714
导言,4.5
导演,6.407407
导引,3.961538
导游,5.923077
导语,5.204082
导致,6.791667
岛屿,6.178571
捣毁,5.407895
捣乱,6.606061
捣碎,5.326531
倒背如流,5.541667
倒闭,6.296296
倒车,6.266667
倒戈,5.227273
倒挂,6.057143
倒行逆施,3.772727
倒计时,6.041667
倒立,5.384615
倒卖,5.25
倒霉,5.722934
倒入,6.047619
倒是,6.541667
倒数,5.96875
倒塌,6.708333
倒台,5.685714
倒贴,6.2
倒退,5.881875
倒下,5.692308
倒叙,4.703704
倒悬,4.59375
倒影,6.583333
倒映,6.038542
倒置,6.028571
祷告,5.567664
到场,5.916667
到处,6.25
到此为止,5.458333
到达,6.62963
到底,6.742857
到访,5.695652
到会,4.442857
到货,5.904762
到来,5.653846
到期,5.740741
到任,3.666667
到时,5.32
到手,5.807692
到庭,3.769231
到位,6.08
盗版,5.964286
盗墓,4.875
盗抢,4.782609
盗窃,6.25
盗取,5.2
盗用,5.347826
盗贼,5.733333
悼词,5.433333
悼念,5.833333
道别,6.136364
道不拾遗,4.434783
道场,3.92
道德,6.787879
道家,6.264706
道教,5.3125
道具,6.230769
道理,6.592593
道路,6.529412
道貌岸然,4.62963
道歉,6.285714
道士,4.961538
道听途说,5.464286
道谢,6.75
道义,4.918367
稻草,5.957273
稻谷,5.407407
稻穗,5.56
稻田,6.337037
稻子,6.791667
得病,5.88
得不偿失,6.0
得逞,6.533333
得出,5.12766
得寸进尺,5.73913
得当,6.0
得到,6.545455
得分,5.893617
得过且过,5.125
得奖,5.514286
得救,5.615385
得力,5.84
得陇望蜀,3.26087
得票,4.666667
得失,6.407407
得手,5.27957
得体,6.076923
得天独厚,5.038462
得心应手,5.409091
得意,6.321429
得意忘形,5.772727
得意扬扬,5.68
得知,6.6
得志,6.458333
得主,5.173913
得罪,5.88
德高望重,5.692308
德国,5.75
德行,6.4
德文,4.72
德语,4.76
德育,5.5
的哥,4.857143
的确,6.15625
的士,5.442857
灯光,6.045455
灯红酒绿,4.639175
灯会,4.68
灯火,6.04
灯具,5.666667
灯笼,5.884615
灯谜,5.969697
灯泡,5.76
灯饰,5.565217
灯塔,5.52
登岸,5.5
登报,5.541667
登场,6.128571
登顶,5.28
登峰造极,5.590909
登高,5.291667
登革热,3.619048
登机,6.03125
登记,6.588235
登记处,5.916667
登临,4.928571
登陆,5.916667
登陆艇,4.454545
登录,6.916667
登门,5.545455
登山,5.918367
登山鞋,5.04
登台,5.971429
登堂入室,5.26087
等待,6.592593
等到,5.892857
等额,5.242424
等候,6.470588
等级,6.588235
等价,5.333333
等量齐观,4.041667
等同,4.956522
等于,6.125
凳子,6.705882
瞪视,4.46
低矮,6.266667
低沉,5.733333
低等,5.038462
低点,4.740741
低端,5.671053
低分,5.52
低估,6.037037
低谷,6.363636
低级,6.37037
低价,5.625
低贱,6.228571
低开,3.423077
低空,3.671429
低廉,6.666667
低劣,4.576923
低落,5.5
低迷,4.444444
低能,5.121212
低三下四,5.170213
低射,3.75
低声,5.458333
低声细语,5.552632
低声下气,5.703704
低俗,5.72
低速,5.555556
低碳,5.939394
低调,6.0
低头,6.785714
低微,5.857143
低位,3.985714
低温,5.608696
低下,5.142857
低压,4.681818
低音,5.391304
低吟,6.088235
低于,5.591837
低语,5.40625
低走,4.48
堤岸,5.25
堤坝,5.777778
嘀咕,5.714286
滴水,5.869565
滴水不漏,5.047619
滴水成冰,5.181818
敌对,6.066667
敌方,5.848485
敌军,4.946237
敌人,5.923077
敌视,4.846154
敌意,5.52
嫡传,4.638298
诋毁,5.892857
抵偿,4.814815
抵触,6.522059
抵达,6.24
抵挡,6.666667
抵抗,6.367647
抵扣,5.869565
抵赖,5.333333
抵牾,3.323529
抵消,5.814815
抵押,6.541667
抵押品,5.25
抵御,5.911765
抵制,6.259259
底层,5.521739
底价,5.32
底牌,5.042553
底盘,4.979592
底片,4.86
底气,5.521739
底细,6.457143
底下,6.518519
底线,5.6875
底薪,6.153846
底蕴,5.566667
底子,5.833333
底座,5.478261
砥砺,4.964286
地板,6.294118
地标,5.5
地表,5.391304
地步,5.6
地产,4.96
地处,5.08
地大物博,5.347826
地带,6.545455
地道,5.52
地点,6.454545
地段,5.740741
地方,6.764706
地广人稀,5.16
地基,4.297872
地级,3.88
地价,5.428571
地块,4.125
地牢,5.166667
地雷,5.851852
地理,6.178571
地利,5.375
地貌,5.28
地面,6.75
地名,6.0
地盘,5.24
地痞,4.304348
地平线,5.061224
地契,4.518519
地球,6.785714
地区,5.62963
地势,5.208333
地毯,5.037037
地铁,6.59375
地头,4.631579
地图,5.923077
地王,2.541667
地位,6.833333
地下,6.535714
地下水,5.181818
地形,5.72
地狱,6.535714
地域,5.961538
地缘,3.814815
地震,5.727273
地址,6.607143
地质,5.522727
地主,5.8
地砖,5.782609
弟弟,6.735294
弟兄,6.442308
弟子,5.046296
帝国,4.75
帝王,4.96
递给,6.04
递减,5.32
递交,6.321429
递增,5.36
第三世界,4.121622
第一,6.64
缔结,3.688172
缔造,4.375
掂量,6.176471
颠簸,5.632576
颠倒,6.035714
颠倒黑白,5.44
颠倒是非,5.5
颠覆,6.0
颠沛流离,5.0
颠扑不破,4.304348
颠三倒四,5.346939
巅峰,5.958333
癫狂,5.333333
癫痫,4.454545
典当,4.59375
典范,5.88
典故,5.884615
典籍,5.0
典礼,5.923077
典型,6.090909
典押,3.942857
典雅,4.90625
点拨,5.964286
点播,4.9
点菜,6.197368
点灯,5.625
点滴,5.846154
点火,5.869565
点击,6.04
点将,3.958333
点亮,5.607143
点名,6.72
点评,5.423077
点球,4.48
点燃,6.088235
点收,4.227273
点数,5.809524
点头,6.416667
点头哈腰,5.114286
点位,4.25
点心,6.21875
点缀,5.6875
点子,6.514286
碘酒,4.913043
电报,4.592593
电表,5.478261
电波,4.958333
电厂,5.142857
电车,6.285714
电池,6.5
电磁,5.5
电灯,6.833333
电动,5.714286
电动车,6.212121
电镀,3.73913
电饭锅,6.217391
电费,6.065789
电风扇,6.076923
电工,5.583333
电光,4.481481
电话,6.958333
电话亭,5.78
电机,5.0
电价,5.142857
电解质,4.272727
电缆,5.16
电力,5.644737
电量,5.913043
电疗,5.347826
电流,5.5
电路,5.590909
电脑,6.742857
电能,5.076923
电瓶,6.208333
电气,5.295918
电器,6.518519
电式,3.414286
电视,6.666667
电视剧,6.636364
电视台,6.0
电台,6.583333
电毯,5.181818
电梯,6.307692
电筒,5.48
电网,5.28
电线,6.666667
电信,5.64
电信业,4.538462
电讯,4.473118
电压,5.808511
电影,6.56
电影节,5.192308
电影院,6.030303
电邮,5.533333
电源,6.607143
电站,5.131579
电子,5.923077
电子版,5.8
电子游戏,6.346154
电阻,4.157143
佃农,3.96
店家,5.782609
店面,6.177778
店铺,6.848485
店员,6.038462
店长,6.0
店主,5.64
玷污,5.441176
垫底,5.380952
垫付,5.26087
垫脚,5.590909
垫子,6.791667
淀粉,6.458333
惦记,5.592593
惦念,5.4
奠定,5.107143
奠基,4.555556
殿堂,5.535714
殿下,5.923077
殿宇,4.833333
刁滑,4.264706
刁民,5.666667
刁难,6.166667
刁钻,5.81352
凋敝,4.617647
凋零,5.653846
凋落,5.090909
凋谢,5.616758
貂皮,5.285714
碉堡,4.259259
雕虫小技,5.608696
雕刻,6.257143
雕梁画栋,3.829787
雕塑,6.266667
雕像,5.892857
雕琢,4.818182
吊车,6.076923
吊灯,5.666667
吊儿郎当,5.727273
吊桥,5.326923
吊销,4.96
吊唁,4.642857
钓竿,5.708333
钓鱼,5.24
掉包,4.541667
掉换,5.177778
掉落,6.047619
掉头,6.708333
掉以轻心,5.863636
掉转,6.416667
跌倒,5.88
跌幅,5.043478
跌价,4.869565
跌落,5.166667
跌破,4.217391
跌势,3.782609
跌停,4.608696
谍报,4.652174
叠床架屋,3.384615
叠加,5.32
碟片,4.821429
碟子,6.435049
蝶泳,5.173913
叮当,4.708333
叮咛,5.767196
叮嘱,5.92
盯住,5.708333
顶点,6.181818
顶风,5.217391
顶峰,5.192308
顶级,5.416667
顶尖,5.875
顶礼膜拜,4.36
顶楼,6.1875
顶棚,4.257143
顶替,4.714286
顶天立地,6.0
顶住,5.408163
顶撞,5.954545
鼎力,4.755102
鼎力相助,5.454545
鼎立,4.642857
鼎盛,5.111111
订单,6.333333
订购,6.518519
订婚,6.181818
订货,5.961538
订价,5.115385
订金,6.083333
订立,4.296296
订票,6.041667
订书机,5.727273
订阅,6.416667
订制,5.043478
钉鞋,4.444444
钉子,6.666667
定点,5.461538
定夺,4.481481
定额,4.608696
定格,5.125
定价,6.791667
定金,6.0
定居,5.769231
定局,4.881579
定量,4.791667
定论,5.347826
定律,5.434783
定名,3.652174
定期,6.727273
定神,5.304924
定时,5.708333
定调,4.666667
定投,4.695652
定为,4.958333
定位,5.633333
定位仪,5.142857
定下,4.708333
定向,5.0
定型,5.36
定性,4.863636
定义,6.266667
定于,5.037037
定制,5.909091
定罪,5.851852
铤而走险,5.291667
丢掉,6.678571
丢盔弃甲,5.576923
丢脸,6.409091
丢弃,5.111111
丢人,6.464286
丢人现眼,5.754386
丢三落四,6.136364
丢失,6.4
东部,6.0
东窗事发,5.304348
东倒西歪,5.787879
东道主,5.1
东方,6.642857
东风,5.309829
东家,5.434783
东经,3.904762
东路,5.26087
东门,4.542857
东南亚,5.521739
东山再起,5.818182
东施效颦,5.019231
东西,6.52
东洋,3.714286
东张西望,5.913043
冬菇,5.086957
冬瓜,6.178571
冬季,6.685714
冬眠,6.363636
冬天,6.792781
冬训,4.444444
冬荫功,2.555556
冬泳,5.454545
冬至,6.407407
冬装,5.36
董事,5.4
董事长,5.777778
懂得,5.918367
懂事,6.666667
动不动,5.962963
动车,6.606061
动词,6.7
动弹,5.909091
动荡,5.730769
动荡不安,5.617021
动感,6.566667
动工,6.033333
动画,6.518519
动画片,6.5
动机,6.542857
动静,6.464286
动力,6.357143
动乱,5.771164
动脉,5.461538
动漫,6.633333
动能,5.086957
动怒,6.236742
动气,5.04
动迁,4.454545
动情,6.088235
动人,5.407407
动人心弦,4.96
动容,5.09375
动身,6.259259
动手,6.0
动手动脚,6.0
动态,6.338095
动听,6.12
动武,5.576923
动物,6.785714
动物园,6.318182
动向,5.875
动心,6.296296
动摇,6.178571
动议,3.384615
动因,4.979497
动用,6.0
动员,6.485714
动作,6.5
冻疮,5.5
冻结,6.470588
冻肉,5.434783
栋梁,6.470588
洞察,5.764706
洞房,5.782609
洞窟,4.958333
洞若观火,3.923077
洞天福地,3.958333
洞悉,6.166667
洞穴,6.296296
恫吓,3.571429
胴体,2.961538
都城,4.833333
都行,6.25
都会,5.692308
都市,6.636364
兜风,5.25
兜售,4.259259
抖动,6.411765
抖擞,4.814815
抖擞精神,5.208333
陡峭,5.710625
陡然,4.407407
陡直,5.333333
斗笠,4.851852
斗牛,5.47619
斗殴,4.72
斗气,4.757143
斗士,5.090909
斗争,6.220588
斗志,5.846154
斗转星移,5.32
斗嘴,5.727273
豆腐,6.705882
豆荚,6.375
豆浆,6.676471
豆蔻年华,4.958333
豆类,5.695652
豆奶,5.92
豆芽,5.826087
逗号,6.25
逗留,6.109788
逗趣,6.033333
逗笑,6.242424
督办,4.076923
督查,5.583333
督察,4.8
督促,6.136364
督导,5.576923
嘟囔,5.823529
嘟哝,4.285714
毒打,5.6
毒贩,5.26087
毒计,4.3
毒箭,5.477273
毒品,6.035714
毒气,5.6
毒蛇,4.576923
毒素,4.904762
毒性,5.553191
毒药,6.666667
独白,6.296296
独裁,5.380208
独唱,6.583333
独处,5.909091
独创,4.925926
独当一面,5.44
独到,4.740741
独家,6.416667
独居,5.454545
独具,5.0
独具匠心,5.772727
独力,4.428571
独立,5.925926
独门,5.666667
独辟蹊径,5.428571
独善其身,4.98
独身,6.205882
独生子,6.173913
独树一帜,5.478261
独特,6.237637
独一无二,5.954545
独有,5.0
独占,5.52381
独占鳌头,5.26087
独资,4.242857
独自,6.541667
独奏,4.8
读本,4.423077
读出,5.765306
读书,6.72
读物,5.21875
读音,5.833333
读者,6.69697
渎职,4.636364
笃定,5.151515
堵车,6.518519
堵塞,6.111111
堵住,5.644444
赌博,5.64
赌场,5.0
赌气,6.791667
赌徒,4.311828
杜鹃,5.64
杜绝,5.909091
杜撰,4.6
肚皮,6.147059
肚脐,5.8
肚子,6.305556
妒忌,4.96
度过,6.5
度假,6.384615
度量,4.958333
度日,5.375
度日如年,5.571429
度数,5.636364
渡过,4.73913
渡口,4.086957
渡轮,4.428571
镀铬,2.72
镀金,5.037037
端倪,4.666667
端午,6.272727
端午节,6.291667
端详,5.071429
端正,6.16
端庄,5.9375
短兵相接,4.371429
短处,6.0
短促,6.208333
短道,4.478261
短短,4.86
短发,6.25
短见,5.818182
短裤,5.894737
短路,4.952381
短跑,5.791667
短片,5.190476
短期,6.107143
短缺,6.178571
短视,4.481481
短途,4.8125
短线,3.8
短信,6.444444
短袖,6.46
短暂,6.153846
段落,6.555556
段子,6.458333
断案,5.294118
断层,5.021277
断电,6.04
断定,6.066667
断断续续,5.785714
断交,4.5
断绝,5.892857
断裂,5.037037
断面,3.857143
断然,5.933333
断言,6.176471
断章取义,5.539474
缎带,5.086957
锻炼,6.04
锻造,4.923077
堆放,5.814815
堆肥,5.230769
堆积,5.518519
堆积如山,5.886364
堆满,5.173913
堆砌,5.444444
队列,6.382353
队伍,6.24
队形,5.666667
队医,3.833333
队友,6.25
队员,6.3125
队长,6.485714
对岸,5.4
对白,5.34
对比,6.142708
对不起,6.090909
对策,5.730769
对称,5.928571
对冲,3.884615
对答如流,5.638298
对打,5.863636
对待,5.62963
对等,5.777778
对方,6.714286
对付,5.65625
对攻,3.92
对话,6.36
对讲机,5.782609
对角,4.954545
对角线,5.571429
对接,5.416667
对劲,5.346154
对局,5.454545
对决,5.782609
对抗,6.470588
对口,5.291667
对垒,3.857143
对立,6.5
对立面,5.481481
对联,6.133333
对流,4.916667
对骂,5.347826
对面,5.851852
对内,4.591837
对牛弹琴,5.969697
对手,6.239091
对调,5.0
对头,5.642857
对象,6.0
对应,5.76
对于,5.222222
对照,6.766667
对阵,5.391304
对症下药,5.42
对峙,6.0
对准,5.769231
对子,4.428571
兑付,4.730769
兑换,5.807692
兑奖,5.846939
兑现,6.4
敦促,3.923077
敦厚,5.833333
蹲点,5.217391
蹲伏,4.911765
盾牌,5.391304
顿号,6.235294
顿时,6.466667
顿悟,5.736842
多半,5.653846
多边,4.037037
多变,5.230769
多才多艺,6.086957
多彩,5.652174
多愁善感,5.36
多此一举,5.833333
多多益善,5.75
多发,4.695652
多方,5.333333
多管闲事,5.956522
多亏,6.407407
多么,6.357143
多媒体,5.68
多情,5.48
多少,6.454545
多事,5.521739
多数,6.766667
多头,3.727273
多谢,6.5
多心,5.16
多样,5.785714
多赢,4.64
多于,5.047619
多余,6.071429
多元,5.346154
多元化,5.695652
多云,6.083333
多灾多难,5.708333
多种,6.137255
多种多样,5.565217
多姿多彩,5.0
多嘴,6.37037
咄咄逼人,5.473684
哆嗦,6.035185
夺得,5.863636
夺冠,6.357143
夺金,5.24
夺眶而出,5.0
夺魁,5.058824
夺目,5.423077
夺取,5.964286
躲避,6.633333
躲藏,6.666667
躲闪,6.233333
舵手,4.913043
堕落,5.909091
惰性,5.538462
跺脚,5.914894
婀娜,4.625
俄国,5.44
俄语,5.0
峨眉,5.043478
鹅蛋,5.5
鹅蛋脸,5.0
鹅黄,4.909091
鹅卵石,5.291667
蛾子,5.892857
额度,5.826087
额角,5.12
额头,6.583333
额外,5.75
厄运,6.266667
扼杀,6.02381
扼要,4.173913
恶霸,5.608696
恶臭,6.424242
恶毒,5.466667
恶搞,5.166667
恶贯满盈,4.757576
恶果,4.913043
恶狠狠,4.785714
恶化,6.030952
恶劣,5.296296
恶梦,6.041667
恶魔,6.352941
恶心,6.607143
恶性,4.671429
恶意,6.708333
恶运,5.772727
恶作剧,5.92
饿死,6.230769
遏止,4.6
遏制,4.785714
愕然,4.851852
噩耗,5.916667
噩梦,5.96
鳄鱼,5.791667
恩爱,6.08
恩赐,6.25
恩德,5.558824
恩典,4.8
恩惠,6.1
恩将仇报,5.269231
恩情,6.25
恩人,5.346154
恩师,6.045455
恩怨,5.521739
恩泽,5.571429
恩重如山,5.0
儿歌,5.723684
儿科,5.858974
儿女,6.676471
儿时,6.190171
儿孙,6.266667
儿孙满堂,5.68
儿童,5.703704
儿童节,6.08
儿子,6.958333
而后,4.863636
而今,4.875
而且,6.038462
尔虞我诈,4.671429
耳聪目明,4.5
耳朵,6.52
耳光,5.855263
耳环,6.045455
耳机,6.65625
耳际,3.321875
耳聋,5.513158
耳鸣,5.347826
耳膜,5.08
耳目,5.625
耳目一新,5.166667
耳濡目染,5.304348
耳熟能详,5.782609
耳提面命,4.347826
耳闻目睹,4.740741
耳语,6.147059
二次大战,5.090909
二分法,4.833333
二胡,5.269231
二话不说,5.333333
二审,4.583333
二手,6.533333
二手车,5.869565
二线,5.363636
二氧化碳,5.28
二重奏,3.916667
发案,4.038462
发报,3.826087
发表,6.291667
发病,6.333333
发布,6.541667
发布会,6.071429
发财,6.542857
发车,5.857143
发愁,6.583333
发出,6.09375
发达,6.333333
发呆,6.5
发电,5.772727
发电站,5.530612
发动,6.272727
发抖,6.0
发放,5.66
发愤,6.242424
发愤图强,5.291667
发疯,6.636364
发福,5.84
发稿,5.0
发给,5.1
发根,4.458333
发功,4.69697
发光,6.437831
发行,6.176471
发行量,5.538462
发号施令,5.342105
发慌,4.571429
发挥,5.8
发火,6.464286
发货,5.8
发髻,5.045455
发觉,5.222222
发酵,6.09478
发掘,6.541667
发卡,5.404255
发狂,5.970588
发蜡,5.125
发牢骚,5.375
发愣,6.0
发力,5.04
发亮,5.923077
发令,5.458333
发落,5.466667
发霉,6.259259
发明,6.429924
发明家,5.541667
发怒,6.666667
发脾气,5.869565
发票,5.73913
发妻,5.0
发起,6.390931
发起人,5.30303
发球,5.565217
发热,6.333333
发人深省,4.47619
发散,4.916667
发烧,5.79416
发射,5.964286
发生,6.25
发声,5.4375
发誓,5.6
发售,5.24
发送,6.67246
发帖,5.875
发威,5.613636
发文,5.75
发问,5.75
发现,6.566667
发笑,6.5
发泄,6.2
发型,6.125
发芽,6.3
发言,6.657143
发言人,5.2
发炎,6.75
发扬,5.9375
发扬光大,5.717949
发音,5.809524
发育,6.285714
发源地,5.64
发展,6.75
发展商,4.78
发怔,5.4
发自,5.568627
发作,6.545455
乏力,6.606061
乏味,6.178571
伐木,4.914286
罚单,5.24
罚金,5.815789
罚款,5.863636
罚球,5.846154
阀门,5.16
法案,5.0
法宝,5.28
法定,5.409091
法官,5.5
法规,5.636364
法国,5.592593
法国人,5.28
法警,4.259259
法理,4.555556
法力,5.296296
法令,5.392857
法律,6.571429
法人,5.666667
法师,5.791667
法式,4.518519
法术,5.489362
法庭,6.14881
法网,5.714286
法文,4.75
法务,5.52381
法学,5.434783
法学院,5.276316
法医,5.297872
法语,5.538462
法院,5.16
法则,4.615385
法制,6.411765
法治,5.769231
法子,4.851852
砝码,4.333333
帆布,6.545455
帆船,6.111111
番茄,6.444444
翻版,4.73913
翻车,5.809524
翻番,4.32
翻滚,5.933333
翻过,5.2
翻红,4.52381
翻江倒海,4.885714
翻开,5.806122
翻看,5.583333
翻来覆去,5.434783
翻录,5.333333
翻拍,5.666667
翻盘,5.76
翻山越岭,5.708333
翻身,6.5
翻腾,5.866667
翻天覆地,5.478261
翻箱倒柜,5.076923
翻新,5.5
翻译,6.2
翻阅,6.296296
翻越,6.0
翻云覆雨,5.269231
翻转,5.238095
凡尔赛宫,5.130435
凡夫俗子,5.625
凡间,4.791667
凡人,5.785714
凡士林,5.234043
凡事,4.828571
凡是,6.5
烦闷,6.04
烦恼,6.7
烦琐,6.142857
烦心,5.84
烦忧,5.4
烦躁,6.321429
繁多,6.142857
繁复,4.73913
繁花似锦,5.363636
繁华,6.192308
繁忙,6.75
繁茂,6.066667
繁密,4.269231
繁荣,6.08
繁荣昌盛,5.478261
繁盛,5.961538
繁琐,5.384615
繁体,6.6
繁体字,4.942857
繁衍,6.233333
繁育,5.52
繁杂,4.740741
繁殖,4.653846
繁重,5.921875
反败为胜,5.73913
反驳,5.333333
反哺,4.909091
反差,6.535714
反常,6.457143
反唇相讥,4.192308
反弹,5.84375
反导,3.88
反倒,4.703704
反动,4.259259
反对,6.296296
反对派,5.2
反而,5.074074
反方,5.304348
反腐,5.424242
反复,6.269231
反感,6.428571
反攻,5.352941
反躬自问,3.956522
反观,5.857143
反光,5.103093
反光镜,5.32
反悔,6.136364
反击,6.382353
反间计,5.391304
反抗,6.148148
反客为主,5.291667
反恐,6.212121
反馈,5.78125
反面,6.037037
反派,5.0
反叛,5.259259
反扑,3.666667
反射,6.178571
反省,6.481481
反思,6.875
反锁,5.34
反贪,5.618421
反胃,5.740741
反问,5.956522
反响,5.4
反向,4.842857
反应,6.464286
反应堆,4.886364
反映,6.148148
反正,5.518519
反转,5.095238
返程,6.545455
返工,5.433333
返还,6.222222
返航,5.631579
返回,6.823529
返老还童,5.727273
返璞归真,4.64
返青,3.363636
返乡,5.583333
返校,5.876289
犯案,5.2
犯错,6.227273
犯法,5.913043
犯规,6.34375
犯人,6.148148
犯罪,5.653846
犯罪率,5.48
饭菜,6.964286
饭店,6.208333
饭馆,5.666667
饭盒,6.136364
饭局,6.136364
饭桶,5.08
饭碗,6.085714
饭桌,6.181818
泛滥,6.791667
泛指,5.761905
泛舟,5.21875
范本,4.714286
范畴,5.0
范例,5.772727
范围,6.685714
贩毒,5.230769
贩卖,5.434211
贩子,4.916667
方案,5.92
方便,6.592593
方便面,6.531915
方才,6.117647
方寸,5.809524
方法,6.588235
方法论,5.125
方可,3.75
方块,5.578947
方块字,5.391304
方略,5.266667
方面,6.7
方式,5.807692
方糖,4.791667
方位,6.136905
方向,5.814815
方向感,5.826087
方向盘,6.36
方形,6.22449
方兴未艾,3.647059
方言,6.588235
方圆,5.766667
方丈,5.291667
方针,5.62963
方阵,5.074074
方舟,4.692308
芳龄,4.952381
芳香,6.03125
芳心,5.208333
防备,5.68
防病,4.632653
防不胜防,5.925926
防盗,6.233333
防冻液,5.090909
防毒,5.06
防毒面具,5.166667
防范,5.153846
防风,5.291667
防腐,5.217391
防腐剂,6.121212
防寒,5.541667
防洪,5.583333
防护,6.37037
防患未然,5.571429
防火,5.809524
防空,4.380952
防空洞,4.96
防控,5.85567
防身,5.478261
防守,6.833333
防水,5.142857
防微杜渐,4.68
防伪,5.148148
防卫,6.266667
防务,4.695652
防线,6.035714
防汛,5.583333
防疫,6.823529
防御,6.074074
防灾,5.269231
防震,5.565217
防止,6.44
防治,5.64
妨碍,5.705128
妨害,5.173913
房产,5.68
房车,5.095238
房地,4.2
房地产,5.961538
房顶,6.529412
房东,5.987179
房价,6.1
房间,6.735294
房客,5.125
房款,5.363636
房梁,6.208333
房门,5.884615
房屋,6.2
房源,5.555556
房主,5.458333
房子,6.8
房租,5.48
仿佛,6.592593
仿古,5.092105
仿冒,4.814286
仿生,3.608696
仿效,5.5
仿造,5.857143
仿照,5.666667
仿真,6.071429
仿制,5.04
仿制品,5.208333
访华,5.36
访美,4.973684
访谈,6.575758
访问,6.666667
纺织,6.484848
纺织品,5.434783
纺织业,4.857143
放出,5.444444
放大,5.833333
放大镜,5.958333
放贷,5.269231
放荡,6.185185
放倒,4.871429
放飞,6.298951
放歌,5.4
放过,5.818182
放行,5.884615
放虎归山,5.36
放缓,5.818182
放火,5.458333
放假,6.230769
放开,5.652174
放宽,5.5
放款,4.826087
放量,4.142857
放慢,5.761905
放牧,5.269231
放弃,6.32
放晴,5.769231
放权,4.217391
放任,5.666667
放入,6.0
放哨,5.53125
放射,5.038462
放射性,5.307692
放生,5.833333
放声,5.851852
放手,6.090909
放水,5.4
放肆,6.222222
放松,6.62963
放下,5.869565
放心,6.647059
放学,6.615385
放眼,5.792593
放羊,5.310811
放映,5.9
放在,4.76
放置,5.37037
放逐,6.066667
放纵,5.923077
飞奔,6.230769
飞车,5.12
飞驰,6.515152
飞船,5.5
飞弹,4.28866
飞抵,2.971429
飞碟,4.88
飞短流长,3.615385
飞赴,4.809524
飞过,4.594595
飞行,6.0
飞行员,6.538462
飞黄腾达,5.380952
飞机,5.555556
飞机场,6.153846
飞溅,6.029412
飞快,6.08
飞跑,5.846154
飞禽,5.545455
飞禽走兽,4.615385
飞人,5.714286
飞沙走石,5.375
飞身,5.481481
飞逝,5.44898
飞速,6.176471
飞腾,6.033333
飞天,4.041667
飞往,4.96
飞吻,5.407407
飞舞,4.964286
飞翔,6.545455
飞旋,3.555556
飞扬,4.918367
飞跃,5.705128
飞越,5.173913
非常,6.44
非但,4.44
非法,6.441176
非凡,6.137037
非礼,4.869565
非议,4.56
非洲,5.380952
菲薄,3.608696
绯红,5.558824
绯闻,5.416667
扉页,4.391304
肥大,5.909091
肥料,6.076923
肥美,5.366667
肥胖,6.466667
肥肉,5.625
肥硕,5.769231
肥沃,5.04
肥皂,6.214286
肥壮,5.130435
匪徒,5.461538
匪夷所思,5.173913
诽谤,5.941176
斐然,4.24
翡翠,5.40625
肺癌,5.5
肺部,6.272727
肺腑,5.304348
肺腑之言,5.515152
肺活量,6.038462
肺炎,6.083333
废除,5.8
废话,6.7
废旧,5.333333
废料,5.32
废品,6.222222
废气,4.952381
废弃,5.541667
废寝忘食,5.642857
废水,5.521739
废物,5.407407
废墟,5.37037
废止,4.986842
废纸,5.857143
废置,3.5
沸水,6.26087
沸腾,6.382353
费解,5.821429
费劲,5.555556
费力,6.441176
费率,4.038462
费神,4.52
费时,5.347826
费心,5.2
费用,6.423077
分贝,5.619048
分崩离析,4.894737
分辨,6.107143
分辩,6.444444
分别,6.37037
分布,6.407407
分部,5.173913
分层,5.230769
分成,5.157895
分寸,5.314286
分担,6.37037
分得,4.875
分店,5.666667
分段,5.478261
分队,4.68
分发,5.08
分赴,3.12
分割,6.1875
分隔,6.666667
分工,6.75
分管,5.242424
分行,4.72449
分号,5.928571
分红,5.264706
分化,6.433333
分会,4.086957
分获,4.28
分级,5.2
分家,5.171053
分解,5.480769
分居,4.904762
分局,5.0
分开,6.090909
分类,5.56
分离,6.392857
分量,6.142857
分列,4.956522
分裂,6.107143
分流,5.130435
分门别类,5.04
分泌,5.692308
分娩,5.833333
分秒,6.0
分秒必争,6.318182
分明,5.16
分母,6.571429
分内,5.681818
分派,4.583333
分配,6.25
分批,5.04
分期,5.615385
分期付款,6.090909
分歧,6.205882
分清,5.727273
分区,5.0
分散,5.777778
分身,4.769231
分神,5.710526
分手,6.818182
分属,5.142857
分数,6.666667
分水岭,4.685714
分摊,5.892857
分庭抗礼,4.428571
分头,5.962963
分外,6.045455
分为,4.956522
分析,6.076923
分析员,5.208333
分享,6.444444
分销,4.444444
分校,5.347826
分心,6.321429
分支,5.4
分钟,6.234694
分子,6.4
分组,5.555556
芬芳,6.014706
吩咐,5.857143
纷繁,4.043478
纷纷,6.0
纷乱,5.607143
纷扰,5.043478
纷争,4.7
纷至沓来,4.526316
氛围,6.411765
坟地,5.583333
坟墓,6.181217
焚化,4.816327
焚化炉,4.25
焚毁,5.43
焚烧,6.371429
粉笔,6.588235
粉尘,6.035714
粉红,6.21875
粉末,5.958333
粉墨登场,4.14433
粉嫩,6.0
粉色,6.633333
粉身碎骨,5.521739
粉饰,5.133333
粉刷,5.296296
粉丝,6.333333
粉碎,6.457143
份额,6.15
份量,5.962963
奋不顾身,5.5
奋斗,6.545455
奋发,5.9375
奋发图强,6.0
奋进,5.454545
奋力,6.428571
奋起,4.590909
奋起直追,5.727273
奋勇,5.568376
奋战,5.11828
粪便,5.833333
愤慨,5.114375
愤怒,6.464286
愤世嫉俗,5.26087
丰富,5.740741
丰富多彩,5.521739
丰功,4.565217
丰功伟绩,4.964286
丰厚,6.407407
丰满,5.407407
丰美,3.56
丰润,6.166667
丰盛,6.606061
丰收,6.233333
丰硕,6.125
丰衣足食,5.814815
丰盈,4.857143
丰腴,4.5
丰韵,4.166667
风暴,5.24
风波,6.633333
风采,6.433333
风餐露宿,5.541667
风潮,4.416667
风车,5.818182
风尘仆仆,5.0
风吹草动,5.916667
风吹雨打,6.111111
风挡,4.222222
风电,5.086957
风度,6.37037
风度翩翩,5.710526
风帆,5.521739
风范,5.148148
风干,5.28
风格,6.36
风光,6.529412
风和日丽,5.4
风花雪月,4.576923
风华正茂,5.444444
风化,5.090909
风景,6.40625
风景画,5.644737
风景区,6.0
风卷残云,4.93617
风浪,6.185185
风力,5.5
风凉话,5.565217
风铃,5.136364
风流,5.954545
风貌,5.933333
风靡,4.913043
风能,4.909091
风平浪静,5.814815
风起云涌,5.081633
风气,5.52
风情,5.961538
风趣,6.433333
风骚,4.703704
风沙,5.32
风扇,6.045455
风尚,5.925926
风神,3.913043
风声,5.518519
风湿,5.772727
风霜,5.642857
风水,5.347826
风俗,6.111111
风速,5.56
风调雨顺,5.590909
风头,5.652174
风味,5.6875
风险,6.148148
风向,5.642857
风雪,5.909091
风雪交加,5.191489
风雅,5.141026
风言风语,5.818182
风雨,6.518519
风雨飘摇,5.460526
风雨同舟,5.269231
风雨无阻,6.037037
风月,4.4
风云,6.397487
风云变幻,5.875
风云人物,5.652174
风韵,4.296296
风韵犹存,5.454545
风筝,5.857143
风姿绰约,4.92
枫叶,5.708333
封闭,6.04
封存,5.321429
封地,5.227273
封顶,5.619048
封堵,4.314286
封盖,4.346939
封号,5.958333
封建,5.9775
封建主义,5.380952
封面,6.307692
封杀,5.605263
封死,5.171053
封锁,5.92
封条,4.892857
封印,5.708333
封装,3.614286
疯传,4.461538
疯癫,5.904762
疯狗,5.047619
疯狂,5.846154
疯子,6.454545
峰回路转,4.619048
峰会,4.52
峰峦,5.535714
峰值,4.636364
烽火,4.114286
锋利,6.222222
锋芒,6.227273
锋芒毕露,5.652174
锋线,2.708333
蜂巢,5.878788
蜂蜜,6.333333
蜂鸟,5.115385
蜂拥,4.869565
蜂拥而至,5.32
逢场作戏,5.714286
逢迎,4.530612
缝合,5.904762
缝纫,5.4
缝隙,5.925926
缝制,5.423077
讽刺,5.846154
讽喻,5.038462
凤凰,5.52
凤梨,5.826087
凤毛麟角,5.26087
奉承,5.363636
奉告,4.68
奉公守法,4.875
奉行,5.892857
奉命,6.575758
奉陪,5.875
奉劝,5.909091
奉上,4.769231
奉献,6.571429
俸禄,4.041667
佛教,5.357143
佛经,4.969697
佛像,5.625
否定,6.666667
否极泰来,5.32
否决,5.56
否认,6.464286
否则,6.875
夫唱妇随,5.020408
夫妇,6.153846
夫妻,6.735294
夫人,6.214286
夫子,4.565217
肤浅,6.366667
肤色,5.08
孵化,5.8125
敷衍,6.5
敷衍了事,5.178571
敷衍塞责,3.416667
敷药,6.0
伏案,3.954545
伏笔,5.217391
伏兵,4.818182
伏法,4.25
伏击,5.181818
伏特,5.391304
扶持,6.045455
扶老携幼,5.44
扶贫,5.142857
扶手,5.75
扶手椅,5.565217
扶梯,6.047619
扶危济困,5.173913
扶摇直上,4.75
扶植,4.185185
扶助,5.083333
芙蓉,5.5
拂拭,3.635989
拂晓,4.913043
服从,6.428571
服气,6.875
服侍,5.821429
服饰,6.607143
服输,5.076923
服务,6.5
服务生,5.913043
服务性,5.301075
服务员,6.16
服刑,5.130435
服药,4.518519
服役,5.695652
服用,6.1875
服装,5.962963
服装店,6.130435
俘获,6.433333
俘虏,5.037037
浮冰,4.48
浮雕,5.36
浮动,5.52
浮光掠影,5.083333
浮夸,5.90625
浮力,6.205882
浮现,6.470588
浮想联翩,5.375
浮游,4.24
浮游生物,4.62
浮云,6.382353
浮躁,6.457143
符号,6.705882
符合,6.269231
符咒,4.590909
幅度,6.259259
辐射,5.926587
福地,4.958333
福分,5.347826
福利,6.791667
福气,6.75
福星,4.888889
福音,5.888889
福祉,5.346154
抚今追昔,3.204082
抚摸,6.333333
抚慰,6.4
抚恤,5.740741
抚恤金,4.928571
抚养,5.90625
斧头,6.382353
斧子,5.777778
府第,3.625
府上,4.285714
俯冲,5.4
俯瞰,6.041667
俯拾即是,3.422222
俯视,5.84375
俯首,5.333333
俯首帖耳,5.541667
俯卧,5.541667
辅导,6.307692
辅导员,6.318182
辅道,4.0
辅料,5.346154
辅路,5.576923
辅以,4.347826
辅音,4.583333
辅助,6.571429
腐败,6.583333
腐臭,5.914286
腐化,5.617647
腐烂,6.266667
腐蚀,5.545455
腐蚀性,5.56
腐朽,6.366667
父爱,6.791667
父辈,5.190476
父老,5.38
父母,6.928571
父女,6.230769
父亲,6.878788
父子,6.766667
付出,5.414286
付费,6.333333
付给,5.173913
付款,6.47619
付钱,6.304348
付清,5.0
付息,2.846154
付账,5.958763
付之一炬,4.428571
付诸,4.173913
付诸东流,4.92
负担,5.592593
负荷,5.269231
负荆请罪,5.54
负面,6.470588
负伤,5.478261
负数,5.530612
负心,5.04
负心人,5.416667
负有,3.653846
负于,4.208333
负隅顽抗,3.769231
负责,6.727273
负责人,5.791667
负债,5.391304
负重,4.904762
妇科,5.271429
妇女,6.153846
妇人,5.666667
妇孺,5.153846
妇孺皆知,5.269231
附带,4.481481
附和,5.296296
附加,6.0
附加费,5.409091
附件,5.636364
附近,6.592593
附录,6.5
附上,4.583333
附属,5.772727
附有,3.809524
附着,5.727273
附注,4.72973
驸马,4.414286
赴汤蹈火,4.958333
赴宴,5.347826
赴约,6.142857
复查,5.014286
复仇,5.25
复出,5.5
复读,5.08
复发,5.583333
复方,4.269231
复工,5.869565
复古,5.875
复合,5.75
复核,4.04
复活,6.541667
复旧,4.961538
复牌,2.607143
复赛,5.608696
复审,4.442857
复式,4.166667
复试,6.074074
复述,5.416667
复数,5.346154
复苏,5.733333
复习,6.703704
复兴,5.40625
复议,4.285714
复印,6.444444
复原,5.173913
复杂,6.666667
复杂化,5.478261
复诊,5.086957
复制,6.444444
复制品,5.166667
副本,5.24
副词,5.925926
副攻,3.695652
副教授,5.961538
副刊,3.454545
副食,4.230769
副手,5.535714
副业,5.5
副职,4.703704
副作用,5.877551
赋诗,4.608696
赋税,4.836735
赋闲,5.166667
赋予,6.166667
富贵,6.333333
富含,4.333333
富豪,6.469697
富丽堂皇,5.153846
富民,4.761905
富强,6.136364
富饶,6.542857
富人,6.137255
富商,5.959184
富庶,4.92
富翁,6.371429
富有,6.269231
富于,5.214286
富余,6.117647
富裕,6.038462
富足,5.84375
腹背受敌,4.333333
腹部,5.869565
腹地,4.583333
腹肌,5.8
腹痛,5.815789
腹泻,6.264706
覆盖,6.352941
覆盖率,5.347826
覆水难收,4.521739
馥郁,4.230769
该死,6.606061
改版,4.960526
改编,5.961538
改变,6.32
改朝换代,4.625
改成,5.565217
改动,4.571429
改革,5.714286
改观,6.1
改建,4.639175
改进,6.363636
改口,5.269231
改良,6.0
改名,5.807692
改判,4.157143
改签,5.083333
改日,6.314286
改善,6.5
改天,6.037037
改天换地,4.714286
改头换面,4.72
改为,5.0
改弦更张,3.071429
改弦易辙,3.285714
改邪归正,5.545455
改写,5.714286
改用,4.84
改造,6.321429
改正,6.37037
改制,5.1
改装,5.416667
改组,3.928571
丐帮,4.761905
钙化,5.086957
钙片,6.424242
盖棺论定,3.346154
盖帽,4.681818
盖章,6.0
盖子,5.88
概况,5.923077
概括,5.703704
概率,5.64
概莫能外,3.31
概念,6.714286
甘拜下风,5.22
甘草,4.74
甘苦,4.44
甘泉,5.818182
甘甜,6.791667
甘心,6.875
甘油,4.285714
甘于,5.510638
甘蔗,5.959184
肝癌,5.166667
肝病,4.571429
肝肠寸断,4.952381
肝胆相照,4.625
肝火,5.148936
肝脑涂地,4.807692
肝炎,5.212121
肝脏,6.392857
柑橘,6.454545
尴尬,6.16
杆菌,4.541667
赶超,4.877551
赶到,6.173913
赶赴,6.057143
赶回,5.346154
赶集,5.71875
赶紧,6.441176
赶尽杀绝,5.130435
赶快,5.56
赶来,5.702128
赶路,5.915714
赶忙,6.342857
赶上,5.652174
赶往,5.04
赶走,5.56
敢于,5.730769
感触,5.777778
感到,6.352941
感动,6.592593
感恩,6.333333
感恩戴德,5.424242
感恩节,5.36
感官,5.695652
感化,5.875
感激,6.634259
感激不尽,6.148148
感激涕零,5.458333
感觉,6.714286
感慨,6.382353
感冒,6.617647
感冒药,5.869565
感念,4.488182
感情,6.733333
感染,6.642857
感染力,5.846154
感人,6.666667
感伤,6.607143
感受,6.703704
感叹,6.685714
感叹号,5.96
感同身受,6.047619
感悟,5.652174
感想,6.676471
感谢,6.875
感性,5.925926
感言,6.0
感应,5.434783
感召,4.913043
感知,5.88
橄榄,5.36
橄榄绿,5.521739
橄榄油,5.38
干杯,5.875
干瘪,4.941176
干冰,5.166667
干部,6.457143
干柴,4.714286
干脆,6.466667
干道,3.93617
干掉,5.531915
干戈,4.592593
干果,5.392857
干旱,6.428571
干涸,5.666667
干活,5.875
干货,5.565217
干劲,5.4
干净,6.751225
干净利落,5.666667
干渴,6.272727
干枯,6.285714
干练,6.166667
干粮,6.352941
干扰,6.666667
干涩,5.46875
干涉,5.75
干事,4.875
干爽,5.608696
干洗,5.840909
干洗店,5.64
干细胞,4.32
干线,3.927835
干预,5.44
干燥,6.4
干着急,5.833333
刚愎自用,4.62
刚才,6.642857
刚刚,6.535714
刚好,6.04
刚劲,6.033333
刚烈,5.925926
刚强,5.857143
刚柔相济,5.26087
刚性,5.458333
刚毅,6.333333
刚正,5.769231
刚正不阿,5.0
肛门,6.0
纲举目张,4.333333
纲领,6.208333
纲要,5.895833
钢板,5.333333
钢笔,6.766667
钢材,4.44
钢厂,5.454545
钢管,5.678571
钢筋,5.84375
钢琴,6.566667
钢丝,5.444444
钢铁,6.636364
岗亭,4.227273
岗位,6.0
港币,4.904762
港股,3.708333
港口,5.222222
港湾,5.574468
港元,4.606061
杠杆,5.606061
杠铃,6.214286
高昂,6.214286
高傲,5.576923
高不可攀,5.0
高层,6.435185
高产,5.315789
高唱,5.44
高超,6.4
高潮,5.52
高处,6.173913
高大,6.382353
高档,6.0
高等,5.555556
高低,6.685714
高地,5.25
高度,6.428571
高端,5.242857
高额,5.888889
高尔夫,5.083333
高尔夫球,5.851064
高分,5.921053
高风亮节,4.952381
高峰,6.076923
高高,4.653846
高高在上,5.28
高歌,5.3
高歌猛进,5.125
高跟鞋,5.826087
高估,6.566667
高官,5.391304
高贵,6.102857
高寒,5.043478
高喊,5.72
高呼,5.954545
高级,6.0
高价,5.969697
高架,5.75
高洁,6.333333
高举,4.481481
高峻,4.555556
高开,3.111111
高亢,5.678571
高考,6.56
高科技,5.875
高空,6.181818
高丽参,3.960526
高粱,5.178571
高龄,6.071429
高楼,6.25
高明,5.863636
高能,5.217391
高攀,5.692308
高朋满座,4.958333
高频,5.48
高人,5.913043
高山,6.185185
高山流水,5.392157
高尚,6.357143
高烧,5.75
高深,5.64
高深莫测,5.636364
高升,5.16
高声,4.478261
高手,5.76
高耸,5.037037
高速,5.888889
高速公路,6.5
高台,4.571429
高谈阔论,5.925926
高调,6.5
高铁,6.914286
高头大马,5.0
高危,5.666667
高位,4.514286
高温,6.037037
高屋建瓴,4.447368
高息,3.542857
高下,4.826531
高效,5.592593
高新,4.468085
高薪,5.987179
高兴,6.818182
高血压,6.115385
高压,5.923077
高压电,5.444444
高雅,6.6
高音,5.644737
高于,5.5
高原,4.481481
高远,6.142857
高瞻远瞩,5.041667
高涨,6.371429
高者,3.913043
高枕无忧,5.28
高中,6.705882
高走,4.185185
羔羊,5.0
睾丸,5.851852
膏药,5.625
糕点,6.5
搞定,6.173913
搞怪,5.596491
搞鬼,5.245614
搞好,5.761905
搞笑,6.142857
稿酬,5.230769
稿费,4.771429
稿件,5.212766
稿纸,5.888889
稿子,6.518519
告白,6.013158
告别,6.384615
告辞,6.18963
告发,5.321429
告负,3.304348
告急,6.333333
告假,4.727273
告诫,6.69697
告密,6.666667
告破,4.0
告示,6.37037
告诉,6.407407
告退,5.56
告知,6.0
告终,5.266667
戈壁,4.8
戈壁沙漠,4.52
疙瘩,5.708333
哥哥,6.46875
哥们,6.078947
胳膊,6.576923
鸽子,5.8
搁浅,5.111111
搁置,6.2
割断,5.76
割裂,5.04
割舍,6.133333
歌唱,6.545455
歌词,6.409091
歌功颂德,4.96
歌剧,6.092593
歌剧院,5.652174
歌迷,5.457143
歌曲,6.653846
歌声,5.962963
歌手,6.662963
歌颂,6.0
歌舞,6.454545
歌谣,5.88
歌咏,4.04
革故鼎新,3.12
革命,6.636364
革新,4.653846
革职,4.042857
阁楼,5.333333
阁下,5.590909
格斗,5.08
格格不入,5.73913
格局,5.153846
格式,6.454545
格调,5.125
格外,6.571429
格言,6.107143
格栅,2.782609
格子,5.363636
隔岸观火,4.869565
隔壁,6.571429
隔断,5.966667
隔阂,5.8
隔间,4.958333
隔绝,5.5
隔离,6.566667
隔膜,5.125
隔靴搔痒,3.478261
隔夜,5.555556
隔音,6.035714
膈膜,3.846154
个案,5.75
个别,5.928571
个股,2.409091
个人,6.714286
个人赛,5.608696
个体,5.791667
个头,6.227273
个位,5.173913
个性,5.68
个子,6.75
各奔东西,5.12
各奔前程,5.04
各处,6.352941
各得其所,6.0
各地,6.107143
各方,5.217391
各个,5.64
各国,5.857143
各行各业,5.727273
各行其是,4.815789
各级,4.833333
各家,5.210526
各界,4.565217
各尽所能,5.307692
各就各位,5.727273
各人,5.272727
各式,4.26
各式各样,5.695652
各抒己见,6.0
各位,6.233333
各显神通,5.173913
各异,4.285714
各有千秋,5.809524
各种,6.208333
各种各样,5.868421
各自,6.409091
各自为政,5.035714
各族,5.041667
给付,4.954545
给力,5.787879
给予,6.37037
根本,6.296296
根部,5.125
根除,5.44
根基,5.814815
根茎,5.148936
根据,6.214286
根据地,4.8
根深蒂固,5.681818
根深叶茂,4.925926
根须,6.242424
根源,6.269231
根治,5.043478
跟风,5.826087
跟进,5.08
跟前,5.962963
跟随,5.3125
跟随者,5.458333
跟帖,4.657143
跟着,6.086957
跟踪,5.833333
耕地,6.4
耕耘,6.4
耕种,5.5
耕作,5.730769
耿耿于怀,5.565217
耿直,5.538462
哽咽,6.0
梗塞,4.875
更迭,5.045455
更改,5.923077
更换,6.75
更加,5.884615
更名,4.777778
更年期,6.0
更替,5.538462
更新,6.703704
更新换代,5.708333
更正,6.125
工厂,6.192308
工场,5.208333
工程,6.218915
工程师,5.333333
工地,6.411765
工蜂,4.333333
工夫,6.071429
工会,5.045455
工价,4.12
工匠,5.857143
工具,6.318182
工具书,5.904762
工龄,4.961538
工钱,5.083333
工人,6.676471
工伤,5.657895
工商,5.2
工事,4.942857
工头,5.484848
工序,5.392857
工业,6.102381
工业化,5.391304
工艺,6.25
工友,5.5
工整,6.111111
工种,5.125
工资,6.875
工作,6.233333
工作狂,5.583333
弓箭,5.276596
公安,5.909091
公安局,5.791667
公办,5.434783
公报,4.934211
公布,6.32
公厕,6.26087
公车,5.647059
公尺,5.552632
公道,5.928571
公德,5.24
公敌,5.26087
公房,5.130435
公费,6.178571
公愤,5.166667
公告,6.307692
公公,5.705882
公共,6.377778
公共场所,6.291667
公关,6.583333
公馆,5.340909
公函,3.52
公鸡,6.424242
公爵,4.52
公开,6.588235
公开信,5.185185
公款,4.84
公立,6.314286
公路,6.7
公民,6.583333
公募,5.26087
公墓,5.04
公牛,5.785714
公平,6.428571
公婆,5.934211
公仆,5.36
公然,5.730769
公认,6.37037
公社,4.043478
公示,6.75
公式,6.75
公事,5.785714
公司,5.769231
公私,4.884615
公诉,4.75
公堂,3.73913
公投,4.939394
公文,5.375
公务,6.457143
公务员,6.208333
公信力,5.217391
公演,4.880952
公义,5.173913
公益,6.481481
公映,4.68
公用,5.6
公有,5.583333
公寓,6.470588
公元,5.777778
公园,6.401818
公约,5.214286
公允,5.178571
公章,5.565789
公正,6.2
公证,5.766667
公职,5.041667
公众,6.230769
公主,6.0
公子,5.56
公子哥儿,5.173913
功臣,5.857143
功成名就,5.095238
功成身退,5.578947
功德,5.692308
功德无量,5.271429
功底,5.769231
功夫,6.24
功耗,4.75
功课,6.0
功劳,6.2
功力,4.857143
功利,5.307692
功率,5.636364
功能,6.21875
功能性,5.416667
功效,6.074074
功勋,5.115385
功用,5.08
攻打,5.933333
攻读,5.09375
攻防,5.318182
攻关,5.269231
攻击,6.4
攻坚,5.173913
攻克,6.088235
攻略,5.727273
攻破,5.538462
攻其不备,5.086957
攻势,5.217391
攻守,4.625
攻无不克,5.306122
攻陷,6.566667
宫殿,6.5
宫女,5.074074
宫廷,4.961538
恭贺,5.791667
恭候,4.888889
恭敬,5.90625
恭顺,5.08
恭维,5.4
恭喜,6.818182
恭迎,5.020408
觥筹交错,4.727273
巩固,6.566667
拱门,4.3
拱桥,5.966667
拱手,6.433333
拱形,5.821429
共产党,6.0
共产主义,6.0
共处,5.434783
共存,5.513158
共度,5.5
共犯,5.08
共和,5.347826
共和国,6.217391
共计,4.961538
共建,5.342105
共聚,4.84
共鸣,6.205882
共谋,5.142857
共商,4.42
共生,5.086957
共时,3.88
共识,6.411765
共事,5.521739
共同,6.8
共享,6.333333
共性,6.4
共赢,5.923077
共有,5.108108
共振,5.285714
贡品,5.136364
贡献,6.076923
供不应求,5.416667
供词,5.217391
供电,5.848485
供奉,5.681818
供稿,4.12
供给,6.4
供货,5.333333
供暖,5.636364
供气,4.846154
供求,6.214286
供热,4.652174
供认,5.642857
供述,4.956522
供水,5.625
供图,4.291667
供销,4.555556
供需,5.434783
供养,6.2
供应,5.962963
供应量,4.956522
供职,4.28
勾当,5.785714
勾画,4.64
勾结,5.44375
勾勒,5.538462
勾心斗角,5.72
勾引,6.625
佝偻,5.411765
沟壑,5.033333
沟渠,4.96
沟通,6.5
钩子,6.533333
篝火,5.462912
苟活,4.608696
苟同,5.0
苟延残喘,4.96
狗狗,6.590909
狗急跳墙,5.884615
狗血喷头,4.673469
狗仗人势,4.92
枸杞,5.695652
构成,5.917037
构架,5.740741
构件,4.391304
构建,6.685714
构思,6.37037
构图,5.538462
构想,5.941176
构造,5.96875
构筑,4.24
购车,5.530612
购得,4.851852
购房,6.272727
购进,5.0
购买,6.6
购买欲,5.62
购票,5.772727
购入,5.52381
购物,6.625
购销,3.871429
购置,5.769231
诟病,5.409091
够用,5.826087
估计,6.038462
估价,5.323529
估量,6.205882
估算,6.505291
估值,5.714286
咕哝,3.625
沽名钓誉,3.888889
孤单,5.962963
孤岛,4.958333
孤独,6.37037
孤儿,5.71875
孤儿寡母,5.387755
孤儿院,5.057143
孤芳自赏,5.416667
孤寂,6.342857
孤苦,6.357143
孤苦伶仃,5.613636
孤立,6.114802
孤零零,5.962963
孤陋寡闻,5.666667
孤僻,6.393939
孤掌难鸣,4.73913
孤注一掷,4.925926
姑姑,6.685714
姑娘,6.666667
姑且,6.213904
姑息,4.521739
姑息养奸,3.92
姑爷,5.227273
辜负,5.9
古板,5.489796
古堡,5.2
古城,5.3
古代,6.481481
古道,4.4
古道热肠,4.38
古典,5.964286
古典文学,5.375
古董,5.129032
古都,5.222222
古怪,6.25
古籍,5.130435
古迹,6.074074
古建筑,5.086957
古今,6.606061
古老,5.892857
古墓,5.276316
古朴,5.454545
古琴,5.535714
古人,6.185185
古色古香,5.347826
古生物,4.923077
古诗,5.6
古树,4.333333
古寺,4.296296
古铜色,5.166667
古玩,5.173913
古往今来,5.545455
古为今用,5.636364
古文,5.48
古物,4.958333
古语,4.8
古镇,4.985714
古筝,5.909091
古装,5.8
古装戏,5.608696
谷仓,4.75
谷底,4.846154
谷物,5.333333
谷雨,4.0
谷子,5.96
股本,3.769231
股东,4.954545
股份,5.181818
股价,5.375
股民,5.531915
股票,5.148148
股权,4.434783
股市,5.333333
股数,3.08
股息,3.346154
股指,3.380952
骨干,5.222222
骨骼,6.259259
骨灰,5.666667
骨架,5.541667
骨科,5.571429
骨气,6.514286
骨肉,5.769231
骨瘦如柴,5.25
骨髓,5.766667
骨头,6.535714
骨折,5.954545
骨质,5.0
鼓吹,4.5
鼓动,5.36
鼓劲,5.151515
鼓励,6.464286
鼓膜,3.565217
鼓声,5.26
鼓手,5.254902
鼓舞,6.28
鼓噪,3.583333
鼓掌,5.814815
固定,6.0
固化,4.954545
固然,4.92
固若金汤,4.08
固守,4.238095
固体,6.733333
固有,5.223647
固执,6.37037
故宫,6.09375
故居,5.958333
故里,4.375
故弄玄虚,5.458333
故人,6.15625
故事,6.714286
故态复萌,3.64
故土,6.464286
故乡,6.857143
故意,6.481481
故障,6.529412
顾此失彼,5.0
顾及,6.142857
顾忌,6.035714
顾客,6.19375
顾虑,5.96875
顾名思义,5.625
顾念,5.060606
顾全大局,5.869565
顾问,5.666667
顾问团,3.375
顾影自怜,4.230769
顾主,4.44
雇佣,4.814815
雇用,4.904762
雇员,5.36
雇主,6.151515
瓜分,6.214286
瓜葛,4.238095
瓜果,6.272727
瓜熟蒂落,4.807692
瓜子,6.657143
刮风,6.407407
刮目相看,5.73913
刮痧,5.478261
寡不敌众,4.842857
寡妇,6.575758
寡廉鲜耻,2.918919
寡人,5.037037
寡言,4.585714
挂彩,5.391304
挂车,4.217391
挂断,5.807692
挂钩,6.095238
挂号,6.554367
挂号信,4.28
挂靠,4.757576
挂念,6.071429
挂牌,4.863636
挂失,5.259259
挂帅,4.095238
挂心,4.416667
挂一漏万,2.26087
挂职,4.095238
挂钟,5.875
乖乖,5.73913
乖戾,3.0
乖僻,3.73913
乖巧,5.740741
拐带,3.92
拐点,4.75
拐卖,5.76
拐弯,5.730769
拐弯抹角,5.923077
拐杖,5.769231
怪不得,5.763158
怪诞,5.247619
怪模怪样,4.863636
怪僻,5.407407
怪圈,4.72
怪兽,5.538462
怪物,5.923077
怪异,5.32
怪罪,5.042553
关爱,6.8
关闭,6.875
关掉,6.166667
关乎,5.045455
关怀,6.396011
关机,6.192308
关键,6.764706
关键字,6.0
关节,6.708333
关节炎,6.285714
关卡,5.659574
关口,4.652174
关联,6.509804
关门,6.740741
关切,6.323529
关上,5.680851
关税,5.969697
关停,4.75
关头,5.464286
关系,6.566667
关心,6.4
关押,4.444444
关于,6.766667
关照,6.542857
关注,6.592593
观测,6.485714
观察,6.433333
观察站,4.666667
观点,6.592593
观感,5.552632
观光,6.37037
观景,4.92
观看,6.461538
观摩,5.04
观念,6.457108
观赛,6.030303
观赏,5.954545
观望,6.009615
观音,4.875
观影,6.192308
观展,5.49
观战,5.958333
观者,3.434783
观众,6.5
观众席,5.8
官兵,5.705882
官差,4.541667
官场,4.291667
官邸,4.925926
官方,6.433333
官吏,5.5
官僚,6.107143
官司,6.484848
官网,6.357143
官员,5.92
官长,4.12
官职,5.521739
棺材,5.68
馆藏,5.0
馆长,4.833333
管道,4.541667
管风琴,4.44
管工,4.452381
管家,5.764706
管教,6.035714
管控,5.347826
管乐,4.304348
管理,6.606061
管理处,5.434783
管事,4.76
管束,6.148148
管网,2.458333
管辖,5.176471
管线,2.0
管用,5.884615
管制,5.769231
管中窥豹,4.72
管状,4.666667
管子,5.644444
贯彻,6.035714
贯穿,6.545455
贯通,4.98
冠军,6.074074
冠冕堂皇,4.5
冠名,5.652174
冠心病,4.565217
惯例,6.625
惯性,5.56
惯用,5.448718
灌溉,5.821429
灌木,5.84375
灌输,5.6
灌注,4.68
罐头,6.294118
光彩,5.964286
光彩夺目,5.652174
光大,3.652174
光电,5.259259
光碟,6.0
光度,3.8
光顾,6.452381
光怪陆离,4.434783
光棍,5.555556
光滑,6.147059
光环,5.074074
光辉,6.222222
光洁,4.192308
光景,5.538462
光缆,4.333333
光亮,5.62963
光临,5.794118
光溜溜,5.545455
光芒,6.192308
光芒四射,5.1
光明,6.785714
光明磊落,5.785714
光明正大,5.884615
光年,5.730769
光盘,6.32
光谱仪,3.816327
光圈,5.0
光荣,6.454545
光速,5.521739
光天化日,5.75
光头,6.125
光纤,4.666667
光鲜,6.0
光线,5.964286
光学,4.730769
光耀,4.208333
光阴,5.8
光阴似箭,5.727273
光影,4.851852
光源,5.5
光泽,5.8125
光照,5.833333
光宗耀祖,5.772727
广播,6.428571
广播剧,5.88
广播站,5.904762
广博,4.730769
广场,6.785714
广大,6.555556
广度,4.818182
广泛,6.333333
广泛性,5.565217
广告,6.52
广告牌,5.938144
广开言路,4.565217
广阔,5.730769
广阔无垠,5.5
广袤,5.785714
广义,5.52
逛逛,5.858974
逛街,6.074074
归案,4.782609
归队,5.416667
归功,5.227273
归国,5.121622
归还,6.333333
归结,5.32
归咎,3.809524
归来,6.035714
归类,5.489796
归纳,6.115385
归去,4.913043
归入,3.826087
归属,6.038462
归属感,5.782609
归天,3.714286
归途,5.0
归位,4.444444
归西,5.085106
归心似箭,5.44
归宿,6.5
归依,4.776316
归隐,5.772727
归于,6.087037
龟裂,3.541667
龟缩,5.472884
规避,4.938776
规程,5.043478
规定,6.323529
规范,6.481481
规格,6.529412
规划,6.685714
规矩,6.444444
规例,5.428571
规律,6.307692
规模,6.259259
规约,5.428571
规则,6.411765
规章,6.375
皈依,3.107143
闺女,6.166667
闺秀,4.914286
瑰宝,5.6875
瑰丽,5.145833
轨道,5.72
轨迹,5.535714
诡辩,5.566667
诡计,6.363636
诡计多端,5.416667
诡异,5.772727
诡诈,5.464286
鬼才,5.108108
鬼斧神工,4.742857
鬼怪,4.851852
鬼鬼祟祟,5.111111
鬼混,4.96
鬼魂,5.361702
鬼节,5.166667
鬼哭狼嚎,5.565217
鬼迷心窍,4.871429
鬼使神差,4.952381
鬼子,5.375
柜台,5.884615
柜子,6.153846
刽子手,4.458333
贵宾,6.285714
贵妃,4.75
贵贱,5.428571
贵金属,5.761905
贵客,5.88
贵人,5.228571
贵姓,5.40625
贵重,6.076923
贵族,6.314286
桂冠,4.363636
桂花,6.588235
跪拜,4.826087
跪地,5.875
跪下,5.125
滚蛋,6.153846
滚动,6.5
滚瓜烂熟,5.8
滚滚,4.074074
滚轮,3.969072
滚水,3.423077
滚烫,6.090909
滚圆,4.433333
棍棒,5.761905
棍子,6.6
聒噪,5.773284
锅盖,5.571429
锅炉,5.666667
国宝,6.571429
国策,5.115385
国产,6.0
国粹,5.6
国道,5.130435
国度,4.875
国防,5.615385
国防部,5.416667
国歌,6.481481
国画,5.074074
国徽,6.259259
国货,5.957447
国籍,5.875
国际,5.72
国际法,5.269231
国际象棋,5.08
国家,6.535714
国家栋梁,5.605263
国脚,3.875
国界,5.723404
国库,5.26087
国力,4.909091
国立,3.84
国门,4.958333
国民,6.411765
国旗,6.55875
国情,6.037037
国庆,6.381054
国人,6.0
国色天香,5.863636
国事,6.233333
国手,2.52
国税,5.178571
国泰民安,5.956522
国土,6.606061
国王,5.708333
国务,4.916667
国学,5.961538
国药,4.513158
国营,5.489362
国有,6.142857
国语,5.333333
国债,4.858974
果断,6.5
果敢,5.037037
果酱,5.52381
果农,5.265306
果然,6.25
果仁,5.705882
果实,6.352941
果蔬,6.269231
果树,6.533333
果糖,6.0
果园,6.093407
果真,5.285417
果汁,6.821429
果子,6.272727
裹足不前,3.576923
过半,5.391304
过程,6.636364
过错,6.529412
过道,5.409091
过冬,6.263571
过度,5.571429
过渡,5.248575
过多,6.259259
过分,6.397487
过关,5.75
过关斩将,4.886598
过河拆桥,5.12
过后,5.12
过户,5.208333
过火,5.04
过激,6.235294
过奖,6.333333
过街老鼠,5.26087
过节,6.02
过境,4.6
过客,5.375
过来,6.285714
过来人,6.0
过量,5.652174
过路,5.125
过滤,5.64
过滤器,4.75
过敏,6.178571
过敏症,5.083333
过目成诵,4.723684
过年,6.642857
过期,6.708333
过去,6.535714
过热,4.518519
过人,5.625
过日子,5.565217
过剩,6.228571
过失,5.555556
过时,6.333333
过世,5.782609
过头,5.52
过往,6.657143
过问,6.454545
过眼云烟,5.73913
过夜,6.791667
过瘾,6.036429
过硬,5.5
过犹不及,4.938776
过于,6.5
过早,5.4
过招,5.708333
过重,5.791667
哈达,3.84
哈欠,6.5
蛤蟆,5.423077
还贷,5.28
还给,5.44
还魂,4.0
还击,5.04
还款,6.272727
还是,6.464286
还手,5.571429
还原,6.529412
还债,5.285714
孩童,5.652174
孩子,6.513736
骸骨,4.855263
海岸,5.875
海岸线,5.16
海拔,5.9375
海报,6.037037
海滨,6.085714
海参,5.638695
海床,3.8
海带,6.222222
海岛,5.673469
海盗,5.588235
海底,5.269231
海底捞月,5.565217
海风,5.333333
海港,4.833333
海沟,4.304348
海关,5.966667
海景,4.92
海军,5.75
海枯石烂,5.2
海阔天空,5.242857
海浪,6.433333
海量,4.896907
海流,4.583333
海龙,3.391304
海路,3.757143
海马,5.238095
海绵,6.321429
海鸥,6.035714
海派,3.542857
海狮,4.217391
海市蜃楼,4.642857
海事,4.0
海水,5.8
海滩,5.88
海棠,5.086957
海豚,6.352941
海外,5.555556
海峡,5.461538
海鲜,6.6
海啸,5.818182
海选,5.238095
海洋,6.727273
海域,6.458333
海运,5.166667
海藻,6.363636
骇人听闻,5.5
害虫,5.846154
害怕,6.2
害群之马,5.391304
害人,5.869565
害臊,6.0
害羞,6.529412
酣睡,5.148148
憨厚,6.6
憨笑,5.4
憨直,4.90625
鼾声,5.619318
含糊,5.37037
含混,5.0
含泪,5.4
含量,6.235294
含情脉脉,5.681818
含沙射影,4.32
含笑,5.222222
含辛茹苦,5.08
含蓄,5.849375
含义,5.875
含意,4.875
含有,5.28
含冤,5.47619
函授,2.636364
函数,5.75
涵洞,3.4
涵盖,6.484848
涵养,5.32
韩国,5.958333
韩文,5.291667
韩元,4.636364
寒带,5.038462
寒冬,5.5
寒风,6.107143
寒假,6.5
寒来暑往,4.75
寒冷,6.24
寒流,5.62963
寒露,4.954545
寒气,5.428571
寒舍,5.083333
寒酸,6.148148
寒微,4.037037
寒暄,5.461538
寒意,5.5
罕见,5.970588
喊话,5.592593
喊叫,6.455882
汉堡,5.869565
汉堡包,5.82
汉朝,5.642857
汉奸,5.590909
汉语,6.892857
汉子,5.869565
汉字,6.928571
汉族,6.628571
汗流浃背,5.754386
汗马功劳,4.88
汗牛充栋,3.791667
汗青,4.628571
汗水,6.714286
汗腺,5.666667
汗珠,6.08
旱季,5.541667
旱情,4.0
旱灾,5.37037
捍卫,6.181818
悍匪,4.434783
焊接,5.0
撼动,4.8
憾事,4.94
夯实,4.782609
行车,5.886029
行程,6.363636
行当,4.36
行动,5.909091
行规,5.0
行贿,6.3
行家,5.970588
行将就木,3.392857
行进,5.823864
行径,3.846154
行军,6.0
行礼,6.352941
行李,6.470588
行李箱,6.259259
行列,6.583333
行囊,5.148148
行骗,5.086957
行乞,4.08
行窃,5.269231
行情,5.65625
行人,6.62963
行善积德,5.350515
行尸走肉,5.511111
行使,5.961538
行驶,6.575758
行事,4.857143
行书,5.16
行为,6.230769
行星,6.095571
行凶,5.571429
行业,6.678571
行医,4.619048
行云流水,5.606061
行长,4.954545
行政,5.730769
行政区,5.666667
行之有效,4.769231
行踪,6.321429
行走,5.925926
航班,5.666667
航程,6.625
航道,5.181818
航海,6.545455
航海家,5.458333
航行,5.296296
航空,5.695652
航空母舰,5.653846
航路,4.76
航母,5.565217
航拍,5.14
航天,6.037037
航天员,5.791667
航线,5.136364
航运,5.40625
毫不,6.367647
毫发,5.125
毫毛,5.392857
毫米,6.090909
毫无,5.958333
毫无二致,3.875
毫无疑问,6.347826
豪放,5.518519
豪华,6.214286
豪杰,5.615385
豪迈,6.142857
豪门,5.916667
豪气,5.416667
豪强,4.481481
豪情,6.285714
豪情壮志,5.642857
豪爽,6.076923
豪言壮语,5.1
豪宅,5.333333
壕沟,3.6
嚎叫,5.772727
嚎哭,5.125
好比,6.0
好不容易,6.045455
好吃,6.26087
好吃懒做,5.478261
好处,6.733333
好大喜功,5.142857
好歹,5.730769
好动,5.5
好多,6.8
好恶,4.16
好感,6.558824
好高骛远,5.545455
好过,5.208333
好汉,5.3125
好坏,5.964286
好久,6.566667
好看,6.928571
好客,5.88
好评,6.434783
好奇,6.333333
好奇心,6.653846
好强,6.125
好人,6.434783
好人家,5.478261
好色,6.185185
好胜,6.307692
好胜心,5.954545
好似,5.59375
好事,6.714286
好事多磨,5.652174
好手,5.217391
好受,4.961538
好听,6.5
好玩,6.291667
好为人师,5.086957
好戏,5.939394
好像,6.735294
好笑,6.501374
好些,6.678571
好心,6.633333
好学,6.7
好逸恶劳,4.62963
好意,6.090909
好用,6.238095
好友,5.8
好运,6.196078
好转,6.597148
好走,5.315789
号称,6.666667
号角,5.52
号哭,3.785714
号令,5.814815
号码,6.8
号牌,5.791667
号啕大哭,5.304348
号外,4.92
号召,6.136364
号召力,5.571429
号子,4.72
耗材,4.428571
耗费,6.628571
耗尽,5.5
耗时,5.52
耗油量,4.92
耗资,5.045455
浩大,6.4
浩荡,6.088235
浩瀚,5.44
浩浩荡荡,5.424242
浩劫,6.0
浩渺,5.385714
浩气,5.285714
浩气长存,4.64
浩然,5.142857
浩如烟海,4.625
皓月,4.96
呵斥,6.1
呵护,6.670455
呵欠,5.130435
喝彩,6.958333
喝茶,6.357143
喝到,4.869565
喝酒,5.32
禾苗,6.142857
合办,5.666667
合抱,4.407407
合并,5.828125
合唱,5.814815
合成,6.75
合二为一,5.818182
合法,6.37037
合格,6.535714
合乎,4.52
合伙,5.929825
合伙人,5.625
合计,5.818182
合金,5.227273
合理,6.470588
合理化,5.173913
合力,4.795918
合拢,5.423077
合谋,4.461538
合拍,5.8
合情合理,5.695652
合身,6.2
合适,5.925926
合算,6.323529
合同,6.352273
合一,5.086957
合影,6.481481
合约,5.222222
合照,6.010204
合资,6.029412
合奏,5.5625
合作,6.0625
何必,6.09375
何不,5.884615
何尝,5.925926
何等,4.962963
何妨,6.333333
何苦,6.636364
何况,6.583333
何时,6.407407
何以,5.441176
何止,5.2
和蔼,6.333333
和蔼可亲,5.76
和风,4.615385
和风细雨,5.772727
和服,5.321429
和好,6.558824
和解,5.653846
和局,4.782609
和睦,6.458333
和睦相处,6.163265
和盘托出,4.605263
和平,6.321429
和气,5.884615
和亲,5.086957
和善,6.833333
和尚,5.538462
和声,4.88
和谈,5.272727
和谐,6.538462
和煦,5.222222
和颜悦色,5.444444
和约,4.913043
河岸,6.321429
河边,5.913043
河床,4.0
河道,5.84375
河堤,5.666667
河段,5.043478
河谷,6.066667
河流,6.142857
河马,5.424242
河畔,6.029412
河水,6.24
河豚,5.969697
河沿,5.364286
荷花,6.222222
荷叶,6.75
核查,5.407895
核弹,4.652174
核电,4.12
核电站,4.962963
核定,4.391304
核对,5.962963
核发,3.913043
核辐射,5.608696
核能,6.085714
核实,5.615385
核算,5.407895
核桃,6.633333
核武器,5.234043
核心,6.25
核准,5.333333
盒饭,6.392857
盒子,6.666667
贺词,5.52
贺电,5.392857
贺卡,6.766667
贺礼,5.761905
贺岁片,5.565217
贺信,5.0
赫然,5.339461
褐色,6.5
鹤发童颜,4.151515
鹤立鸡群,5.12
黑暗,6.638258
黑白,6.735294
黑板,6.296296
黑帮,5.102041
黑豹,4.782609
黑车,5.083333
黑道,5.309524
黑洞,5.515152
黑发,6.318182
黑乎乎,5.428571
黑客,6.285714
黑马,5.666667
黑幕,4.68
黑棋,5.486842
黑钱,4.28
黑人,5.846154
黑色,6.958333
黑手,4.96
黑心,5.714286
黑夜,6.678571
黑黝黝,5.489362
黑云,3.653846
痕迹,4.888889
很多,6.013158
很快,6.296296
狠毒,6.178571
狠心,6.542857
狠抓,4.69697
恨不得,5.644737
恨之入骨,5.666667
恒久,4.458333
恒温,4.761905
恒心,5.612245
恒星,6.333333
横财,5.416667
横冲直撞,5.695652
横穿,5.625
横传,3.76
横幅,6.0
横贯,3.56
横行,5.647059
横行霸道,5.08
横行无忌,4.802632
横跨,6.266667
横梁,4.848485
横眉怒目,5.583333
横七竖八,5.291667
横扫,4.846154
横向,6.242424
衡量,6.363636
轰动,6.357143
轰轰烈烈,5.347826
轰隆隆,5.038462
轰鸣,5.470588
轰响,6.151515
轰炸,5.791818
烘干,6.142857
烘烤,6.666667
烘托,5.962963
弘扬,6.484848
红包,6.705882
红茶,5.771429
红尘,5.272727
红灯,5.92
红豆,5.380952
红花,5.173913
红火,5.846154
红酒,5.653846
红军,5.777778
红利,4.416667
红领巾,5.939394
红木,5.769231
红娘,5.393939
红牌,4.961538
红旗,6.431875
红人,4.939394
红润,5.074074
红色,6.714286
红薯,5.957447
红树林,4.208333
红彤彤,5.52
红土,4.272727
红心,4.52
红星,5.384615
红艳艳,5.208333
红叶,5.227273
红枣,6.111111
红肿,5.846154
宏大,6.154762
宏观,6.515152
宏伟,6.4
虹膜,3.86
洪涝,5.291667
洪亮,6.535714
洪流,5.565789
洪水,5.962963
洪灾,5.181818
鸿沟,4.708333
鸿毛,4.130435
鸿篇巨制,3.32
哄动,4.392857
哄骗,5.75
哄堂大笑,5.615385
侯门,3.619048
喉咙,5.84
喉舌,4.5
猴子,6.181818
吼叫,5.521739
后备,5.541667
后背,6.0
后辈,6.496881
后场,4.977273
后代,6.733333
后盾,4.714286
后发制人,5.458333
后方,6.666667
后防,4.652174
后顾之忧,5.571429
后果,6.296296
后患无穷,5.583333
后悔,6.368148
后会有期,5.074074
后进,3.625
后劲,5.592105
后空翻,5.44
后来,6.24
后来居上,5.12
后轮,4.956522
后门,5.681818
后面,6.329167
后母,4.24
后脑,5.25
后年,5.074074
后怕,4.75
后起之秀,4.826087
后勤,6.3
后人,6.1
后生可畏,6.076923
后市,3.44
后事,5.62963
后手,4.142857
后嗣,4.321429
后台,6.464286
后天,6.37037
后腿,5.84
后退,6.407407
后卫,4.58
后续,6.0
后腰,4.969697
后遗症,5.458333
后裔,5.041667
后院,5.5
后者,5.84
后座,6.47619
厚爱,6.037037
厚此薄彼,4.692308
厚待,6.285714
厚道,6.333333
厚度,5.84
厚古薄今,4.333333
厚厚,3.956522
厚积薄发,5.464286
厚礼,5.878788
厚实,5.807692
厚望,5.418367
厚重,6.515152
候补,5.115385
候车,5.333333
候机室,5.708333
候鸟,5.03125
候选,5.818182
候选人,5.652174
候诊,5.0
呼风唤雨,5.0
呼喊,6.571429
呼号,5.480952
呼唤,6.484848
呼叫,5.857143
呼救,6.235294
呼噜,6.4
呼声,5.954545
呼吸,6.8
呼啸,5.4
呼吁,6.107143
呼应,5.666364
忽略,6.742857
忽然,6.714286
忽闪,5.107143
忽视,6.0625
忽悠,5.892857
囫囵,3.869565
狐假虎威,5.545455
狐狸,5.769231
狐朋狗友,5.555556
弧线,5.222222
弧形,5.678571
胡扯,6.0
胡椒,5.884615
胡乱,6.090909
胡闹,5.807692
胡说八道,5.72
胡思乱想,6.0
胡桃,5.347826
胡同,6.107143
胡须,6.366667
胡言,4.875
胡诌,4.933333
胡子,6.16
胡作非为,5.0
葫芦,5.933333
湖泊,5.666667
湖光山色,5.375
湖畔,5.710526
湖区,4.608696
湖水,5.0
蝴蝶,6.333333
糊口,5.592593
糊里糊涂,5.625
糊弄,5.923077
糊涂,6.037037
虎背熊腰,5.190476
虎口,5.555556
虎口拔牙,5.021277
虎口余生,4.416667
虎年,5.666667
虎视眈眈,5.468085
虎头虎脑,5.333333
虎头蛇尾,4.695652
虎穴,5.761905
琥珀,5.130909
互补,6.357143
互动,5.777778
互访,4.391753
互换,5.8
互惠,5.304348
互利,5.769231
互联,5.375
互联网,6.125
互通,5.041667
互为,4.56
互相,6.771429
互信,5.0
互助,6.5
户户,3.363636
户籍,6.0
户口,5.851852
户外,5.791667
户型,5.304348
户主,5.636364
护城河,5.22449
护肤,5.714286
护工,5.28
护航,4.371429
护栏,5.888889
护理,6.318182
护盘,2.68
护士,6.69697
护送,5.48
护卫,5.16
护照,5.652174
花白,5.9
花瓣,6.481481
花苞,6.099265
花草,6.470588
花丛,6.269231
花旦,4.342857
花灯,5.557692
花店,5.833333
花掉,5.583333
花朵,6.32
花儿,5.857143
花费,6.607143
花粉,5.821429
花岗岩,5.47619
花好月圆,5.66
花红,4.826531
花花绿绿,5.821429
花花世界,5.333333
花卉,6.088235
花甲,6.038462
花椒,6.424242
花篮,5.52381
花蕾,5.52
花里胡哨,5.538462
花蜜,4.597938
花木,5.263636
花鸟,5.26087
花盆,6.323529
花瓶,6.392857
花钱,6.541667
花圈,6.208333
花容月貌,5.150538
花蕊,6.0
花色,5.826087
花生,6.153846
花生酱,5.740741
花市,4.818182
花式,5.125
花坛,6.791667
花天酒地,5.787879
花团锦簇,4.84
花纹,6.148148
花香,5.5
花销,5.96
花心,6.148148
花絮,5.92
花言巧语,5.909091
花样,5.730769
花园,6.071429
花展,4.545455
花招,6.230769
花枝招展,4.809524
划拨,4.0
划船,5.2
划定,5.552632
划分,5.933333
划归,4.541667
划清,5.304348
划入,5.0
划伤,5.25
划时代,4.52
划算,6.392857
划为,5.08
华而不实,5.326531
华工,4.0
华贵,5.678571
华丽,6.633333
华美,4.884615
华侨,5.5
华人,5.772727
华裔,5.25
华语,6.205882
哗然,5.181818
哗众取宠,5.458333
滑冰,5.75
滑动,5.869565
滑行,6.625
滑稽,6.636364
滑落,5.708333
滑坡,5.464286
滑梯,5.73913
滑翔,5.32
滑翔伞,5.333333
滑雪,5.88
化肥,6.181818
化粪池,5.571429
化工厂,5.090909
化解,4.884615
化疗,4.888889
化名,5.538462
化身,5.043478
化石,5.68
化痰,3.846154
化为,5.583333
化为乌有,5.0
化纤,3.153846
化险为夷,4.962963
化学,6.307692
化学家,5.605263
化学武器,5.170213
化验,5.71875
化妆,6.12
化妆品,6.416667
化装,5.592593
化作,5.041667
画笔,5.869565
画饼充饥,5.416667
画册,5.666667
画地为牢,4.64
画风,5.36
画幅,4.571429
画集,5.367347
画家,6.514286
画卷,6.314286
画廊,5.526316
画龙点睛,5.5
画面,6.5
画派,4.952381
画蛇添足,5.6
画像,6.434783
画展,5.391304
画质,6.407407
画作,5.714286
话柄,4.75
话不投机,5.44
话费,5.961538
话剧,6.342857
话剧团,5.565789
话说,5.708333
话题,5.814815
话筒,6.407407
话音,4.88
话语,6.588235
怀抱,6.44
怀才不遇,5.217391
怀旧,6.5
怀念,6.542857
怀胎,5.166667
怀疑,6.24
怀疑论,4.36
怀有,5.333333
怀孕,5.851852
怀着,4.826087
坏处,6.833333
坏蛋,6.454545
坏人,6.142857
坏事,6.178571
坏死,4.428571
坏账,4.321429
欢畅,5.611111
欢唱,6.666667
欢度,6.041667
欢呼,6.293651
欢聚,6.071429
欢快,6.785714
欢乐,6.454545
欢庆,6.352941
欢声笑语,6.238095
欢送,6.214286
欢腾,5.222222
欢天喜地,5.808511
欢喜,6.75
欢笑,6.346154
欢笑声,5.73913
欢欣鼓舞,5.391304
欢颜,4.407407
欢迎,6.714286
欢愉,6.3
欢跃,5.626781
环保,6.6
环抱,6.0
环城,4.913043
环岛,5.391304
环顾,5.75
环节,5.615385
环境,6.617647
环路,4.5
环球,5.777778
环绕,6.606061
环线,4.08
环形,4.923077
寰宇,2.086957
缓步,4.76
缓冲,5.62
缓和,6.533333
缓缓,6.272727
缓解,6.205882
缓慢,6.529412
缓刑,4.791667
幻灯,4.428571
幻灯片,5.826087
幻觉,6.04
幻灭,5.041667
幻想,6.583779
幻象,5.2
幻影,6.366667
换班,5.578947
换成,4.666667
换乘,5.444444
换代,4.958333
换挡,5.363636
换届,4.92
换气,4.47619
换取,6.148148
换人,5.304348
换上,5.333333
换算,5.12
换位,5.71875
换下,4.958333
换血,4.56
换装,5.851852
唤起,4.973684
唤醒,6.333333
涣散,4.782609
浣熊,5.521739
患病,5.541667
患得患失,5.625
患儿,4.961538
患难,5.4
患难与共,5.632653
患上,5.038462
患有,5.956522
患者,6.464286
焕发,5.478261
焕然一新,5.285714
荒草,6.366667
荒诞,5.576923
荒岛,4.714286
荒地,5.291667
荒废,5.96
荒郊,6.074074
荒凉,5.375
荒谬,6.08
荒漠,6.342857
荒僻,5.136364
荒山,6.058824
荒唐,6.183201
荒无人烟,5.3
荒芜,5.111111
荒野,5.538462
荒原,6.257143
慌乱,6.4
慌忙,5.730769
慌张,6.181818
皇帝,6.357143
皇宫,5.478261
皇冠,4.958333
皇后,6.625
皇家,5.434783
皇上,5.461538
皇室,4.52381
皇族,5.375
黄灿灿,5.5
黄澄澄,4.412371
黄道吉日,5.652174
黄豆,5.782609
黄蜂,5.478261
黄瓜,6.928571
黄河,5.375
黄花,5.454545
黄昏,6.62963
黄金,6.12
黄酒,5.695652
黄粱美梦,5.16
黄牛,5.545455
黄牌,4.769231
黄泉,4.666667
黄色,6.647059
黄沙,5.555556
黄土,5.535714
黄种人,5.666667
惶恐,6.233333
蝗虫,5.708333
恍惚,4.92
恍然大悟,5.708333
恍如,4.407407
晃荡,6.366667
晃动,5.860417
谎称,5.222222
谎话,5.555556
谎言,6.285714
幌子,5.28
灰暗,5.708333
灰白,5.892857
灰尘,5.92
灰飞烟灭,4.761905
灰烬,5.714286
灰溜溜,5.653846
灰色,6.685714
灰头土脸,5.142857
灰心,5.615385
灰心丧气,4.485714
诙谐,5.259259
挥汗如雨,5.565217
挥毫,4.318182
挥霍,5.230769
挥金如土,5.515152
挥洒,4.818182
挥手,6.208333
挥舞,5.28
恢复,6.666667
恢弘,3.761905
恢宏,5.269231
辉煌,6.107143
麾下,3.695652
徽章,5.708333
回报,6.7
回报率,4.913043
回避,6.302381
回肠荡气,4.0
回程,5.407895
回传,3.818182
回答,6.3125
回荡,6.071429
回到,6.2
回访,5.666667
回放,6.0
回复,6.538462
回购,5.964286
回顾,6.529412
回光返照,5.222222
回归,6.411765
回国,5.6
回合,5.925926
回击,6.636364
回家,6.5
回敬,6.393939
回绝,5.296296
回扣,5.25
回馈,5.846154
回来,6.714286
回礼,6.076923
回流,5.045455
回笼,5.47619
回路,4.576923
回落,4.642857
回暖,5.347826
回迁,4.192308
回升,4.821429
回声,5.36
回收,6.341492
回首,6.176471
回调,5.171053
回头,6.0
回头是岸,5.833333
回吐,2.695652
回望,5.4
回味,6.606061
回乡,6.269231
回响,5.863636
回想,5.88
回心转意,5.107527
回信,5.380952
回旋,5.787879
回忆,6.24
回音,6.162037
回应,6.5
回赠,5.54
茴香,4.541667
蛔虫,5.521739
悔改,5.217391
悔过书,5.428571
悔恨,6.606061
悔悟,6.466667
悔罪,3.958333
毁坏,6.323529
毁灭,6.0
毁于一旦,5.26087
毁约,4.52381
汇报,6.259259
汇合,5.384615
汇集,5.730769
汇价,4.086957
汇聚,5.52
汇款,6.178571
汇率,4.111111
汇票,5.521739
汇入,5.727273
汇演,4.769231
汇总,5.25
会场,5.964286
会费,5.2
会馆,4.592593
会合,6.04
会计,6.708333
会计师,5.057143
会见,4.814815
会聚,4.37037
会考,5.541667
会客室,4.375
会面,6.185185
会商,4.083333
会师,4.659794
会所,5.357143
会谈,6.666667
会同,5.1
会晤,4.2
会心,5.04
会演,5.0
会议,6.433333
会意,5.666667
会员,5.782609
会展,5.461538
会战,4.695652
会长,5.68
会诊,5.535714
讳疾忌医,4.038462
讳莫如深,4.380952
荟萃,4.08
诲人不倦,4.78
绘画,6.625
绘声绘色,5.0
绘图,4.857143
绘制,5.392857
贿赂,5.636364
彗星,5.136364
晦涩,5.107143
惠顾,5.32
惠及,4.75
惠民,5.625
惠农,3.24
慧眼,5.28
昏暗,5.851852
昏倒,5.608696
昏黑,5.571429
昏黄,6.235294
昏聩,3.0
昏迷,5.884615
昏头昏脑,5.391304
昏庸,6.166667
荤菜,6.259259
婚礼,6.2
婚恋,5.772727
婚庆,5.619048
婚纱,5.857143
婚事,4.904762
婚宴,5.391304
婚姻,6.038462
浑蛋,5.75
浑厚,5.538462
浑浑噩噩,6.047619
浑然一体,5.863636
浑身,6.164815
浑水摸鱼,5.952381
浑圆,4.44
浑浊,6.264706
馄饨,6.037037
混搭,5.56
混蛋,6.142857
混沌,4.730769
混合,5.92
混合泳,3.969697
混迹,5.107143
混乱,6.1875
混凝土,5.230769
混入,6.037037
混为一谈,5.416667
混淆,5.64
混杂,5.692308
混战,5.695652
混账,5.208333
混浊,6.058824
魂不附体,5.625
魂不守舍,5.363636
魂飞魄散,5.208333
魂魄,5.925926
豁出去,5.618421
豁达,6.25
豁免,5.705882
豁然,5.375
豁然开朗,5.878788
活蹦乱跳,5.875
活动,6.642857
活该,6.25
活力,6.433333
活灵活现,5.423077
活埋,5.136364
活泼,6.481481
活菩萨,4.708333
活期,5.428571
活塞,4.608696
活水,4.76
活性,4.357143
活跃,6.685714
火把,5.84
火爆,5.727273
火柴,5.96
火场,5.185185
火车,6.588235
火车站,6.285714
火电,5.346154
火光,5.181818
火锅,6.863636
火海,5.212121
火红,5.0
火候,6.111111
火花,5.430912
火化,6.090909
火鸡,5.173913
火箭,6.25
火警,5.913043
火炬,6.428571
火坑,5.571429
火辣辣,5.606061
火力,5.375
火炉,6.371429
火冒三丈,5.34
火苗,5.541667
火炮,4.125
火情,4.947368
火球,5.52
火热,5.185185
火山,5.5
火山灰,4.444444
火烧,5.363636
火烧眉毛,5.409091
火舌,3.904762
火势,5.391304
火树银花,4.197368
火速,6.295238
火腿,6.125
火线,5.181818
火星,6.133333
火眼金睛,5.46
火焰,6.321429
火药,5.538462
火灾,5.37037
火葬,5.083333
火中取栗,4.134021
火种,5.757937
伙伴,6.318182
伙计,6.5
伙食,5.913043
伙同,4.592593
或是,6.0
或许,6.285714
或者,6.578571
货币,5.653846
货舱,4.791667
货车,5.56
货柜,5.666667
货柜车,4.44
货架,5.434783
货款,5.428571
货量,4.238095
货品,5.954545
货物,5.36
货源,5.5
货运,6.454545
货真价实,5.708333
获得,6.481481
获奖,6.047619
获救,6.3
获利,5.36
获赔,5.16
获取,5.851852
获胜,6.291667
获释,4.25
获悉,4.44
获益,5.695652
获知,5.111111
获准,5.04
祸不单行,5.083333
祸福,6.030303
祸国殃民,5.304348
祸害,5.56
祸患,4.585714
霍乱,4.16
讥讽,6.058824
讥笑,5.833333
击败,5.863636
击毙,5.0
击穿,5.272727
击打,5.347826
击倒,5.416667
击剑,4.428571
击溃,4.964286
击落,5.608696
击球,5.26087
击退,5.130435
击中,4.904762
叽叽喳喳,5.652174
叽里咕噜,4.583333
饥不择食,5.431373
饥饿,6.5
饥寒交迫,5.48
饥荒,6.166667
饥渴,6.518519
机不可失,5.757576
机舱,5.066667
机场,6.1875
机车,6.466667
机床,4.227273
机动,5.8
机动车,6.153846
机房,5.272727
机构,6.514286
机关,5.346154
机毁人亡,5.090909
机会,6.607143
机警,5.4
机理,4.928571
机灵,6.038462
机密,5.875
机敏,5.481481
机能,4.608696
机票,5.565217
机器,6.285714
机器人,5.44
机枪,4.851852
机身,4.541667
机师,2.62963
机体,3.681818
机械,5.64
机械化,5.125
机型,4.913043
机油,5.333333
机遇,5.846154
机缘,5.3
机长,5.375
机制,5.6
机智,6.307692
机组,4.22449
肌肤,6.15625
肌肉,6.176471
鸡蛋,6.666667
鸡飞蛋打,5.280702
鸡肋,5.347826
鸡零狗碎,5.185185
鸡毛蒜皮,5.75
鸡鸣狗盜,4.392157
鸡犬不宁,5.08
鸡犬升天,5.083333
鸡肉,6.144737
鸡屎,5.013514
鸡汤,6.217391
鸡尾酒,5.521739
积淀,4.740741
积分,5.75
积极,6.678571
积聚,6.375
积劳成疾,5.458333
积累,6.447619
积木,5.595745
积少成多,5.826087
积水,5.888889
积蓄,6.115385
积雪,6.074074
积压,5.416667
积怨,4.757143
积攒,6.115385
积重难返,3.98
基本,6.444444
基本功,5.595745
基本上,6.307692
基层,6.4
基础,6.483333
基地,6.259259
基点,3.962963
基督教,5.190476
基金,5.875
基石,5.0
基数,4.84
基调,5.144737
基因,6.3125
基于,5.857037
基站,3.875
基准,5.0625
犄角,5.035714
缉毒,5.434783
缉拿,4.962963
缉私,2.863636
畸形,5.588235
跻身,3.961538
稽查,3.571429
激昂,6.457143
激荡,5.15625
激动,6.111111
激发,6.076923
激光,4.296296
激化,5.56
激活,5.444444
激将法,5.708333
激进,4.814815
激励,6.5
激烈,6.428571
激流,3.923077
激怒,6.0
激起,5.44
激情,5.807692
激素,5.791667
激越,4.821429
激增,5.304348
激战,5.666667
激浊扬清,4.37037
羁绊,5.5
羁押,4.652174
及格,6.4
及时,6.471561
及早,5.75
吉利,5.68
吉人天相,5.318182
吉日,5.892857
吉他,6.75
吉祥,5.814815
吉祥如意,5.64
吉祥物,6.121212
吉凶,4.416667
岌岌可危,5.318182
汲取,5.962963
级别,6.518519
级数,5.0
极地,4.708333
极度,6.75
极端,6.019841
极光,5.583333
极力,5.37037
极品,5.791667
极其,5.444444
极权,2.826087
极为,6.176471
极限,6.323529
极刑,4.259259
极致,6.04
即便,6.111111
即将,5.884615
即景生情,4.826087
即刻,6.222222
即时,5.541667
即使,6.588235
即兴,5.5
亟待,2.321429
亟需,3.0
急匆匆,4.761905
急促,5.78125
急公好义,3.530612
急功近利,5.272727
急救,6.685714
急救站,5.666667
急剧,5.8125
急流,6.148148
急忙,6.485714
急迫,6.12
急切,5.64
急如星火,4.708333
急事,5.565217
急速,5.666667
急性,5.923077
急需,5.52
急于,5.304348
急于求成,5.24
急躁,6.571429
急着,5.666667
急诊,6.367424
急中生智,5.693878
急骤,5.045455
急转直下,4.842105
疾病,6.685714
疾步,5.933571
疾驰,6.071429
疾恶如仇,5.153846
疾风,4.580645
疾控,5.44
疾苦,5.636364
疾速,5.633333
疾走,5.04
棘手,5.2
集成,4.6
集合,6.403704
集会,6.11045
集结,6.033333
集锦,5.625
集聚,5.636364
集群,3.92
集市,5.75
集思广益,6.045455
集体,6.8
集团,5.481481
集训,5.6875
集邮,4.37037
集约,4.039474
集中,6.367725
集资,6.433333
嫉妒,6.428571
嫉恶如仇,5.478261
籍贯,6.428571
几何,5.458333
几何学,5.173913
几乎,5.8
几率,6.259259
己见,4.608696
己任,4.26087
挤出,5.888889
挤满,5.333333
挤压,6.195804
挤占,4.730769
脊背,5.259259
脊梁,5.607143
脊柱,5.62963
脊椎,5.703704
计费,5.72449
计划,6.566667
计划书,4.952381
计价,5.447368
计较,6.266667
计量,3.727273
计谋,5.52
计时,5.371429
计算,6.346154
计算机,6.24
计息,3.851852
记得,6.958333
记分,5.710526
记号,5.814815
记录,6.642857
记录片,5.666667
记念,4.869565
记述,5.272727
记性,5.96
记忆,6.588235
记忆力,6.136364
记忆犹新,5.25
记载,6.466667
记账,6.26087
记者,6.470588
记者会,5.111111
记住,5.671429
伎俩,5.28
纪录,6.633333
纪律,6.333333
纪念,6.833333
纪念碑,5.318182
纪念品,5.671429
纪念日,5.92
纪实,4.612245
纪要,3.888889
技法,4.615385
技工,5.304348
技能,6.666667
技巧,6.0
技师,4.808511
技术,5.4
技艺,6.037037
忌惮,5.633333
忌讳,5.44
忌口,5.727273
忌日,4.08
际遇,4.73913
妓女,4.416667
季报,4.52
季度,6.3
季节,6.444444
季军,5.68
季刊,4.727273
剂量,5.193548
迹象,5.428571
既定,4.37037
既然,6.666667
觊觎,5.166667
继承,5.78125
继承人,5.481481
继而,5.702727
继母,5.107527
继任,4.87234
继往开来,5.0
继续,6.567016
祭拜,5.434783
祭奠,5.32
祭扫,4.88
祭祀,5.851852
祭坛,4.956522
祭祖,5.541667
悸动,4.956522
寄给,5.678571
寄居,5.044444
寄居蟹,4.76
寄人篱下,5.952381
寄生,5.846154
寄托,6.280952
寄信,5.407407
寄信人,5.0
寄宿,5.460526
寄养,5.695652
寄予,5.217391
寄语,5.038462
寂静,6.574755
寂寥,5.111111
寂寞,6.392857
绩效,5.510638
冀望,3.848485
加班,6.2
加倍,6.69697
加仓,3.875
加大,5.565217
加法,6.0
加分,6.384615
加盖,3.952381
加工,6.592857
加固,5.347826
加价,4.954545
加紧,5.588235
加剧,5.633333
加快,5.481481
加码,5.01
加盟,5.538462
加盟店,5.923077
加密,5.576923
加冕,5.590909
加强,6.5
加权,4.047619
加热,6.771429
加入,6.733333
加上,5.956522
加深,6.107143
加收,5.0
加速,6.433333
加息,4.513158
加薪,5.869565
加刑,4.130435
加压,5.0
加以,5.5
加油,6.821429
加油站,5.985714
加长,5.382979
加重,5.5
佳话,4.985714
佳绩,5.142857
佳节,5.571429
佳境,5.25
佳丽,4.521739
佳期,5.185185
佳人,5.863636
佳肴,5.72
佳作,5.571429
挟持,5.681818
枷锁,4.730769
家暴,5.192982
家产,5.074074
家常,6.727273
家畜,5.792582
家当,5.73913
家底,5.666667
家电,6.714286
家访,5.695652
家伙,6.035556
家家,5.380952
家家户户,6.130435
家教,6.192308
家境,6.178571
家居,6.0
家具,6.875
家眷,4.961538
家门,5.777778
家庙,3.36
家破人亡,5.192308
家禽,5.794118
家人,6.8
家事,6.270945
家书,5.045455
家属,6.708333
家庭,6.409091
家徒四壁,5.904762
家务,6.596296
家乡,6.5
家业,5.272727
家用,6.666667
家喻户晓,5.916667
家园,5.454545
家长,6.481481
家长里短,5.272727
家政,6.294118
家装,4.575758
家族,6.178571
家族式,4.6
嘉宾,6.428571
嘉奖,5.32
嘉年华,5.7
夹缝,5.25
夹击,4.557143
夹心,5.571429
夹杂,6.147059
荚果,2.285714
颊骨,4.347826
甲板,5.32
甲虫,4.875
甲醇,5.052632
甲等,5.666667
甲方,5.326531
甲级,4.333333
甲壳,4.565217
甲醛,5.285714
甲鱼,6.454545
甲状腺,5.521739
假扮,5.666667
假币,5.666667
假定,6.233333
假公济私,4.576923
假货,5.592593
假冒,6.185185
假期,6.230769
假仁假义,5.125
假日,6.5
假如,6.5
假若,5.148148
假山,5.407273
假设,6.533333
假使,6.375
假释,4.909091
假说,4.48
假想,5.304348
假象,6.076923
假药,5.36
假证,4.695652
假装,6.518519
价差,4.434783
价格,6.647059
价款,5.447368
价钱,6.0
价位,5.642857
价值,6.685714
价值观,5.807692
价值连城,4.916667
驾车,5.608696
驾轻就熟,4.28
驾驶,6.444444
驾驶舱,4.956522
驾驭,5.882353
驾照,6.111111
架构,4.72
架空,5.571429
架起,5.214286
架设,4.695652
架势,5.095238
架子,6.416667
嫁接,5.08
嫁妆,5.73913
尖刀,5.307692
尖端,6.454545
尖峰,5.321429
尖叫,5.481481
尖刻,5.264706
尖利,5.576923
尖锐,6.566667
尖酸,5.5
尖细,4.428571
尖嘴猴腮,4.615385
奸臣,5.25
奸夫,4.74
奸商,5.22
奸细,4.916667
奸诈,5.772727
歼灭,5.346154
坚不可摧,5.444444
坚持,6.28
坚定,6.12
坚定不移,5.14
坚固,6.515152
坚果,6.061224
坚决,6.0
坚强,6.535714
坚忍,5.821429
坚韧,6.0
坚韧不拔,5.291667
坚实,6.076923
坚守,6.392857
坚挺,6.541667
坚信,6.03125
坚毅,6.161111
坚硬,6.086875
坚贞,5.227273
坚贞不屈,5.333333
间不容发,3.958333
间谍,5.047619
间断,6.259259
间断性,5.565217
间隔,5.807692
间或,3.916667
间接,6.708333
间距,5.608696
间隙,6.164286
间歇,5.08
肩部,6.269231
肩负,5.961538
肩膀,6.676471
肩头,5.6
艰巨,5.96875
艰苦,6.6
艰苦卓绝,5.153061
艰难,5.92
艰涩,5.020655
艰险,5.481481
艰辛,6.791667
监测,6.222222
监测站,5.416667
监察,5.484848
监督,6.176471
监犯,4.666667
监管,5.76
监护,5.321429
监护人,5.545455
监禁,5.565217
监考,5.48
监控,5.769231
监牢,5.04
监理,4.863636
监事,4.47619
监视,5.821429
监听,5.484848
监狱,5.230769
监制,4.695652
兼备,5.181818
兼并,5.147059
兼顾,5.192308
兼具,5.125
兼任,5.68
兼容,5.24
兼收并蓄,3.538462
兼职,6.5
缄默,3.857143
煎熬,4.481481
俭朴,5.08
检测,6.08
检查,6.464286
检查站,5.043478
检察,6.233333
检察院,5.652174
检点,5.357143
检方,4.409091
检举,5.375
检票,6.291667
检索,5.71875
检讨,6.205882
检讨书,5.904762
检修,5.466667
检验,6.6
检疫,5.558824
检阅,5.857143
减半,6.0
减仓,4.666667
减产,4.481481
减持,3.528571
减法,6.575758
减肥,6.285714
减负,5.619048
减缓,5.809524
减价,5.869565
减量,5.0
减免,5.784375
减排,5.142857
减轻,6.076923
减去,5.761905
减弱,6.214286
减少,6.875
减税,5.387755
减速,5.961538
减退,5.730769
减小,6.0
减刑,4.8
减压,5.954545
减灾,4.4
剪彩,5.42
剪刀,6.714286
剪辑,5.913043
剪接,4.8
剪影,4.782609
剪纸,5.807692
简报,4.72
简便,6.08
简称,6.636364
简单,6.444444
简短,6.916667
简化,6.153846
简洁,6.296296
简介,6.21875
简历,6.035714
简练,6.393939
简陋,6.0425
简略,6.583333
简明,5.2
简朴,5.555556
简体字,6.040816
简讯,5.347826
简要,6.555556
简易,6.148148
简约,5.782609
简直,6.045455
碱性,5.122807
见报,4.666667
见到,6.384615
见多识广,5.76
见缝插针,5.416667
见鬼,4.8
见解,6.542857
见利忘义,5.26087
见谅,5.347826
见面,6.319091
见面礼,5.75
见仁见智,4.8
见识,6.285714
见死不救,5.469388
见微知著,3.878788
见闻,5.576923
见习,6.121212
见习生,5.333333
见笑,5.14
见效,5.8
见义勇为,5.84
见异思迁,5.636364
见于,3.809524
见长,5.185185
见证,5.78125
见诸,3.434783
见状,4.6
饯别,4.25
建材,4.925926
建成,5.515152
建党,6.0
建房,5.12
建功,5.26087
建功立业,5.541667
建构,5.695652
建国,5.515152
建交,5.147059
建立,6.214286
建起,5.583333
建设,5.727273
建树,4.692308
建校,5.56
建言,3.28
建业,4.608247
建议,6.481481
建于,5.363636
建造,6.352941
建制,4.48
建筑,6.606061
建筑物,6.061224
贱人,5.75
剑拔弩张,4.846154
剑道,3.565217
剑客,4.594595
健步如飞,5.32
健儿,5.710526
健康,6.633333
健美,6.071429
健美操,6.076923
健脾,4.75
健全,6.428571
健身,6.284545
健身球,4.928571
健谈,6.571429
健忘,5.521739
健在,5.884615
健壮,6.5
舰队,4.846154
舰艇,4.833333
舰载,3.6
舰长,4.25
渐渐,6.529412
渐进,4.956522
践行,6.185185
践踏,5.404101
践约,4.933333
毽子,5.535714
鉴别,6.575758
鉴定,5.75
鉴赏,5.970588
鉴于,5.56
键盘,6.714286
箭头,5.625
箭在弦上,5.12
江河,6.37037
江河日下,4.681818
江湖,5.941176
江郎才尽,5.809524
江南,6.185185
江山,6.583333
江水,5.25
江洋大盗,4.8
将错就错,5.761905
将近,5.64
将就,6.208333
将军,6.044792
将来,6.481481
将领,5.16
将令,4.259259
将士,5.444444
将心比心,5.478261
将信将疑,5.652174
将要,6.666667
浆糊,5.424242
僵持,5.8
僵化,4.826087
僵局,5.538462
僵尸,5.636364
僵硬,5.846154
僵直,5.402778
缰绳,5.818182
疆界,4.56
讲话,6.720238
讲讲,5.269231
讲解,5.911765
讲究,6.6
讲课,6.75
讲理,6.434492
讲评,6.428571
讲求,5.173913
讲师,5.708333
讲授,6.5
讲述,6.357143
讲台,6.590909
讲坛,5.44
讲堂,5.142857
讲学,5.333333
讲演,5.966667
讲演稿,5.939394
讲义,5.675
讲座,5.814815
奖杯,6.142857
奖惩,5.657895
奖金,5.869565
奖励,6.592593
奖牌,5.84
奖品,6.642857
奖券,5.041667
奖赏,6.411765
奖项,6.685714
奖学金,5.869565
奖章,6.066667
奖状,6.409091
降到,4.64
降低,6.37037
降服,4.877551
降幅,4.444444
降级,5.170213
降价,5.652174
降解,4.481481
降临,6.16
降落,6.5
降落伞,5.581081
降水,6.047619
降温,6.0
降雪,5.494845
降压,5.5
降雨,5.977273
降雨量,5.701754
绛紫,2.961538
酱油,6.4
交叉,5.72
交出,5.47619
交错,6.515152
交代,6.321429
交待,5.346154
交费,5.708333
交锋,5.289474
交付,6.259259
交割,4.545455
交给,5.632653
交还,5.173913
交互,5.619048
交换,6.5
交汇,4.833333
交会,4.081633
交火,4.375
交货,4.538462
交集,5.083333
交际,6.230769
交接,5.615385
交界,5.8
交警,5.518519
交口,2.56
交流,6.666667
交纳,6.333333
交配,6.0
交情,6.590909
交融,4.909091
交涉,5.720798
交手,5.181818
交谈,6.88
交替,5.72
交通,6.36
交通警,5.486842
交头接耳,5.5
交往,6.633333
交相辉映,5.130435
交响,4.87
交响乐,4.958333
交易,6.666667
交易日,4.884615
交由,2.848485
交友,6.307692
交战,5.043478
交织,6.029412
郊区,5.74
郊外,5.961538
郊游,5.928571
浇灌,5.909392
浇水,5.72
娇滴滴,4.925926
娇惯,6.266667
娇美,5.12
娇媚,5.814815
娇嫩,5.5
娇气,6.428571
娇生惯养,5.565217
娇小,5.230769
娇艳,5.772727
娇纵,4.208333
骄傲,6.444444
骄横,5.969697
骄人,4.571429
骄奢淫逸,3.939394
骄子,3.925926
胶带,6.186667
胶卷,6.279412
胶囊,6.318182
胶片,5.227273
胶水,6.321429
胶着,4.571429
椒盐,6.125
焦点,6.285714
焦耳,4.16
焦急,6.533333
焦距,5.695652
焦虑,6.535714
焦炭,5.125
焦头烂额,4.714286
焦土,5.038462
焦躁,6.533333
焦灼,6.13848
礁石,4.961538
角度,6.529412
角力,3.916667
角落,5.444444
角膜,5.424603
角球,3.355556
角色,6.625
角逐,5.75
狡辩,6.545455
狡猾,6.575758
狡兔三窟,4.877551
狡黠,4.445106
狡诈,5.735294
饺子,6.576923
绞尽脑汁,5.52
绞刑,4.166667
矫健,6.392857
矫揉造作,5.422222
矫枉过正,4.26087
矫形,4.607143
矫正,5.75
矫治,5.0
皎洁,6.366667
脚步,6.12
脚底,6.533333
脚跟,6.5
脚踝,5.6
脚踏实地,6.022222
脚下,6.6
脚印,6.464286
脚趾,5.56
搅拌,5.923077
搅拌机,6.074074
搅扰,4.833333
剿灭,5.3
缴存,4.44
缴费,6.633333
缴获,5.519231
缴纳,5.4
缴税,5.24
缴械,4.914894
叫板,4.52
叫喊,6.147059
叫好,5.352941
叫号,4.76
叫唤,5.75463
叫苦,5.807692
叫苦连天,5.076923
叫骂,5.434783
叫卖,5.866667
叫声,5.772727
叫停,4.84
叫嚣,4.962963
叫醒,6.0
叫作,5.571429
叫座,3.75
觉察,6.266667
觉得,6.727273
觉悟,6.485714
觉醒,5.26087
轿车,6.474206
轿夫,4.666667
较劲,6.457143
较量,5.76
较真,5.84
较之,3.961538
教鞭,4.575758
教材,5.962963
教导,6.916667
教父,5.181818
教给,4.043478
教官,5.666667
教化,5.823529
教会,6.114286
教诲,6.321429
教科书,5.68
教练,5.78125
教师,6.75
教室,6.892857
教授,6.37037
教书,6.916667
教堂,6.088235
教头,3.958333
教徒,4.826087
教学,6.48
教训,6.433333
教养,5.763158
教育,5.962963
教员,4.565217
教职员,5.478261
教主,4.74
教宗,3.555556
酵素,5.12
阶层,6.4
阶段,5.681818
阶级,6.066667
阶梯,5.531915
阶下囚,4.978723
接班,5.925926
接班人,6.0
接报,4.047619
接驳,3.958333
接触,5.846154
接待,6.37037
接待处,5.583333
接到,6.333333
接二连三,5.818182
接管,5.772727
接轨,5.53125
接合,5.0
接机,5.315789
接济,4.095238
接见,6.625
接近,6.571429
接警,4.818182
接口,5.52
接力,5.818182
接力赛,5.166667
接连,6.214286
接纳,6.04
接洽,4.285714
接球,5.043478
接壤,5.26087
接任,4.846154
接入,5.555556
接收,6.076923
接手,6.533333
接受,6.409091
接送,6.785714
接替,5.461538
接听,5.666667
接通,5.5
接吻,5.875
接续,4.5
接应,6.242424
接着,6.5
接诊,5.772727
接种,6.142857
秸秆,4.391304
揭穿,5.909091
揭发,6.428571
揭竿而起,5.217391
揭开,5.727273
揭露,5.857143
揭秘,5.653846
揭幕,5.130435
揭幕式,4.652174
揭牌,4.060606
揭示,6.366667
揭晓,6.393939
街道,6.407407
街灯,4.96
街坊,6.485714
街区,5.776316
街头,6.0
街头巷尾,5.296296
街舞,5.815789
街巷,5.375
街心,3.923077
节哀,5.607143
节操,6.323529
节点,5.849206
节俭,6.5
节目,6.5
节目表,5.787879
节能,6.6
节拍,5.62625
节气,5.916667
节庆,6.074074
节日,6.735294
节省,6.666667
节水,5.041667
节外生枝,5.608696
节衣缩食,5.26087
节约,6.307692
节制,6.033333
节奏,6.066667
劫持,6.058824
劫匪,5.708333
劫富济贫,5.352941
劫后余生,5.363636
劫狱,5.136364
杰出,6.107143
杰作,6.220238
拮据,5.464286
洁白,6.230769
洁净,6.362222
洁身自好,5.863636
结案,5.513158
结巴,5.591837
结伴,5.84
结冰,5.948718
结成,4.328571
结党营私,4.68
结对,5.086957
结发夫妻,4.979592
结构,5.910969
结构图,5.740741
结果,6.666667
结合,6.424242
结婚,6.636364
结伙,6.25
结交,6.5
结晶,5.8
结晶体,4.166667
结局,6.466667
结论,6.642857
结盟,6.457143
结亲,6.147059
结石,4.76
结识,6.6
结实,6.25463
结束,6.617647
结算,5.87234
结尾,6.685714
结业,5.26
结余,5.205714
结缘,5.407407
结怨,5.035714
结扎,5.041667
结账,6.703704
捷报,5.346154
捷径,5.625
捷足先登,4.777778
睫毛,6.69697
截断,5.307692
截获,5.111111
截留,3.125
截然不同,5.416667
截肢,5.086957
截止,6.571429
截至,5.0
竭尽,4.471429
竭尽全力,5.791667
竭力,5.423077
姐弟,6.781085
姐姐,6.9
姐妹,6.821429
解除,6.727273
解答,5.72
解冻,5.923077
解毒,5.56
解读,6.407407
解乏,5.733333
解放,5.769231
解放军,6.0
解雇,5.62
解恨,5.851852
解惑,5.44
解甲归田,4.740741
解禁,4.625
解救,5.5
解决,6.8
解开,6.588235
解渴,6.227273
解码,4.4
解码器,3.0
解梦,4.461538
解密,5.64
解聘,5.048889
解剖,6.382353
解散,6.444444
解释,6.166667
解说,6.275794
解体,4.307692
解脱,5.970588
解围,5.68
解析,5.75
解疑,5.821429
解忧,5.823529
解约,5.057143
介词,6.285714
介怀,3.925926
介入,6.458333
介绍,6.685714
介绍信,5.833333
介意,6.566667
介于,4.808511
介质,5.107143
戒备,6.235294
戒尺,5.661905
戒除,5.466667
戒毒,5.428571
戒律,5.125
戒心,5.0
戒烟,5.52
戒严,5.090909
戒指,5.590909
芥蒂,4.347826
芥末,5.166667
届满,4.083333
届时,4.045455
界别,4.086957
界定,5.391304
界面,5.591837
界限,6.037037
界线,5.703704
疥癣,1.777778
借出,5.26087
借贷,5.678571
借刀杀人,5.511111
借给,5.681818
借花献佛,5.08
借机,4.88
借鉴,5.9375
借据,5.541667
借口,6.466667
借款,5.697368
借尸还魂,4.44
借题发挥,5.037037
借条,6.666667
借用,5.68
借阅,6.366667
借助,5.78125
巾帼,5.304348
斤斤计较,5.662162
斤两,4.844444
今朝,5.5625
今非昔比,5.652174
今后,6.0625
今年,6.766667
今人,4.851852
今日,6.12
今生,6.0
今天,6.859524
今晚,6.44
今昔,4.56
金杯,3.916667
金币,5.571429
金碧辉煌,5.208333
金表,5.276596
金箔,3.904762
金灿灿,4.8
金蝉脱壳,4.884615
金额,6.529412
金发,6.238095
金粉,5.318182
金刚,5.421053
金黄,6.529412
金价,5.423077
金奖,4.785714
金科玉律,3.12
金库,5.291667
金矿,5.734694
金牌,6.296296
金钱,6.470588
金融,5.6
金融业,5.583333
金色,5.92
金石,4.869565
金属,6.666667
金条,5.521739
金星,4.875
金牙,4.703704
金银,5.416667
金鱼,5.84375
金元,3.652174
金枝玉叶,5.222222
金子,6.558824
金字塔,5.94
津津乐道,5.5
津津有味,5.913043
津贴,6.457143
矜持,5.636364
筋斗,4.285714
筋骨,5.846154
筋疲力尽,5.5
仅仅,5.64
仅有,5.833333
紧绷,5.227273
紧凑,6.457143
紧跟,6.352941
紧急,5.818182
紧接,5.363636
紧扣,5.26087
紧邻,5.62963
紧锣密鼓,4.597938
紧密,5.807692
紧迫,5.222222
紧俏,4.75
紧缺,6.214286
紧缩,5.84375
紧贴,5.48
紧要,5.461538
紧张,6.676471
锦标,4.814815
锦缎,4.68
锦囊,5.12
锦囊妙计,5.666667
锦旗,5.782609
锦上添花,5.541667
锦绣,5.666667
锦绣前程,5.391304
锦衣,4.357143
谨防,5.521739
谨慎,6.64
谨小慎微,5.375
尽管,5.185185
尽快,6.833333
尽力,6.411765
尽力而为,5.28
尽量,6.357143
尽情,6.583333
尽人皆知,4.555556
尽善尽美,5.012821
尽收眼底,5.442308
尽头,6.115385
尽兴,6.25
尽责,5.25
尽职,6.041667
进步,6.5
进场,4.5
进城,5.28
进程,6.4
进出,5.521739
进度,6.424242
进发,4.6
进犯,4.52
进攻,6.366667
进贡,5.125
进行,6.433333
进化,5.884615
进货,5.892857
进军,5.423077
进口,6.333333
进口商,4.913043
进来,6.7
进球,5.44
进取,5.851852
进去,6.642857
进入,6.714286
进食,5.625
进士,4.363636
进水,4.4
进退,5.166667
进退两难,5.460526
进退维谷,4.297872
进屋,5.761905
进修,5.26087
进言,4.03125
进一步,5.52
进展,6.472884
进站,5.695652
进账,5.869565
进驻,5.0
近代,5.64
近代史,5.76
近海,4.204082
近乎,5.212121
近况,5.384615
近来,5.538462
近邻,5.333333
近期,5.68
近亲,5.64
近日,5.458333
近似,5.575758
近视,6.470588
近水楼台,5.24
近在咫尺,5.671053
劲爆,4.88
劲敌,5.652174
劲旅,3.542857
劲射,2.074074
劲头,4.923077
晋级,5.913043
晋见,5.043478
晋升,6.314286
浸没,5.615385
浸泡,5.962963
浸染,4.6
浸润,5.75
浸水,5.541667
浸透,5.892857
浸淫,2.36
禁闭,5.928571
禁不住,5.212121
禁毒,5.833333
禁毒署,3.0
禁锢,3.807692
禁忌,5.428571
禁令,5.173913
禁区,4.5
禁赛,5.148148
禁烟,5.346939
禁用,5.590909
禁欲,5.272727
禁止,6.642857
京城,5.730769
京剧,5.2
经办,3.615385
经常,6.75
经典,6.392857
经度,5.37037
经费,6.333333
经过,6.8
经纪,4.955556
经济,6.28
经济基础,5.347826
经济学,5.61
经久不息,4.956522
经理,6.407407
经历,6.5
经络,4.96
经商,5.12
经受,6.375
经书,5.625
经纬,5.434783
经纬线,4.76
经文,5.045455
经销,5.434783
经销商,5.545455
经验,6.40625
经验主义,5.217391
经营,6.75
经营不善,5.16
经由,5.090909
惊诧,6.3
惊呆,5.875
惊动,6.037879
惊愕,5.8
惊弓之鸟,5.215686
惊骇,5.882353
惊呼,5.111111
惊慌,6.441176
惊慌失措,6.037037
惊惶,5.636364
惊叫,5.545455
惊恐,6.575758
惊恐万状,5.238095
惊奇,6.12
惊扰,6.0
惊人,6.0625
惊世骇俗,4.894737
惊悚,5.826087
惊叹,5.8125
惊涛骇浪,4.875
惊天动地,5.612245
惊喜,6.875
惊吓,6.151515
惊险,4.777778
惊现,5.121212
惊羨,4.59375
惊心动魄,5.185185
惊醒,6.333333
惊讶,6.464286
惊艳,5.8
惊异,5.807692
惊蛰,4.8
晶体,4.296296
晶莹,6.035714
晶莹剔透,5.583333
兢兢业业,5.416667
精兵简政,3.5
精彩,6.09375
精彩绝伦,5.5
精打细算,5.434783
精度,5.416667
精干,5.5
精耕细作,5.212121
精工,4.32
精光,4.458333
精华,6.045455
精简,6.25
精力,6.341492
精练,5.538462
精炼,5.5
精良,6.117647
精灵,6.107143
精美,6.111111
精密,5.961538
精密度,4.728571
精妙,5.75
精明,6.344577
精明强干,5.583333
精疲力竭,5.565217
精辟,5.927249
精品,6.791667
精巧,6.259259
精确,5.6
精锐,4.84
精神,6.264706
精神病,5.913043
精神病院,5.692308
精算,5.130435
精髓,6.321429
精通,6.107143
精微,4.4
精卫填海,5.565217
精细,6.666667
精心,6.12
精选,5.666667
精益求精,5.326531
精英,6.533333
精湛,5.150997
精致,6.423077
精忠,4.518519
精装,5.151515
精准,6.484848
精子,5.166667
鲸鱼,5.541667
井底,4.791667
井底之蛙,5.785714
井盖,5.541667
井井有条,5.666667
井喷,4.857143
井然有序,5.346154
井水,4.76
颈部,6.318182
颈椎,5.76
景点,6.123125
景观,5.518519
景气,5.32
景区,5.56
景色,6.518519
景物,6.014545
景象,6.4
景仰,5.616667
景致,5.735294
警报,6.21875
警报器,5.125
警察,6.592593
警察局,5.695652
警车,5.958333
警方,6.08
警服,5.826087
警告,6.321429
警官,5.409091
警觉,5.925926
警戒,5.884615
警力,5.12
警民,4.785714
警情,4.48
警犬,5.354839
警示,6.147059
警惕,5.814815
警卫,6.0
警务,5.173913
警醒,5.538462
警用,4.627451
警员,5.142857
警钟,5.565217
警钟长鸣,5.826087
警种,4.625
径赛,4.628205
径直,5.857143
径自,3.423077
净化,6.035714
净利,5.857143
净水,5.304348
净增,4.47619
净值,4.36
净赚,5.56
净资产,4.608696
痉挛,4.26087
竞标,5.304348
竞猜,5.5
竞彩,4.2
竞得,4.606061
竞技,6.357143
竞价,5.111111
竞买,4.347826
竞拍,5.0
竞赛,6.571429
竞选,6.214286
竞争,6.62963
竞争力,5.659574
竞逐,4.54
竟然,5.96
敬爱,6.426471
敬而远之,5.16
敬酒,5.73913
敬老,5.960784
敬礼,6.708333
敬佩,5.76
敬请,5.060606
敬畏,6.464286
敬献,4.5
敬仰,5.740741
敬业,6.545455
敬意,5.777778
敬语,5.6
敬重,6.111111
静候,5.434783
静寂,5.0
静静,5.795918
静脉,5.424242
静谧,5.892157
静默,4.21875
静悄悄,5.911111
静态,5.964286
静音,6.0
静止,6.707108
境地,6.636364
境界,6.107143
境况,4.230769
境外,5.46
境遇,6.1
镜片,5.64
镜头,6.657143
镜像,5.92
镜子,6.607143
迥异,5.148148
窘境,5.384615
窘况,5.5
窘迫,5.807692
纠察,4.0
纠缠,6.0
纠错,5.04
纠纷,5.8
纠葛,5.333333
纠结,6.190476
纠正,5.882353
究竟,6.6
揪心,5.575758
九牛一毛,4.875
九死一生,5.925926
九霄云外,5.173913
久别重逢,5.533333
久等,5.68
久经沙场,5.26087
久久,5.925926
久违,5.242857
久仰,5.954545
久远,6.6
韭菜,6.021277
酒吧,6.0
酒杯,6.142857
酒店,6.633333
酒店业,4.826087
酒鬼,5.925926
酒壶,5.44
酒会,5.291667
酒驾,5.678571
酒精,6.24
酒精灯,5.590909
酒类,5.608696
酒量,6.346154
酒楼,5.625
酒囊饭袋,4.590909
酒瓶,5.954545
酒水,6.464286
酒席,5.583333
酒业,4.291667
酒庄,5.521739
旧城,5.086957
旧时,5.121212
旧式,4.52
旧事,4.92
旧闻,5.090909
旧友,5.461538
旧址,5.296296
旧制,4.368421
臼齿,3.357143
救国,5.962963
救护,6.222222
救火,5.608696
救济,5.62963
救命,6.875
救命之恩,5.791667
救起,5.458333
救人,6.095238
救生,4.956522
救生圈,5.576923
救生衣,5.541667
救赎,4.924731
救死扶伤,6.0
救星,5.8125
救援,6.117647
救灾,4.518519
救治,6.08
救助,6.666667
就餐,6.176471
就读,6.25
就近,5.65625
就寝,6.15625
就任,5.678571
就事论事,5.576923
就是,6.0
就绪,5.326531
就学,4.761905
就业,6.529412
就医,6.514286
就诊,5.88
就职,6.285714
就坐,5.170213
舅舅,6.444444
拘捕,5.166667
拘谨,6.392857
拘禁,5.212766
拘留,6.0
拘泥,5.196078
拘束,5.56
拘役,4.444444
狙击,5.393939
狙击手,5.086957
居安思危,5.666667
居多,5.128571
居高临下,5.809524
居家,5.868421
居留,4.632653
居留权,4.535714
居民,6.575758
居然,6.4
居室,5.125
居所,5.48
居心,5.772727
居心叵测,4.9
居于,4.888889
居中,5.666667
居住,6.69697
鞠躬,6.178571
局部,6.259259
局促,5.518519
局面,5.64
局势,6.227273
局外,5.619048
局外人,5.171429
局限,6.529412
局长,5.73913
桔梗,3.96
菊花,6.555556
橘子,6.607143
咀嚼,6.423077
沮丧,6.352941
矩形,4.96
矩阵,4.434783
举案齐眉,5.045455
举办,6.590909
举报,6.294118
举步维艰,5.173913
举措,5.0
举动,6.6
举国,5.5
举国上下,5.48
举行,6.148148
举家,4.5
举荐,6.0
举例,6.75
举目无亲,5.115385
举棋不定,4.423077
举起,6.074074
举世,5.428571
举世闻名,6.0
举世无双,4.927835
举世瞩目,5.961538
举手,6.061224
举手之劳,6.142857
举一反三,5.76
举证,5.434783
举止,6.535714
举重,6.294118
举足轻重,5.777778
巨变,5.291667
巨大,6.457143
巨额,6.227273
巨幅,5.490741
巨匠,4.791667
巨款,6.285714
巨浪,6.176471
巨量,4.0
巨人,6.424242
巨石,4.771429
巨石阵,3.375
巨头,5.933333
巨响,5.755556
巨星,5.772727
巨型,4.857143
巨制,3.592593
巨资,5.666667
句法,4.304348
句号,6.647059
句子,6.4375
拒捕,5.107143
拒绝,6.5
拒载,4.592593
具备,6.535714
具名,2.869565
具体,6.107143
具象,5.464286
具有,6.708333
俱佳,5.208333
俱乐部,5.619048
俱全,5.458333
剧本,6.411765
剧变,5.535714
剧场,6.03125
剧毒,5.391304
剧烈,5.742143
剧目,5.0
剧情,6.06
剧团,4.481481
剧院,5.555556
剧增,5.375
剧照,5.678571
剧种,4.652174
剧组,5.04
剧作,5.083333
剧作家,5.409091
据称,4.25
据点,4.384615
据理力争,5.204082
据说,5.692308
据为己有,5.25
据悉,4.807692
距离,6.392857
惧怕,6.178571
飓风,4.782609
锯齿,5.521739
锯子,5.933333
聚变,4.190476
聚餐,5.782609
聚赌,5.0
聚合,5.363636
聚会,6.678571
聚积,4.791667
聚集,5.62963
聚焦,5.625
聚精会神,5.72
聚居,5.037037
聚拢,6.148148
聚沙成塔,4.46
聚首,4.851852
聚众,4.904762
捐给,5.64
捐款,6.791667
捐躯,5.740741
捐献,6.25
捐赠,6.678571
捐助,6.285714
捐资,4.958333
镌刻,5.392857
卷发,6.269231
卷曲,5.0
卷入,5.375
卷土重来,5.111111
卷烟,4.291667
卷轴,5.060606
倦怠,5.346154
眷顾,6.044792
眷恋,6.0
决策,6.323529
决定,6.588235
决定权,6.136364
决斗,6.533333
决断,5.391304
决计,4.75
决裂,6.454545
决然,5.863636
决赛,6.617647
决胜,5.5
决算,3.692308
决心,5.916667
决一死战,4.8
决议,4.846154
决意,4.115385
决战,4.851852
诀别,5.37037
诀窍,5.234043
抉择,5.733333
绝版,5.291667
绝处逢生,5.884615
绝地,4.695652
绝对,6.529412
绝活,5.884615
绝技,5.142857
绝迹,4.90625
绝交,5.857143
绝境,5.4
绝密,5.752646
绝妙,5.491453
绝杀,5.16
绝食,5.571429
绝望,5.9375
绝无仅有,4.938776
绝缘,5.333333
绝招,6.259259
崛起,6.0
爵士,4.782609
矍铄,1.634921
攫取,2.733333
倔强,6.666667
军备,4.222222
军队,5.56
军阀,4.821429
军方,5.3
军费,3.685714
军工,4.857143
军官,6.285714
军火,4.88
军火商,5.130435
军舰,5.32
军警,5.393939
军力,5.2
军令,4.471429
军令状,4.8
军旅,4.166667
军民,5.173913
军区,5.478261
军人,6.571429
军事,6.411765
军团,4.62963
军衔,5.888889
军校,5.571429
军心,5.714286
军训,6.095238
军演,4.324324
军营,6.257143
军用,5.5
军长,4.142857
军政,4.125
军装,6.047619
均等,5.730769
均衡,5.772727
均价,5.833333
均匀,6.558824
均值,5.321429
君主,4.888889
君子,6.8
皲裂,4.041667
俊美,6.533333
俊男,4.52381
俊俏,6.0
俊秀,4.96
俊逸,4.53125
郡主,4.580645
峻峭,4.454545
骏马,5.857143
竣工,5.142857
咖啡,6.875
咖啡色,6.133333
咖啡因,5.421053
咖喱,5.0
卡车,6.321429
卡号,6.090909
卡路里,5.631579
卡片,5.259259
卡通,6.653846
卡通片,5.68
卡住,5.772727
开班,4.565217
开办,5.59375
开播,5.043478
开采,6.113971
开场,6.178571
开车,6.5
开诚布公,4.892857
开除,6.407407
开船,5.653061
开创,6.030303
开打,5.1
开刀,5.730769
开导,6.441176
开动,5.590909
开端,5.478261
开恩,5.06383
开发,6.514286
开发区,5.555556
开饭,6.230769
开放,6.217143
开工,6.148148
开关,6.461538
开馆,4.75
开国,4.5
开行,4.606061
开户,4.916667
开花,6.558824
开怀大笑,5.608696
开会,6.711111
开火,5.298969
开机,5.826087
开建,4.238095
开讲,4.56
开奖,5.833333
开进,4.859649
开局,5.652174
开具,3.692308
开课,5.444444
开垦,5.764706
开口,5.666667
开阔,6.25
开来,4.424242
开朗,6.230769
开立,4.071429
开裂,5.423077
开路,4.693878
开门,6.086957
开门见山,5.423077
开明,5.64
开幕,6.142857
开幕式,5.777778
开拍,5.708333
开盘,4.357143
开辟,5.705882
开篇,5.1
开票,4.521739
开瓶器,5.454545
开启,5.807692
开枪,5.625
开腔,4.521739
开窍,5.444444
开赛,5.347826
开山,3.833333
开设,5.852941
开始,6.670163
开市,4.478261
开水,6.086957
开天辟地,5.36
开庭,6.076923
开通,5.851852
开头,6.705882
开拓,5.538462
开拓进取,5.153846
开挖,4.795918
开玩笑,6.17
开胃,5.608696
开销,5.909091
开心,6.555556
开学,6.676471
开业,6.535714
开夜车,5.518519
开源节流,4.884615
开凿,5.5
开展,6.32
开战,5.52
开张,5.954545
开征,3.72
开支,6.529412
开宗明义,4.307692
凯歌,5.428571
凯旋,5.88
凯旋门,4.4
铠甲,5.76
慨然,4.333333
慨叹,6.085714
楷模,5.384615
楷书,6.416667
刊登,6.233333
刊发,4.857143
刊行,2.962963
刊物,6.363636
刊载,5.633333
勘测,4.923077
勘查,5.583333
勘察,5.75
勘探,5.461538
堪称,5.933333
堪忧,5.181818
坎坷,6.222222
侃侃而谈,5.714286
砍伐,6.111111
看病,6.038462
看不起,5.761905
看成,5.791667
看出,6.071429
看待,5.333333
看到,6.1
看点,5.521739
看跌,4.409091
看法,6.321429
看管,6.636364
看好,5.444444
看护,6.411765
看家,6.25
看见,6.16
看看,6.375
看客,5.521739
看来,6.75
看齐,5.708333
看热闹,5.814433
看上,5.608696
看似,5.55
看守,5.933333
看书,6.285714
看台,4.9375
看透,6.071429
看望,6.178571
看涨,3.666667
看中,6.366667
看重,6.366667
看作,5.75
康复,6.148148
康乃馨,5.541667
康庄大道,3.727273
慷慨,6.181818
慷慨陈词,5.0
慷慨激昂,5.391304
慷慨解囊,5.090909
亢奋,6.411765
抗癌,5.909091
抗旱,4.826087
抗衡,6.382353
抗击,6.542857
抗拒,5.96
抗菌,5.041667
抗生素,5.32
抗诉,4.956522
抗体,5.515152
抗药性,5.181818
抗议,6.323529
抗战,5.884615
抗震,5.416667
抗争,5.769231
考查,5.69697
考察,6.575758
考察团,5.521739
考场,6.047619
考点,5.91
考古,5.454545
考官,5.565217
考核,5.653846
考究,5.115385
考量,5.12
考虑,6.571429
考评,6.625
考取,5.730769
考入,6.272727
考上,5.4
考生,6.647059
考试,6.68625
考题,5.68
考研,5.84
考验,5.90625
考证,6.352941
拷贝,5.416667
拷问,4.791667
烤肉,6.538462
烤鸭,6.428571
犒劳,5.244898
靠边,5.761905
靠后,5.434211
靠近,6.657143
靠拢,6.285714
靠谱,6.230769
靠山,5.869565
苛捐杂税,3.571429
苛刻,5.852941
苛求,5.033333
科幻,6.090909
科级,4.409091
科技,6.192308
科教,5.190476
科举,5.888889
科目,6.444444
科普,6.411765
科学,6.607143
科学家,5.708333
科研,6.266667
科员,4.5
科长,4.845361
颗粒,6.485714
磕磕绊绊,5.727273
磕头,6.0
瞌睡,6.352941
蝌蚪,5.545455
咳嗽,6.571429
可爱,6.733333
可悲,6.178571
可鄙,5.242424
可变,4.68
可持续性,5.478261
可耻,6.382353
可恶,6.533333
可歌可泣,5.363636
可观,5.6
可贵,5.6
可行,5.477273
可恨,5.304348
可见,5.72
可见光,5.086957
可敬,5.37037
可卡因,4.952381
可靠,6.419792
可可,5.0
可口,6.529412
可乐,6.328947
可怜,6.148148
可怜虫,5.347826
可能,6.62963
可怕,6.357143
可期,5.090909
可亲,6.074074
可取,6.038462
可视,4.518519
可是,6.307692
可望,4.923077
可惜,6.291667
可喜,5.272727
可想而知,5.36
可笑,5.730769
可信,5.653846
可信性,5.666667
可疑,6.333333
可以,6.714286
可憎,5.08
渴求,6.166667
渴望,6.464286
克敌制胜,4.969697
克服,6.045455
克己奉公,4.25
克隆,6.233333
克勤克俭,4.423077
克星,5.166667
克制,5.8
刻板,6.411765
刻薄,6.352941
刻不容缓,5.173913
刻毒,5.0
刻骨铭心,6.269231
刻画,6.363636
刻苦,6.6
刻意,5.515152
刻舟求剑,5.863636
恪守,5.197368
客场,4.48
客车,5.92
客串,5.333333
客队,4.142857
客房,6.514286
客服,5.913043
客观,6.514286
客官,5.473684
客户,5.692308
客机,5.328947
客流,5.296296
客票,3.939394
客气,5.909091
客人,6.230769
客商,4.125
客套话,5.68
客厅,6.764706
客源,6.047619
客运,5.222222
客栈,5.115385
客座,5.151515
课本,6.727273
课程,6.933333
课程表,6.291667
课间,6.766667
课堂,6.62963
课题,6.2
课文,6.5
课业,5.04
课余,5.730769
课桌,6.481481
肯定,6.566667
肯干,5.038462
垦荒,5.529412
恳切,5.5
恳请,5.25
恳求,6.166667
坑洞,4.521739
铿锵,4.392157
空白,6.34375
空巢,5.333333
空城计,4.958333
空地,6.558824
空洞,5.571429
空乏,6.272727
空泛,4.28
空腹,5.8
空港,3.84
空话,5.48
空间,6.04
空降,4.875
空姐,5.727273
空军,5.785714
空壳,4.877551
空口无凭,5.028571
空旷,6.038462
空阔,6.428571
空灵,4.92
空门,4.130435
空气,6.670238
空前,5.323529
空前绝后,5.384615
空缺,6.333333
空手,6.0
空调,6.566667
空头,4.46
空位,4.833333
空袭,4.5
空隙,5.333333
空暇,5.857143
空闲,6.392857
空想,5.0
空心,5.928571
空虚,5.857143
空穴来风,5.144737
空域,4.416667
空运,5.75
空战,5.208333
空置,4.6
空中,6.571429
空中楼阁,4.75
空子,4.238095
孔明灯,5.555556
孔雀,6.060606
孔武有力,4.375
孔隙,5.045455
孔子,5.73913
恐怖,6.727273
恐慌,6.2
恐惧,6.657143
恐龙,5.892857
恐怕,6.392857
恐吓,6.458333
控告,6.235294
控股,5.041667
控球,4.24
控诉,6.037037
控诉书,5.289474
控烟,4.391304
控制,6.571429
控制室,5.486842
口岸,4.142857
口碑,6.235294
口才,6.411765
口吃,5.130435
口齿,5.642857
口臭,5.583333
口出狂言,4.962963
口袋,6.727273
口服,5.73913
口感,6.464286
口干舌燥,5.521739
口供,5.086957
口号,6.4
口红,6.818182
口角,5.458333
口径,5.264706
口口声声,4.88
口令,6.153846
口蜜腹剑,4.565217
口气,6.285714
口腔,6.571429
口若悬河,4.848485
口哨,6.233333
口舌,6.037037
口试,5.72
口是心非,5.772727
口述,5.652174
口水,6.318182
口头,6.616402
口头禅,5.956522
口味,6.606061
口吻,5.375
口香糖,5.8
口音,5.962963
口语,6.5
口罩,6.958333
口诛笔伐,4.409091
口子,5.136364
叩头,4.875
叩问,4.785714
扣除,5.28
扣分,6.04
扣篮,4.869565
扣留,5.18
扣球,5.618421
扣人心弦,5.565217
扣杀,5.217391
扣押,4.708333
扣子,5.96
枯干,4.791667
枯槁,4.942857
枯黄,6.5
枯竭,6.424242
枯井,4.380952
枯木逢春,5.393939
枯瘦,6.166667
枯萎,6.034074
枯朽,6.393939
枯燥,5.730769
哭闹,5.0
哭泣,6.464286
哭腔,5.461538
哭声,5.833333
哭诉,5.727273
窟窿,5.814815
骷髅,5.25
苦楚,5.44
苦瓜,5.12
苦海,5.272727
苦尽甘来,5.904762
苦口良药,5.657895
苦口婆心,5.625
苦苦,5.857143
苦力,5.074074
苦练,5.730769
苦闷,6.264706
苦命,5.821429
苦难,6.136364
苦恼,6.136364
苦肉计,5.36
苦涩,6.233333
苦头,5.171429
苦笑,6.227273
苦心,6.074074
苦役,4.391304
苦于,4.777778
苦战,5.714286
苦衷,5.72
库存,5.6
库房,4.68
库区,4.064516
裤子,6.750714
酷爱,5.838519
酷热,5.555556
酷似,5.392857
酷暑,6.107143
酷刑,4.941176
夸大,6.115385
夸大其词,5.04
夸奖,6.21875
夸口,4.0
夸夸其谈,5.12
夸耀,5.461538
夸赞,6.588235
夸张,6.04
垮塌,4.428571
垮台,3.75
挎包,5.25
跨度,5.0
跨国,4.875
跨过,5.0
跨行,5.121212
跨境,5.363636
跨栏,4.708333
跨区,4.6
跨入,5.043478
跨越,6.75
快报,4.642857
快步,5.727273
快餐,5.923077
快餐店,6.085106
快车,6.090909
快递,6.90625
快感,6.0
快攻,4.636364
快活,5.37037
快件,5.826087
快捷,6.444444
快乐,6.636364
快马加鞭,4.925926
快门,5.478261
快人快语,4.083333
快速,6.518519
快艇,4.925926
快讯,4.960526
脍炙人口,5.454545
筷子,6.538462
宽敞,6.742857
宽大,6.466667
宽带,5.62963
宽度,6.411765
宽泛,4.521739
宽广,6.5
宽宏大量,5.541667
宽厚,5.703704
宽阔,6.185185
宽容,6.5
宽恕,5.76
宽松,5.932336
宽慰,6.4
宽限,5.5
宽衣,4.521739
宽裕,5.692308
款待,6.133333
款额,4.304348
款式,6.285714
款物,3.0
款项,6.208333
狂暴,5.48
狂奔,5.407407
狂飙,4.92
狂潮,4.673469
狂风,6.342857
狂风暴雨,6.074074
狂轰滥炸,5.166667
狂欢,6.235294
狂澜,4.1875
狂热,6.060847
狂人,5.269231
狂妄,4.956553
狂野,5.030303
狂躁,6.342857
旷达,4.32
旷课,5.9
旷日持久,4.272727
旷野,6.625
况且,5.961538
矿产,5.75
矿工,5.785714
矿井,4.342857
矿坑,5.040816
矿区,5.136364
矿泉水,6.7
矿山,5.173913
矿石,5.785714
矿物,5.818182
矿物质,5.47619
矿业,5.18
框架,6.25
亏本,5.48
亏待,5.690476
亏空,5.823529
亏欠,5.52
亏损,6.029412
亏心事,5.857143
岿然不动,4.869565
窥伺,5.939394
窥探,5.740741
葵花,5.62963
魁梧,5.75
傀儡,5.142857
匮乏,5.125
馈赠,5.92
溃败,5.545455
溃不成军,5.043478
溃烂,6.314286
溃疡,5.521739
愧疚,5.833333
愧色,5.625
昆虫,6.708333
昆曲,3.833333
捆绑,6.227273
困顿,4.52
困乏,6.088235
困惑,6.392857
困境,6.5
困窘,5.642857
困局,4.68
困倦,6.5
困苦,6.033333
困难,6.346154
困扰,6.535714
困兽犹斗,2.96
扩充,5.44
扩大,6.366667
扩股,3.271429
扩建,5.125
扩容,4.666667
扩散,6.515152
扩音器,6.076923
扩展,5.71875
扩张,6.162088
扩招,5.227273
括号,6.376296
阔别,5.5
阔绰,5.111111
垃圾,6.785714
垃圾站,6.14
拉车,5.846154
拉扯,5.311828
拉大,3.904762
拉丁舞,5.515152
拉动,5.875
拉锯,4.56
拉锯战,5.375
拉开,5.393939
拉客,5.333333
拉力,5.041667
拉练,4.458333
拉链,6.125
拉拢,5.615385
拉面,5.782609
拉票,5.878788
拉起,4.904762
拉升,4.346154
拉长,4.333333
邋遢,5.285714
喇叭,6.178571
喇嘛,4.037037
腊肠,6.0
腊肉,5.842105
腊月,6.294118
蜡笔,5.913043
蜡像,5.041667
蜡烛,6.296296
辣椒,6.538462
来宾,5.478261
来到,6.208333
来得,4.36
来得及,5.666667
来电,6.044444
来访,6.076923
来复枪,2.481481
来稿,4.75
来回,5.666667
来讲,5.111111
来京,4.043478
来客,5.740741
来历,5.88
来历不明,5.5
来临,5.666667
来龙去脉,5.56
来年,5.807692
来去,5.652174
来日方长,5.913043
来世,5.666667
来势汹汹,5.434783
来说,4.909091
来往,6.571429
来信,5.333333
来意,5.666667
来源,5.84375
来自,6.588889
赖皮,5.625
赖账,5.961538
兰花,6.205882
拦截,5.73913
拦网,4.469388
拦住,5.58
拦阻,4.846154
栏杆,5.740741
栏目,5.37037
蓝本,4.276596
蓝光,5.545455
蓝鲸,4.76
蓝军,2.909091
蓝领,3.884615
蓝色,6.676471
蓝天,6.302632
蓝图,5.703704
蓝牙,6.283784
褴褛,5.666667
篮板,5.1
篮筐,5.761905
篮球,6.307692
篮球架,5.666667
篮子,5.923077
揽客,4.84
缆车,6.192308
缆绳,6.041667
懒虫,4.884615
懒怠,5.0
懒得,5.454545
懒惰,5.740741
懒散,5.96
懒洋洋,5.916667
烂漫,5.884615
烂泥,5.434783
烂摊子,5.652174
滥用,6.382353
滥竽充数,4.9
郎才女貌,5.84
郎中,6.266667
狼狈,4.592593
狼狈为奸,5.12
狼狗,5.384615
狼藉,6.333333
狼吞虎咽,6.095238
狼心狗肺,5.608696
狼子野心,4.666667
朗读,6.766667
朗诵,6.269231
浪潮,5.96875
浪费,6.678571
浪花,6.5
浪漫,6.444444
劳动,6.392857
劳动力,6.0
劳顿,5.035714
劳工,5.375
劳驾,5.086957
劳苦,5.851852
劳苦功高,5.333333
劳累,6.444444
劳碌,5.857143
劳民伤财,5.045455
劳模,5.764706
劳损,4.695652
劳务,5.571429
劳燕分飞,4.32
劳作,6.424242
牢不可破,4.375
牢房,5.909091
牢固,5.96875
牢记,5.666667
牢牢,5.173913
牢笼,6.0
牢骚,5.333333
牢狱,5.699176
老爸,6.76
老板,5.923077
老板娘,6.18
老伴,5.956522
老兵,5.761905
老伯,6.047619
老成持重,4.16
老大,5.848485
老当益壮,5.6
老二,5.333333
老公,5.826087
老汉,5.304348
老虎,6.5
老花眼,5.673469
老化,5.53125
老话,5.217391
老家,6.441176
老奸巨猾,5.25
老将,4.913043
老街,4.84
老旧,6.2
老练,6.2
老龄,5.08
老路,5.5
老马识途,5.761905
老迈,5.424242
老毛病,5.695652
老谋深算,5.565217
老奶奶,6.12
老牌,5.08
老朋友,6.565217
老婆,5.909091
老气横秋,4.92
老千,4.423077
老区,5.090909
老人,6.642857
老人家,5.921053
老三,4.625
老少,4.8
老生常谈,5.666667
老师,6.8
老实,6.17
老式,5.964286
老是,6.484848
老鼠,6.192308
老树,5.666667
老太,4.565217
老太太,5.875
老态龙钟,4.421053
老天,5.892857
老天爷,5.666667
老头,6.0
老外,5.62
老屋,5.416667
老乡,6.444444
老小,5.48
老爷,5.446809
老爷爷,6.04
老鹰,5.381443
老友,6.02
老幼,6.0
老早,5.545455
老者,5.791667
老字号,5.72
老总,5.28
姥姥,6.285714
姥爷,6.026353
唠叨,6.571429
烙印,5.44
乐不可支,4.234043
乐不思蜀,4.52381
乐队,6.666667
乐观,6.555556
乐呵呵,5.703704
乐极生悲,5.5
乐迷,4.571429
乐谱,6.037037
乐器,6.147059
乐曲,5.592593
乐趣,6.875
乐善好施,5.424242
乐手,5.041667
乐坛,5.695652
乐天,4.6
乐团,5.42
乐意,5.851852
乐于,6.208333
乐园,6.115385
乐章,5.75
勒令,4.782609
勒索,5.307692
了不得,5.714286
了不起,5.636364
了得,5.863636
了结,6.166667
了解,6.833333
了如指掌,5.55102
了事,4.956522
雷暴,4.68
雷池,4.24
雷达,5.692727
雷达站,4.214286
雷打不动,5.636364
雷电,6.178571
雷厉风行,4.846154
雷鸣,5.6
雷声,5.458333
雷霆,5.454545
雷霆万钧,4.95
雷同,6.181818
雷雨,6.045455
雷阵雨,5.6
羸弱,5.105
垒球棒,3.52
磊落,5.5
肋骨,5.695652
泪如泉涌,4.619048
泪水,6.52
泪腺,5.0
类比,5.307692
类别,6.657143
类风湿,4.5
类似,6.360714
类推,6.0
类型,5.846154
累积,6.25
累计,6.321429
累死,5.869565
累赘,4.666667
擂台,5.0
棱角,5.521739
棱镜,3.56
冷傲,5.617647
冷冰冰,5.782609
冷藏,6.185185
冷藏箱,5.583333
冷嘲热讽,5.541667
冷淡,5.576923
冷冻,6.529412
冷风,6.291667
冷汗,5.916667
冷箭,5.038462
冷静,6.269231
冷峻,4.96
冷库,4.916667
冷酷,5.823529
冷酷无情,5.0
冷落,5.769231
冷门,6.296296
冷漠,6.153846
冷暖,5.28
冷气,6.357143
冷清,5.88
冷却,5.407407
冷热,5.530612
冷水,6.0
冷飕飕,5.333333
冷笑,6.441176
冷言冷语,5.447368
冷眼,5.111111
冷眼旁观,5.681818
冷艳,6.352941
冷饮,6.666667
冷战,5.730769
愣住,5.190476
厘米,6.423077
厘清,2.928571
狸猫,5.25
离别,6.133333
离场,5.043478
离愁别绪,5.541667
离队,5.086957
离婚,6.411765
离家,5.589744
离间,5.818182
离间计,5.142857
离经叛道,4.489362
离境,4.333333
离开,6.647059
离谱,5.542857
离奇,6.117647
离去,5.956522
离群索居,3.485714
离任,4.723684
离题,5.48
离心,4.14
离心离德,4.304348
离心力,5.434783
离休,5.151515
离异,6.1
离职,6.214286
离子,4.28
梨花,5.346154
梨园,5.444444
犁田,4.703704
黎民,4.36
黎明,5.555556
罹患,3.212121
罹难,3.428571
篱笆,5.733333
黧黑,2.2
礼拜,6.647059
礼拜堂,4.565217
礼包,5.979592
礼法,4.875
礼服,6.259259
礼盒,6.151515
礼节,5.78125
礼节性,4.652174
礼金,5.347826
礼貌,6.535714
礼品,6.678571
礼让,6.0
礼尚往来,5.590909
礼堂,5.642857
礼物,6.444444
礼贤下士,3.958333
礼仪,5.955714
礼遇,5.5
李子,5.969697
里边,6.095238
里程,5.684211
里程碑,5.565217
里面,6.484848
里头,5.642857
里应外合,5.782609
理财,6.482843
理睬,6.181818
理发,6.28
理发师,6.269231
理会,6.142857
理解,6.571429
理科,5.754386
理疗,4.628571
理论,6.607143
理念,5.296296
理赔,5.608696
理屈词穷,5.106383
理事,5.52381
理顺,4.795918
理所当然,5.606061
理想,6.571429
理想国,4.7
理性,6.269231
理应,5.666667
理由,6.230769
理直气壮,6.217391
理智,6.791667
鲤鱼,5.571429
力保,5.5
力不从心,6.142857
力促,4.686275
力度,6.571429
力克,3.583333
力量,6.37037
力气,6.40625
力求,5.44
力所能及,5.666667
力挺,5.5
力透纸背,3.52
力图,3.545455
力推,5.086957
力挽狂澜,5.125
力学,5.086957
力压,4.545455
力争,6.428571
力作,4.802632
历程,5.222222
历代,6.178571
历法,4.26
历届,6.0
历尽,5.185
历尽艰辛,5.32
历经,5.742165
历经沧桑,5.115385
历来,5.590909
历历在目,5.590909
历练,5.625
历任,4.76
历时,6.171429
历史,6.25
历史学,4.814433
历险,5.173913
厉兵秣马,2.916667
厉鬼,4.787879
厉害,6.346154
立案,5.526316
立场,6.259259
立春,5.32
立冬,5.683761
立法,5.230769
立方,5.775926
立方米,4.88
立方体,5.76
立竿见影,5.73913
立功,5.333333
立国,4.44898
立即,5.923077
立交桥,4.916667
立刻,6.441176
立秋,6.416667
立体,6.088235
立体感,5.478261
立夏,5.720798
立项,4.458333
立意,5.434783
立正,6.0
立志,5.768519
立柱,4.875
立锥之地,3.521739
立足,4.814286
立足点,4.9
丽人,5.44
励精图治,5.105263
励志,5.662162
利弊,5.217391
利差,3.025641
利害,5.4
利好,4.409091
利己,5.583333
利剑,4.958333
利空,2.925926
利令智昏,3.695652
利落,6.485714
利率,5.9
利民,4.76
利器,5.12
利刃,5.454545
利润,6.153846
利税,4.076923
利索,5.713333
利息,6.153846
利益,6.56
利用,6.514286
利诱,4.88625
利于,5.526316
利欲熏心,5.26087
沥青,4.86
例行,5.375
例会,5.375
例如,6.592593
例外,5.84
例证,5.545455
例子,6.5
隶书,4.192308
隶属,4.88
荔枝,5.625
莅临,4.44
栗子,6.083333
粒子,3.72
痢疾,3.473684
连成,5.223684
连词,5.794118
连带,4.761905
连队,4.48
连贯,5.64
连环,5.5
连环画,5.130435
连接,5.88
连累,5.24
连连,4.92
连忙,6.189286
连绵,6.114286
连年,4.47619
连任,4.96
连声,4.28
连胜,6.0
连锁,6.444444
连锁反应,5.333333
连体,5.04
连通,6.185185
连同,6.107143
连线,5.772727
连续,6.411765
连续剧,5.973684
连夜,6.321429
连衣裙,5.833333
连载,5.32
连长,5.923077
怜悯,6.575758
怜惜,6.208333
怜恤,5.105263
帘子,5.787879
莲花,6.09375
莲藕,5.386364
莲子,5.193548
涟漪,5.148148
联邦,5.766667
联动,5.357143
联防,4.321429
联合,6.235294
联合国,5.52
联欢,5.541667
联接,5.37037
联结,5.15625
联军,3.791667
联络,6.071429
联袂,2.785714
联盟,6.285714
联名,5.52
联赛,5.846154
联手,5.037037
联网,6.545455
联席,3.269231
联系,6.742857
联系人,6.48
联想,6.875
联谊,5.333333
联谊会,5.416667
联姻,5.571429
联展,3.75
廉耻,5.473684
廉价,6.708333
廉洁,6.034545
廉正,6.4
廉政,5.44
镰刀,5.178571
敛财,5.043478
脸部,6.363636
脸红,6.3125
脸颊,6.076923
脸孔,4.913043
脸庞,6.323529
脸谱,5.26087
脸色,6.428571
脸型,5.782609
练兵,4.583333
练达,3.676471
练功,4.8
练就,4.444444
练习,6.633333
练习簿,5.928571
炼丹,5.407407
炼钢,5.244898
炼油,5.304348
炼油厂,4.428571
炼狱,4.84
恋爱,6.392857
恋恋不舍,6.0
恋情,6.0
恋人,6.666667
链接,6.307692
链条,5.583333
链子,5.391304
良辰美景,5.32
良多,6.0
良方,5.130435
良好,6.555556
良机,5.460526
良久,5.464286
良善,5.230769
良师,6.0
良师益友,6.285714
良心,6.666667
良性,5.695652
良药,5.695652
良药苦口,5.916667
良莠不齐,4.887755
良知,5.857143
良种,5.233333
凉茶,5.962963
凉快,5.851852
凉爽,6.153846
凉飕飕,5.521739
凉亭,4.769231
凉席,5.888889
凉鞋,6.197802
梁上君子,3.757576
粮仓,5.590909
粮食,6.702763
粮油,5.826087
两岸,4.423077
两败俱伤,5.44
两地,5.125
两极,5.111111
两面三刀,5.045455
两难,5.217391
两旁,5.875
两栖,5.735294
两全其美,5.222222
两手,5.192308
两头,4.528571
两小无猜,5.0
两性,5.242424
两袖清风,5.214286
两翼,5.121212
两用,5.328947
两者,4.904762
亮点,6.058824
亮度,6.238095
亮光,6.3
亮丽,6.153846
亮色,5.304348
亮堂,4.64
亮相,5.88
亮眼,5.28
谅解,6.321429
靓丽,5.173913
量杯,4.833333
量产,5.583333
量词,5.925926
量化,5.083333
量级,4.904762
量角器,5.223684
量力而行,5.014286
量入而出,5.142857
量身,5.0
量体裁衣,4.333333
量刑,4.238095
量子,4.403846
量子力学,4.818182
量子论,4.76
晾晒,6.294118
踉跄,4.732143
辽阔,6.466667
疗程,4.925926
疗法,5.269231
疗效,5.714286
疗养,5.392857
聊聊,5.857143
聊胜于无,4.416667
聊天,6.875
寥寥,4.478261
寥寥无几,5.652174
寥落,4.769231
寥若晨星,3.291667
嘹亮,5.423077
獠牙,5.52381
潦草,5.217391
潦倒,5.25
缭绕,5.357143
燎原,3.885714
料到,4.809524
料理,5.64
料想,5.0
瞭望,5.75
镣铐,5.147059
列表,6.111111
列车,6.575758
列出,5.5
列队,5.5
列国,4.304348
列举,6.365196
列强,4.76
列入,5.16
列为,4.893617
列席,5.041667
劣等,4.086957
劣根性,4.047619
劣势,4.961538
劣质,6.294118
烈火,6.428571
烈酒,5.347826
烈日,6.606061
烈日当空,5.809524
烈士,6.727273
烈焰,4.833333
猎豹,5.826087
猎狗,5.53125
猎奇,4.7
猎枪,5.307692
猎犬,5.238095
猎人,5.178571
猎物,5.409091
裂缝,5.807692
裂痕,5.761905
裂开,5.0
裂纹,5.625
趔趄,3.566667
邻国,5.52
邻家,5.64
邻近,6.352941
邻居,6.423077
邻里,5.404255
邻座,4.826087
林场,5.285714
林地,5.521739
林海,3.942857
林立,5.647059
林木,5.619048
林区,5.318182
林业,4.72
林荫,4.960526
林子,4.92
临别,4.8
临场,5.289474
临床,5.021277
临海,4.428571
临街,5.571429
临界点,5.111111
临近,6.178571
临门,4.782609
临摹,5.730769
临时,6.153846
临危不惧,5.521739
临阵脱逃,5.111111
临终,4.700142
临走,5.269231
淋巴,5.173913
淋漓,5.590909
淋漓尽致,5.916667
淋浴,5.857143
琳琅满目,6.0
嶙峋,4.238095
遴选,3.115385
磷光,4.0
鳞次栉比,3.34
鳞片,5.5
凛冽,4.714286
凛然,5.357143
吝啬,6.088235
吝惜,5.259259
伶仃,5.057143
伶俐,6.178571
伶牙俐齿,5.526316
灵丹妙药,4.833333
灵动,5.56
灵感,6.392857
灵光,4.924731
灵魂,6.617647
灵活,6.178571
灵柩,3.828947
灵敏,6.296296
灵气,4.88
灵巧,5.76
灵通,5.192308
灵性,5.44
灵秀,5.411765
玲珑,5.519091
玲珑剔透,5.619048
铃铛,5.92
铃声,6.111111
凌晨,6.875
凌迟,5.457143
凌空,5.411765
凌厉,5.153846
凌乱,6.222222
凌辱,4.791667
凌霄,4.333333
陵墓,4.923077
陵园,4.904762
聆听,6.606061
菱形,5.391304
羚羊,4.357143
零度,5.652174
零花钱,6.114286
零件,6.333333
零乱,5.730769
零落,4.851852
零钱,6.32
零散,5.217391
零时,4.68
零食,6.833333
零售,6.0
零星,4.083333
零用,5.425532
零用钱,5.619048
领带,5.892045
领导,5.64
领导人,5.608696
领到,5.657895
领地,6.088235
领跌,2.041667
领队,5.5
领海,5.461538
领航,4.56
领会,6.321429
领奖,6.136364
领教,5.785714
领结,5.32
领巾,5.428571
领军,5.076923
领空,5.106383
领略,6.115385
领跑,5.12
领情,5.44
领取,6.633333
领事,5.130435
领事馆,5.333333
领受,4.952381
领土,6.333333
领悟,6.392857
领先,6.625
领衔,4.74
领袖,6.035185
领养,5.695652
领域,6.628571
领子,6.148148
另行,4.291667
另类,5.304348
另起炉灶,5.489362
另外,6.592593
令行禁止,5.0
令郎,4.176471
令牌,4.961538
令人发指,5.41
令人神往,5.642857
令人作呕,5.740741
令堂,5.0
令尊,4.652174
溜冰,5.66
溜冰场,4.5
溜达,5.478261
刘海,5.934211
浏览,6.307692
留存,5.16
留队,4.86
留给,5.461538
留级,5.192308
留连忘返,5.510204
留恋,5.5
留念,6.666667
留任,4.681818
留神,5.6
留守,5.695652
留堂,3.545455
留下,5.723404
留校,5.958333
留心,6.147059
留学,6.0625
留学生,6.083333
留言,6.038462
留洋,5.217391
留意,5.8
留影,5.606061
留在,5.454545
留住,5.521739
流产,5.521739
流畅,6.6
流程,5.769231
流出,5.575758
流传,6.4
流窜,4.555556
流动,6.566667
流芳百世,5.25
流放,5.28125
流感,6.617647
流光溢彩,5.130435
流汗,5.75
流行,6.642857
流行病,5.64
流经,4.045455
流浪,5.892857
流泪,5.947368
流离失所,5.809524
流利,6.542857
流连,5.307692
流连忘返,5.486842
流量,6.5
流露,5.53125
流落,5.888889
流氓,6.227273
流派,5.269231
流入,4.76
流沙,4.485714
流失,5.178571
流逝,5.8125
流水,5.622963
流苏,5.733333
流淌,6.071429
流体力学,4.0
流通,5.714286
流亡,3.695652
流下,4.971429
流线型,5.142857
流向,4.826087
流星,6.514286
流星雨,5.291667
流血,5.947368
流言,5.814815
流言蜚语,5.695652
流域,5.138258
流转,5.416667
琉璃,5.285714
硫磺,4.625
硫酸,5.363636
榴弹,4.828947
柳暗花明,5.32
柳树,5.92
柳絮,6.102941
六边形,6.173913
六亲不认,5.727273
六神无主,5.0
六月,6.227273
龙飞凤舞,5.434783
龙凤呈祥,5.261905
龙卷风,5.575758
龙潭虎穴,5.16
龙腾虎跃,4.76
龙头,5.333333
龙虾,6.692308
龙眼,5.489362
龙争虎斗,5.708333
龙舟,5.875
聋哑,5.791667
聋子,6.259259
笼络,4.653846
笼统,6.033333
笼罩,6.333333
笼子,6.352941
隆冬,5.115385
隆起,5.238095
隆重,5.857143
垄断,6.074074
楼层,5.769231
楼道,5.973684
楼房,6.12
楼阁,5.259259
楼价,5.285714
楼盘,4.958333
楼市,4.892857
楼梯,6.617647
楼宇,5.302632
搂抱,5.794118
陋室,5.0
陋习,4.703704
镂空,5.5
漏洞,6.428571
漏斗,4.585714
漏勺,5.407407
漏水,5.782609
漏网,5.16
喽罗,3.857143
卢布,4.25
芦苇,5.538462
炉火,5.08
炉火纯青,5.208333
炉灶,5.791667
炉子,6.411905
掳掠,5.818182
鲁钝,4.04
鲁莽,6.257143
陆地,6.461538
陆军,6.545455
陆路,5.074074
陆续,6.178571
陆战,5.347826
录取,6.555556
录入,5.434783
录像,5.76
录音,6.607143
录音带,5.787879
录影,5.447368
录用,6.666667
录制,6.575758
鹿死谁手,5.043478
碌碌无为,5.244898
路边,6.121212
路程,6.742857
路灯,6.393939
路段,5.608696
路费,6.037037
路轨,4.384615
路过,6.69697
路基,3.346154
路径,5.96
路况,5.409091
路面,6.12
路牌,5.75
路人,6.666667
路上,6.28
路途,5.703704
路网,2.875
路线,6.08
路演,4.869565
路障,5.5
路政,3.363636
路子,4.863636
露出,5.3
露骨,5.291667
露脸,5.822222
露面,5.704286
露水,6.296296
露台,4.958333
露天,5.256757
露馅,6.366667
露宿,5.857143
露营,4.8
露珠,6.666667
孪生,4.814286
卵巢,6.0
卵生,3.88
卵子,4.545455
乱动,5.958333
乱哄哄,5.851064
乱蓬蓬,5.166667
乱七八糟,5.619048
乱世,5.090909
乱象,5.041667
掠夺,6.545455
掠过,5.382353
伦理,5.75
沦落,5.130435
沦为,5.5
沦陷,6.5
轮班,6.153846
轮船,6.136364
轮到,5.541667
轮毂,2.0
轮换,5.735294
轮回,5.521739
轮奸,4.913043
轮廓,6.411765
轮流,5.680912
轮胎,6.2
轮椅,6.708333
轮值,3.0
轮子,5.592593
论断,5.5
论据,5.304348
论述,6.366667
论坛,5.36
论调,4.666667
论文,6.518519
论证,6.566667
啰唆,6.314286
罗汉,5.571429
罗列,5.030303
萝卜,6.333333
逻辑,6.107143
锣鼓,5.615385
箩筐,5.0
骡子,4.347826
螺丝,5.714286
螺纹,4.070175
螺旋,4.518519
螺旋桨,5.130435
裸露,5.794545
裸体,5.923077
络绎不绝,5.208333
骆驼,6.4
落败,5.266667
落差,4.9
落成,4.653846
落地,5.642857
落后,6.045455
落户,5.5
落花流水,4.728571
落荒而逃,5.608696
落脚,6.111111
落井下石,5.541667
落空,5.5625
落款,5.403846
落泪,6.307692
落落大方,5.857143
落马,4.585714
落寞,6.074074
落幕,5.6
落难,5.076923
落日,6.588235
落入,5.391304
落实,5.888736
落水,6.833333
落网,5.380952
落伍,6.214286
落选,5.04
落叶,6.6
落英缤纷,4.228571
驴友,5.666667
旅程,6.307692
旅店,6.076923
旅费,6.035714
旅馆,6.259259
旅行,6.407407
旅行社,6.0
旅客,6.757576
旅途,6.470588
旅游,6.466667
旅游点,5.8
铝业,4.857143
屡次,5.703704
屡见不鲜,5.375
屡教不改,5.421053
屡试不爽,5.230769
履带,5.166667
履行,5.461538
履历,5.571429
履新,3.782609
履约,5.08
履职,5.242857
律动,4.956522
律师,6.148148
律诗,4.307692
率领,6.214286
率先,5.785714
率性,5.115385
率真,6.147487
率直,5.434783
绿茶,5.875
绿道,5.047619
绿灯,6.521739
绿地,6.2
绿豆,6.083333
绿化,6.083333
绿卡,4.607143
绿茸茸,4.340426
绿色,6.5
绿叶,6.606061
绿意,4.52
绿茵茵,4.761905
绿油油,5.833333
绿洲,6.606061
略带,4.458333
略去,4.708333
略微,6.441176
妈妈,7.0
麻痹,5.085106
麻烦,5.740741
麻将,5.461538
麻辣,6.090909
麻利,6.038462
麻脸,3.875
麻木,6.666667
麻木不仁,4.414286
麻雀,6.12
麻绳,5.12
麻药,5.869565
麻油,4.238095
麻疹,4.583333
麻醉,5.730769
麻醉药,5.72
马鞍,5.392857
马不停蹄,5.681818
马场,5.5
马车,4.75
马达,5.217391
马到成功,5.44
马夫,4.78
马革裹尸,3.628571
马后炮,5.468085
马虎,6.433862
马甲,5.521739
马脚,5.636364
马厩,3.918919
马克,3.791667
马拉松,5.730769
马力,5.121212
马路,6.766667
马马虎虎,5.961538
马赛克,5.78
马上,6.566667
马失前蹄,5.130435
马首是瞻,4.68
马术,5.26087
马蹄形,4.98
马桶,6.078947
马戏团,4.928571
马贼,4.1
玛瑙,5.666667
码头,5.72
蚂蚁,6.25
蚂蚱,6.057143
吗啡,3.56
埋藏,6.411765
埋单,4.444444
埋伏,5.192308
埋没,6.323529
埋头,5.259259
埋头苦干,5.826087
埋怨,5.962963
埋葬,5.074074
买单,6.041667
买到,6.08
买断,5.090909
买方,5.678571
买房,5.897959
买家,6.065789
买进,5.08
买卖,6.392857
买入,5.0
买账,4.666667
迈出,5.956522
迈进,6.033333
迈向,5.434783
麦片,5.782609
麦穗,5.852941
麦田,5.625
麦芽,6.076923
麦芽糖,5.684211
麦子,6.318182
卖场,5.521739
卖点,5.238095
卖方,5.458333
卖给,5.583333
卖国,5.652174
卖国贼,5.107143
卖家,6.304348
卖力,5.615385
卖弄,5.538462
卖艺,5.52
卖淫,4.791667
脉搏,6.708333
脉冲,4.130435
脉络,6.575758
脉象,4.888889
蛮横,6.266667
馒头,5.925926
瞒报,4.47619
瞒骗,5.458333
瞒天过海,4.956522
满不在乎,5.607143
满分,6.153846
满怀,6.285651
满满,4.969697
满面春风,5.04
满目疮痍,4.92
满腔,5.846154
满身,5.0
满天,5.56
满心,5.6
满眼,6.515152
满意,6.764706
满月,5.734694
满载,4.88
满载而归,5.888889
满足,6.04
满座,5.114286
谩骂,5.5
蔓延,5.090909
幔帐,3.56
漫不经心,4.777778
漫步,6.470588
漫画,6.32
漫漫,5.384615
漫山遍野,5.47619
漫天,6.545455
漫天要价,5.060606
漫溢,4.964286
漫游,5.774074
漫长,5.793125
慢慢,6.181818
慢条斯理,5.181818
慢吞吞,5.555556
慢性,6.333333
芒刺在背,4.5
芒果,6.227273
芒种,5.030625
忙活,5.84
忙里偷闲,5.217391
忙碌,6.727273
忙乱,6.485714
忙于,5.56
盲肠,4.571429
盲道,5.166667
盲点,4.428571
盲目,6.666667
盲区,6.038462
盲人,5.6
盲人摸象,5.291667
茫茫,4.72
茫然,6.625
莽莽,2.636364
莽撞,5.518519
蟒蛇,5.407407
猫腻,4.842857
猫头鹰,5.510638
毛笔,5.75
毛病,6.529412
毛糙,5.266667
毛虫,4.407407
毛发,5.333333
毛骨悚然,5.434783
毛巾,6.916667
毛孔,6.423077
毛利,3.763441
毛毛雨,5.46
毛茸茸,5.36
毛遂自荐,4.851852
毛毯,5.769231
毛衣,6.636364
毛躁,6.6
矛盾,6.185185
矛头,5.608696
茅厕,6.0
茅庐,5.433333
茅塞顿开,5.0
茅屋,5.692308
茂密,6.233333
茂盛,6.628571
冒充,6.382353
冒犯,5.96
冒号,6.0
冒火,5.125
冒昧,6.142857
冒名顶替,5.26087
冒牌,5.08
冒牌货,5.428571
冒失,5.8125
冒险,6.04
冒烟,5.789474
冒雨,5.608696
贸易,5.259259
帽子,6.748217
貌合神离,4.913043
貌似,5.571429
没错,5.96
没法,5.551282
没关系,5.958333
没劲,6.148148
没落,4.846154
没趣,5.77551
没事,6.25
没收,5.423077
没意思,6.521739
没用,6.102041
没有,6.705882
没准,6.285714
玫瑰,6.111111
眉笔,5.777778
眉飞色舞,5.0
眉开眼笑,5.28
眉来眼去,5.513158
眉毛,6.53125
眉目,5.230769
眉清目秀,6.095238
眉头,6.69697
梅毒,3.0
梅花,6.588235
梅雨,5.636364
媒介,6.291667
媒人,5.304348
媒体,6.153846
煤矿,6.142857
煤气,5.64
煤炭,5.5
煤业,4.956522
霉变,5.181818
霉菌,5.555556
每次,5.956522
每当,5.142857
每逢,4.925926
每况愈下,5.081633
每每,5.111111
每天,6.575758
美不胜收,5.08
美德,6.08
美发,6.222222
美感,6.08
美观,6.5
美国,5.816327
美好,6.705882
美化,6.352941
美金,6.0
美景,6.508021
美酒,5.695652
美军,5.0
美丽,6.24
美轮美奂,5.125
美满,6.0
美貌,6.428571
美美,5.191489
美梦,6.115385
美妙,6.321429
美女,6.6
美人,5.485714
美容,6.115385
美容院,5.73913
美食,6.909091
美式,5.291667
美术,6.470588
美术品,5.814815
美味,6.44
美学,5.130435
美艳,5.62963
美誉,5.636364
美元,5.882353
美中不足,5.375
美滋滋,6.291667
妹夫,5.346154
妹妹,6.632353
妹子,6.0
媚俗,4.25
魅力,6.590909
门窗,6.461538
门当户对,5.73913
门道,5.08
门店,5.892857
门户,4.92
门户之见,3.714286
门将,4.44
门槛,6.458333
门可罗雀,5.0
门口,6.384615
门框,5.695652
门类,4.333333
门帘,5.909091
门铃,6.69697
门路,5.631579
门楣,3.625
门面,5.285714
门牌,5.695652
门票,6.59375
门神,5.392857
门生,5.566667
门锁,6.0
门庭若市,5.045455
门徒,4.48
门外汉,5.181818
门卫,5.851852
门下,4.76
门诊,5.0
门柱,4.807692
闷雷,5.072844
闷闷不乐,5.96
闷热,6.366667
萌动,5.076923
萌发,6.264706
萌生,5.16
萌芽,6.515152
蒙蔽,5.076923
蒙古,5.954545
蒙古包,5.740741
蒙混,5.464286
蒙昧,4.90625
蒙蒙,4.901515
蒙面,5.52
蒙受,4.68
蒙冤,5.1
盟国,4.76
盟军,5.454545
盟誓,4.409091
盟友,5.8
盟约,5.942959
朦胧,6.035714
猛攻,4.56
猛烈,6.185185
猛然,6.0
猛兽,6.259259
猛增,5.681818
懵懂,6.058824
梦幻,5.888889
梦境,6.136364
梦寐以求,5.541667
梦乡,6.214286
梦想,6.462912
梦遗,3.5
梦游,5.44
弥补,6.222222
弥留,5.533333
弥漫,5.185185
弥撒,3.54
弥天大谎,5.521739
迷彩服,5.285714
迷宫,5.571429
迷魂药,5.714286
迷惑,5.62963
迷离,5.928571
迷恋,6.5
迷路,6.636364
迷茫,6.708333
迷蒙,5.066667
迷你,5.5
迷你裙,5.269231
迷人,6.5
迷上,5.26087
迷失,6.333333
迷惘,6.4
迷雾,5.416667
迷信,6.142857
谜底,5.185714
谜团,4.761905
谜语,4.814815
糜烂,4.44
麋鹿,4.740741
米饭,6.740741
米粉,6.0
米酒,5.636364
觅食,6.071429
秘而不宣,4.306122
秘方,5.095238
秘籍,5.047619
秘境,6.466667
秘诀,6.583333
秘鲁,3.916667
秘密,6.821429
秘史,4.84
秘书,5.16
密闭,5.08
密布,5.6
密度,5.851852
密封,5.761905
密集,6.485714
密林,4.4
密码,6.714286
密密麻麻,5.92
密谋,5.695652
密切,6.333333
密室,5.259259
密探,5.321429
蜜蜂,6.181818
蜜糖,6.454545
蜜月,6.045455
绵里藏针,4.612245
绵绵,5.0
绵软,5.409091
绵延,6.2
绵羊,6.766667
棉袄,6.0
棉被,5.957143
棉花,6.076923
棉衣,6.533333
免除,5.16
免得,6.214286
免费,6.423077
免去,5.347826
免试,5.24
免收,4.875
免受,5.727273
免税,5.238095
免税店,5.208333
免疫,6.25
免疫力,5.72
免于,5.809524
免责,5.56
免征,4.869565
免职,5.041667
勉励,5.909091
勉强,6.407407
缅怀,5.666667
腼腆,6.178571
面板,4.68
面包,6.5
面不改色,4.96
面部,5.84
面对,6.230769
面额,4.615385
面粉,6.633333
面红耳赤,5.608696
面黄肌瘦,5.04
面积,6.575758
面颊,5.148148
面具,6.038462
面孔,6.37037
面料,6.318182
面临,6.5
面貌,6.588235
面面俱到,5.393939
面膜,6.125
面目,6.107143
面目全非,5.217391
面前,6.607143
面容,6.192308
面如土色,4.836735
面色,5.375
面纱,5.652174
面善,5.391304
面世,5.047619
面市,3.434783
面试,5.78125
面谈,6.090909
面条,6.857143
面相,5.37037
面向,6.045455
面值,5.115385
面子,6.571429
苗木,3.671429
苗圃,4.090909
苗条,6.04
苗头,5.392857
苗子,4.416667
描红,4.846154
描绘,6.033333
描摹,5.821429
描述,6.6
描写,6.633333
瞄准,6.294118
秒表,5.666667
秒杀,6.259259
秒钟,5.652174
渺茫,5.888889
渺小,5.772727
藐视,6.066667
妙笔生花,5.577778
妙不可言,5.583333
妙计,5.642857
妙龄,4.47619
妙趣横生,4.8
妙手回春,5.46
庙会,4.942857
庙宇,4.574468
灭火,5.863636
灭绝,5.954545
灭口,4.884615
灭亡,6.2
蔑视,6.625
民办,5.69697
民兵,4.96
民不聊生,5.24
民法,5.28
民房,4.375
民风,5.181818
民歌,5.227273
民工,5.625
民国,6.264706
民间,6.5
民警,6.411765
民居,6.090909
民乐,5.102564
民女,5.208333
民情,4.833333
民生,5.447368
民事,4.5
民俗,6.37037
民俗学,3.457143
民调,5.043478
民心,6.428571
民谣,5.285714
民意,5.666667
民营,5.68
民用,6.033333
民怨,4.555556
民宅,5.25
民政,5.3
民众,6.542857
民主,6.4
民族,6.1875
泯灭,4.909091
敏感,5.8
敏捷,5.769231
敏锐,6.04
名不副实,5.807692
名不虚传,5.734694
名称,6.727273
名城,5.3
名垂青史,5.183673
名词,6.25
名次,5.96
名存实亡,5.375
名单,6.296296
名额,6.115385
名分,4.956522
名副其实,5.48
名贵,6.3
名号,5.708333
名画,6.0
名家,5.090909
名将,4.916667
名酒,6.0
名利,5.515152
名列,5.26087
名列前茅,5.565217
名留青史,5.08
名流,6.371429
名录,4.565217
名落孙山,4.37037
名模,5.0
名目,4.428571
名牌,5.821429
名片,6.633333
名气,6.25
名曲,4.869565
名人,6.36
名声,5.96875
名胜,5.32
名胜古迹,6.153846
名师,5.916667
名士,4.574468
名帅,3.380952
名头,5.769231
名望,6.235294
名校,6.272727
名宿,4.16
名言,5.571429
名医,5.769231
名义,6.0
名誉,5.88
名媛,5.304348
名正言顺,5.583333
名著,6.705882
名字,6.785714
名作,5.130435
明白,6.392857
明辨是非,5.478261
明察秋毫,5.75
明朝,5.48
明澈,5.163462
明晃晃,5.14
明火,4.913043
明净,6.147059
明镜,4.846154
明镜高悬,4.038462
明君,4.740741
明快,5.764706
明朗,6.454545
明了,4.571429
明理,4.88
明丽,4.851852
明亮,6.592593
明令,4.185185
明码,4.518519
明媚,6.0
明明,5.65625
明目张胆,5.681818
明年,6.735294
明枪暗箭,4.333333
明确,6.647059
明日黄花,4.234043
明示,5.166667
明说,5.478261
明天,6.533333
明晚,6.043478
明晰,5.571429
明细,5.515464
明显,6.633333
明信片,5.956522
明星,6.633333
明艳,6.0
明喻,5.238095
明月,6.041667
明哲保身,4.727273
明争暗斗,5.047619
明知,5.583333
明知故犯,5.638298
明知故问,5.708333
明智,5.75
明珠,5.521739
鸣叫,6.111111
鸣枪,4.217391
鸣谢,4.307692
冥府,3.6
冥思苦想,5.578947
冥想,5.230769
铭记,5.866667
铭刻,5.529412
瞑目,4.380952
命案,5.484848
命苦,5.666667
命令,6.24
命脉,4.96
命名,6.384615
命题,6.441176
命悬一线,5.391304
命运,6.833333
命中,5.923077
命中率,5.782609
谬误,4.0
摸底,5.08
摸黑,5.962963
摸摸,6.142857
摸清,5.5
摸索,6.323529
摹仿,4.56
模板,6.541667
模范,5.708333
模仿,6.384615
模糊,5.84
模具,5.214286
模块,5.478261
模拟,6.178571
模式,6.32
模特,6.485714
模型,5.961538
模样,6.642857
摩擦,6.294118
摩擦力,5.678571
摩登,4.416667
摩肩接踵,5.047619
摩拳擦掌,5.363636
摩挲,4.970588
摩天大厦,5.833333
摩托,5.791667
摩托车,5.666667
磨蹭,6.1
磨坊,4.555556
磨合,5.75
磨砺,4.904762
磨练,5.148148
磨炼,6.357143
磨难,5.6
磨损,6.466667
蘑菇,6.4
魔法,6.628571
魔鬼,5.884615
魔力,5.242424
魔术,6.592593
魔术师,5.454545
魔王,5.16
魔咒,5.136364
抹布,6.259259
抹黑,5.404255
抹杀,5.04
抹香鲸,3.74
末班车,6.130435
末代,4.695652
末节,4.590909
末日,6.0
末梢,4.826087
末世,4.969697
末尾,5.2
陌生,6.464286
陌生人,6.0
莫不是,4.791667
莫大,4.041667
莫非,6.214286
莫名,5.225806
莫名其妙,5.142857
莫衷一是,3.333333
蓦地,4.714286
漠不关心,5.869565
漠视,5.666667
墨镜,5.681818
墨绿,6.321429
墨守成规,5.130435
墨水,6.1025
墨鱼,5.304348
墨汁,5.083333
默哀,5.285714
默不作声,5.666667
默祷,3.64
默默,6.571429
默默无闻,5.57
默念,6.323529
默契,6.323529
默认,5.428571
默许,5.76
牟利,4.52
牟取,5.0
眸子,5.558824
谋财害命,5.590909
谋反,5.888889
谋害,6.178571
谋划,5.714286
谋利,5.36
谋略,5.0
谋求,6.323529
谋取,5.592593
谋杀,5.464286
谋生,6.466667
某部,3.64
某人,5.84
某些,4.857143
某种,5.315789
母爱,6.481481
母鸡,5.826087
母舰,4.565217
母女,6.36
母亲,6.939394
母亲节,6.202703
母乳,5.510204
母校,6.37037
母婴,5.75
母语,5.806452
母子,6.592593
牡丹,6.12
牡蛎,4.76
亩产,4.24
拇指,6.28
木板,5.592593
木材,6.4
木柴,5.0625
木船,5.714286
木雕,5.962963
木工,4.971429
木瓜,5.142857
木棍,6.0
木屐,4.04
木匠,6.117647
木马,5.08
木门,5.333333
木乃伊,4.909091
木讷,5.08
木偶,5.538462
木偶剧,4.042857
木头,6.32
木纹,4.54
木屋,5.6
木箱,5.347826
木屑,5.8
木已成舟,5.208333
木鱼,4.5
木制,5.380952
木质,4.56
目标,6.333333
目不识丁,4.961538
目不暇接,5.608696
目不转睛,6.26087
目的,6.363636
目的地,6.0
目瞪口呆,5.565217
目睹,6.333333
目光,6.25
目光短浅,5.666667
目光如炬,4.471429
目击,5.125
目击者,5.458333
目空一切,5.12
目录,6.8
目前,6.481481
目送,5.265306
目无法纪,4.956522
目中无人,5.375
沐浴,6.692308
牧草,5.665501
牧场,5.6
牧民,5.892857
牧师,5.478261
牧童,5.235294
牧羊,5.666667
募集,5.5
募捐,5.528125
募资,4.375
墓碑,5.84375
墓地,5.666667
墓穴,5.681818
墓园,5.08
墓葬,4.44
墓志铭,5.0
幕后,5.875
幕墙,3.72
慕名,5.5
慕名而来,5.565217
暮色,6.3
拿到,5.833333
拿地,4.217391
拿回,5.878788
拿捏,5.925926
拿手,5.892857
拿手好戏,5.565217
拿下,5.75
拿走,6.357143
哪个,6.433333
哪里,6.566667
哪怕,6.428571
那个,6.24
那里,6.038462
那么,6.5
那年,5.785714
那天,6.222222
那些,5.777778
那样,5.68
呐喊,6.0
呐喊助威,5.521739
纳粹,4.428571
纳豆,4.166667
纳凉,5.08
纳闷,6.300357
纳米,4.958333
纳妾,5.214286
纳入,5.892857
纳税,5.04
纳税人,5.683673
奶茶,6.454545
奶粉,6.28
奶酪,5.833333
奶妈,4.913043
奶奶,6.958333
奶牛,5.90625
奶油,6.066667
奶源,5.217391
奶制品,5.238095
奈何,5.44
耐烦,6.25
耐力,5.923077
耐热,6.192308
耐人寻味,4.88
耐心,6.685714
耐性,5.777778
耐用,5.954545
男队,4.958333
男方,6.12
男孩,6.693878
男女,6.12766
男女老少,5.769231
男人,6.607143
男生,6.695652
男士,5.565217
男童,5.25
男性,6.434783
男婴,6.142857
男友,5.652174
男装,6.181818
男子,6.357143
男子汉,6.0
男足,5.4
南北,5.333333
南北朝,5.285714
南方,6.647059
南风,4.695652
南瓜,6.366667
南极,5.891429
南极圈,5.888889
南柯一梦,4.608696
南来北往,4.958333
南腔北调,4.964286
南下,5.217391
南辕北辙,5.318182
南征北战,4.291667
难熬,5.565217
难保,5.0
难产,5.541667
难处,6.3
难道,6.678571
难得,6.535714
难点,6.733333
难度,6.555556
难怪,5.641738
难关,6.333333
难过,6.592593
难堪,6.266667
难看,6.296296
难免,6.16
难民,6.428571
难民潮,3.909091
难能可贵,5.242857
难色,4.64
难事,5.619048
难受,6.24
难题,6.555556
难听,6.592593
难忘,6.958333
难为,5.777778
难为情,5.478261
难闻,5.592593
难兄难弟,5.6
难言之隐,5.333333
难以,5.46875
难以置信,5.73913
难找,5.47619
囊空如洗,3.529412
囊括,6.121212
恼恨,4.761905
恼火,6.037037
恼怒,6.411765
恼羞成怒,5.14
脑部,5.815789
脑袋,6.628571
脑电波,5.261905
脑海,6.685714
脑筋,5.296296
脑力,5.735294
脑满肠肥,2.871429
脑门,5.56
脑髓,5.12
脑瘫,5.272727
脑子,6.5
闹剧,5.571429
闹市,5.76
闹事,5.481481
闹钟,6.653846
呢喃,4.285714
内出血,4.238095
内存,6.071429
内定,5.5
内分泌,5.434783
内阁,5.333333
内功,4.72
内涵,6.111111
内行,6.2
内河,3.521739
内核,4.757576
内奸,5.565217
内疚,5.62963
内科,4.461538
内裤,6.3
内涝,4.565217
内力,5.02
内敛,5.36
内陆,5.738095
内乱,5.375
内幕,5.678571
内情,4.821429
内容,6.687611
内伤,5.391304
内设,4.52
内生,4.391304
内饰,5.208333
内外,6.633333
内外交困,4.776316
内线,4.723404
内向,5.52
内销,5.347826
内心,6.539216
内秀,4.642857
内需,3.8125
内衣,6.617143
内应,4.702128
内在,5.769231
内脏,5.881579
内战,4.958333
内政,5.142857
内置,4.826087
内资,4.409091
嫩绿,6.122222
嫩芽,5.708333
能干,6.590909
能歌善舞,5.68
能工巧匠,5.12
能够,5.730769
能耗,4.826087
能力,6.5
能量,6.357143
能耐,6.433333
能人,5.4
能手,5.928571
能说会道,6.090909
能效,4.086957
能言善辩,5.846154
能源,6.357143
尼姑,5.272727
尼古丁,5.26087
尼龙绳,4.590909
泥巴,6.115385
泥浆,6.4
泥泞,6.3
泥鳅,5.928571
泥沙,5.5
泥沙俱下,4.217391
泥石流,5.814815
泥潭,5.26087
泥土,6.153846
霓虹,5.24
拟定,5.708333
拟建,2.846154
拟人,5.888889
拟声词,4.458333
你们,6.833333
昵称,5.76
逆差,3.407407
逆行,4.714286
逆境,5.333333
逆来顺受,4.956522
逆流,5.481481
逆市,2.833333
逆势,3.957143
逆水行舟,4.96
逆向,4.814286
逆转,5.571429
匿名,6.36
溺爱,5.956522
溺水,6.066667
溺亡,5.592593
拈轻怕重,4.5
年报,4.181818
年产,4.84
年代,6.578571
年度,6.411765
年费,4.8
年富力强,3.391304
年糕,5.666667
年画,5.76
年会,5.878788
年货,6.173913
年级,6.777778
年纪,6.035714
年假,5.782609
年检,5.5
年金,4.217391
年老,5.894737
年历,4.92
年利率,5.791667
年龄,6.53125
年轮,5.8
年率,4.166667
年迈,6.233333
年票,4.285714
年青,4.214286
年青人,5.48
年轻,6.666667
年轻力壮,5.2
年轻人,6.130435
年少,6.192308
年审,3.857143
年岁,6.441176
年味,5.934211
年限,5.923077
年薪,6.269231
年夜饭,5.791667
年幼,6.227273
年逾古稀,4.086957
年月,6.384615
年长,6.321429
年终,4.115385
黏稠,5.17791
黏膜,4.916667
黏性,5.416667
黏液,5.32
碾碎,5.321429
碾压,5.678571
碾子,3.685714
念叨,6.454545
念经,5.304348
念旧,5.851852
念念不忘,5.92
念念有词,5.952381
念书,6.727273
念诵,4.909091
念头,5.0
娘家,5.893617
娘胎,5.2
酿成,5.642857
酿酒,5.56
酿造,5.878788
酿制,5.328947
鸟巢,5.75
鸟儿,6.115385
鸟尽弓藏,4.88
鸟瞰,4.961538
鸟类,6.181818
鸟笼,6.0
鸟语花香,5.54
袅袅,5.0
尿布,5.72
尿频,5.565217
尿液,6.12
捏造,5.615385
孽障,4.64
宁静,6.0
宁可,6.148148
宁死不屈,4.916667
宁愿,5.785714
狞笑,4.764706
柠檬,6.043478
柠檬茶,5.542857
凝固,4.703704
凝结,5.892857
凝聚,6.393939
凝聚力,5.565217
凝眸,4.222222
凝神,5.12
凝视,6.148148
凝望,6.019048
凝滞,4.28
凝重,5.571429
牛刀小试,4.857143
牛犊,5.153846
牛鬼蛇神,4.822222
牛郎,5.636364
牛郎织女,5.333333
牛奶,6.423077
牛排,6.153846
牛棚,5.115385
牛皮,5.296296
牛脾气,5.153846
牛肉,6.333333
牛乳,5.2
牛市,3.592593
牛油,5.217391
牛仔,5.37037
牛仔裤,6.166667
扭动,5.04
扭矩,2.5
扭曲,5.148148
扭伤,5.875
扭转,6.428571
忸怩,3.92
纽带,6.235294
纽扣,6.222222
钮扣,5.884615
农产品,5.78
农场,5.653846
农村,6.607143
农夫,5.909091
农耕,5.76
农户,5.208333
农活,5.5
农机,4.333333
农家,6.424242
农具,5.666667
农历,6.625
农民,6.685714
农田,6.117647
农谚,3.925926
农药,6.352941
农业,6.24
农用,5.5
农庄,5.478261
农资,3.765957
农作物,5.0
浓度,6.142857
浓厚,5.28
浓烈,5.88
浓密,6.266667
浓浓,4.75
浓缩,5.818182
浓烟,5.6
浓艳,5.5
浓郁,6.374332
浓重,6.2
脓疮,4.619048
弄巧成拙,5.636364
弄清,5.090909
弄堂,4.0
弄虚作假,4.96
奴婢,5.285714
奴才,4.68
奴隶,5.454545
奴隶社会,5.181818
奴隶制,4.727273
奴役,5.153846
努力,6.48
怒不可遏,4.666667
怒斥,5.56
怒发冲冠,4.914894
怒放,6.366667
怒号,5.857143
怒吼,6.457143
怒火,6.75
怒骂,5.521739
怒目圆睁,4.761905
怒色,5.857143
暖和,6.647059
暖烘烘,5.76
暖空气,5.318182
暖炉,5.75
暖暖,5.28
暖气,5.44
暖融融,4.64
暖洋洋,5.958333
暖意,5.618421
疟疾,3.863636
虐待,5.911765
虐杀,5.966667
挪移,5.939394
挪用,5.307692
诺言,6.407407
懦夫,5.1
懦弱,6.323529
糯米,5.954545
女兵,5.484848
女队,5.24
女儿,6.733333
女方,6.12
女工,4.52
女孩,6.68
女将,5.083333
女郎,5.0
女朋友,5.9
女仆,5.381579
女人,6.733333
女色,5.578947
女神,6.285714
女生,6.807692
女士,6.32
女童,5.458333
女王,5.956522
女巫,5.16
女星,6.090909
女性,6.782609
女婿,6.205882
女婴,5.538462
女友,6.272727
女装,6.185185
女子,6.26087
讴歌,4.276596
欧盟,5.0
欧式,3.8
欧元,5.678571
欧洲,5.12
殴打,4.962963
呕吐,6.038462
呕心沥血,5.04
偶尔,5.846154
偶然,6.333333
偶数,5.782609
偶像,6.666667
偶遇,5.916667
藕断丝连,5.434783
趴下,5.565217
爬虫,4.6
爬到,5.576923
爬行,5.814815
爬山,5.76
怕事,5.36
怕羞,4.619048
拍案叫绝,5.809524
拍板,5.145833
拍成,4.5
拍打,6.75
拍马屁,5.24
拍卖,6.514286
拍卖品,5.521739
拍拍,5.228571
拍片,5.086957
拍品,4.238095
拍摄,6.24
拍手,6.173913
拍手称快,5.183673
拍戏,5.653061
拍照,6.6
排比,6.148148
排便,6.095238
排查,5.545455
排场,6.227273
排斥,6.090909
排除,6.714286
排毒,5.730769
排队,6.727273
排放,5.764706
排骨,6.313725
排行,5.695652
排挤,6.314286
排涝,4.045455
排练,6.12
排量,4.73913
排列,6.285714
排名,6.48
排起,4.921053
排气,4.458333
排遣,6.178571
排球,6.6
排球场,5.6
排山倒海,5.608696
排水,5.692308
排水量,4.742857
排外,5.521739
排位,5.350515
排污,6.228571
排泄,6.708333
排序,6.0
排演,4.954545
排忧解难,5.428571
排长,3.416667
徘徊,5.590909
牌匾,5.304348
牌坊,5.37037
牌价,4.652174
牌九,4.0
牌照,6.366667
牌子,5.047619
派别,6.515152
派兵,4.4
派出,4.458333
派出所,5.98
派对,5.947368
派发,5.25
派遣,6.294118
派送,5.666667
派系,4.75
派员,3.583333
派驻,4.954545
攀比,5.608108
攀登,6.185185
攀龙附凤,4.72
攀爬,5.75
攀升,5.296296
攀谈,4.88
攀岩,5.2
盘查,4.076923
盘缠,5.5
盘点,5.565217
盘根错节,5.26087
盘古,5.318182
盘活,3.125
盘踞,4.703704
盘面,3.608696
盘尼西林,4.086957
盘曲,5.333333
盘算,5.8
盘腿,6.333333
盘问,5.483571
盘旋,4.384615
盘子,6.296296
磐石,4.791667
蹒跚,5.633333
判处,6.0
判定,6.571429
判断,5.814815
判断力,5.444444
判罚,5.217391
判官,4.48
判决,5.75
判令,3.82
判若两人,5.488889
判刑,5.0
盼望,6.090909
叛变,5.92
叛国,5.727273
叛离,5.714286
叛乱,5.375
叛逆,6.111111
叛逃,5.992857
叛徒,6.424242
滂沱,4.76
彷徨,5.26087
庞大,6.346154
庞然大物,5.478261
旁白,6.125
旁边,6.636364
旁观,5.521739
旁观者,5.52
旁观者清,5.64
旁门左道,4.702128
旁敲侧击,5.26087
旁人,5.6
旁听,5.5
旁征博引,4.102041
膀胱,5.605263
螃蟹,6.666667
胖乎乎,5.333333
胖子,6.714286
抛开,5.952381
抛弃,6.545455
抛售,4.12
抛头露面,5.5
抛物线,5.648649
抛砖引玉,5.545455
刨冰,5.375
刨根问底,5.416667
刨子,4.566667
咆哮,5.857143
袍子,5.392857
跑遍,5.37037
跑步,6.65625
跑车,6.0
跑到,5.083333
跑道,6.314286
跑动,5.22807
跑腿,6.0
泡菜,5.416667
泡茶,6.259259
泡饭,5.539474
泡沫,5.592593
泡泡,6.130435
泡汤,5.913043
泡影,5.074074
炮兵,4.041667
炮弹,6.0
炮轰,4.740741
炮火,6.295343
炮仗,4.740741
炮制,5.086957
疱疹,3.851852
胚胎,5.882353
胚芽,4.76
陪伴,6.617647
陪衬,6.583333
陪护,5.583333
陪审团,4.84
陪同,6.0
陪葬,5.380952
培训,6.607143
培训班,6.307692
培养,6.685714
培育,6.5
培植,5.423077
赔偿,6.323529
赔偿金,5.24
赔付,6.030303
赔款,5.72
赔率,5.125
赔钱,5.0
赔罪,5.5
佩戴,4.809524
佩服,6.657143
佩剑,4.98
配备,6.272727
配比,4.458333
配搭,5.272727
配戴,5.755102
配对,5.589744
配额,4.060606
配发,5.035714
配方,5.695652
配给,5.259259
配股,3.851852
配合,6.230769
配件,6.514286
配角,5.552632
配乐,5.957447
配料,6.296296
配偶,5.846154
配饰,6.272727
配售,4.571429
配送,6.321429
配套,6.117647
配型,5.0
配音,6.086957
配有,3.761905
配置,6.428571
喷发,5.136364
喷漆,4.24
喷泉,6.090909
喷洒,5.714286
喷射,4.962963
喷涂,4.590909
喷涌,4.740741
盆地,5.666667
盆景,5.02
盆栽,6.125
抨击,5.130435
烹饪,6.407407
烹调,6.214286
烹制,5.04
朋友,6.818182
棚屋,4.42
蓬勃,5.863636
蓬乱,5.592593
蓬松,5.84375
蓬头垢面,4.92
鹏程万里,5.380952
澎湃,6.291667
膨胀,5.888889
捧场,5.76
碰壁,5.291667
碰到,5.875
碰见,6.411765
碰面,5.367347
碰巧,6.235294
碰上,5.272727
碰头,5.615385
碰撞,6.214815
批驳,5.029412
批捕,4.083333
批次,5.26087
批斗,4.56
批发,6.142857
批复,4.2
批量,5.24
批判,5.88
批评,6.714286
批示,5.346154
批文,4.606061
批阅,6.411765
批注,6.4
批准,6.107143
披肝沥胆,3.391304
披坚执锐,3.72
披肩,5.256757
披荆斩棘,5.470588
披露,5.666667
披散,4.428571
披头散发,5.678571
披星戴月,4.869565
砒霜,4.708333
劈柴,5.041667
劈头盖脸,5.695652
霹雳,6.233333
皮包,5.214286
皮鞭,5.607143
皮带,5.576923
皮蛋,5.333333
皮肤,6.8
皮肤病,5.615385
皮革,5.178571
皮具,4.666667
皮开肉绽,4.98
皮毛,5.333333
皮球,6.470588
皮鞋,5.363636
皮癣,3.72
皮质,4.909091
毗邻,4.583333
疲惫,6.714286
疲乏,6.25
疲倦,6.875
疲劳,6.470588
疲软,4.869565
疲弱,5.5
疲于奔命,4.961538
啤酒,6.4
琵琶,5.732292
脾气,6.153846
脾胃,5.73913
匹敌,5.0
匹夫,6.0
匹夫之勇,5.434783
匹配,6.666667
癖好,5.541667
屁股,5.923077
辟谣,5.171429
媲美,4.923077
僻静,6.4
僻远,5.888889
譬如,5.970588
偏爱,5.769231
偏差,6.066667
偏股,3.25641
偏好,5.964286
偏激,6.233333
偏见,6.08
偏离,5.32
偏旁,6.141534
偏僻,6.181818
偏偏,5.846154
偏颇,4.976107
偏食,5.151515
偏袒,5.740741
偏向,5.625
偏心,5.821429
偏远,6.178571
偏执,5.291667
偏重,4.807692
篇幅,6.4
篇章,5.0
翩翩,6.030303
翩翩起舞,5.014286
片场,5.814815
片酬,5.297872
片段,6.033333
片断,5.173913
片花,3.913043
片刻,6.142857
片面,6.636364
片名,5.16
片区,4.583333
片尾,5.285714
片子,4.111111
骗局,5.818182
骗取,6.478571
骗人,6.791667
骗子,6.703704
剽悍,5.2
剽窃,5.653846
漂白,6.176471
漂白剂,5.565217
漂泊,6.0
漂浮,5.96
漂亮,6.833333
漂亮话,5.68
漂流,6.294118
漂流记,4.833333
漂染,5.705882
漂洗,6.071429
漂移,6.314286
缥缈,5.181818
飘泊,5.606061
飘荡,5.037037
飘动,5.857143
飘拂,5.970588
飘浮,6.264706
飘红,3.913043
飘忽,4.478261
飘零,5.5625
飘落,6.088235
飘渺,5.0
飘洒,6.171429
飘扬,5.769231
飘摇,6.242424
飘逸,6.382353
嫖娼,5.102564
嫖客,5.521739
瓢虫,4.782609
票房,5.727273
票价,5.969697
票据,5.642857
票面,4.128571
票数,5.958333
票务,4.076923
撇下,5.5
撇嘴,6.411905
拚搏,3.592593
拚命,3.969697
拼搏,5.72
拼车,6.269231
拼凑,6.064394
拼接,6.0
拼命,6.318182
拼盘,4.958333
拼抢,4.32
拼图,5.892857
拼写,6.481481
拼音,6.333333
贫乏,5.962963
贫富,5.842857
贫富悬殊,5.307692
贫寒,6.37037
贫瘠,6.088235
贫苦,6.6
贫困,6.32
贫民区,5.377778
贫穷,6.28
贫血,5.76
频出,4.666667
频道,5.823529
频发,5.25
频繁,5.740741
频率,5.615385
频频,6.035714
频现,3.328571
品茶,5.545455
品尝,6.588235
品德,6.0
品格,6.37037
品行,6.454545
品鉴,4.72
品酒,5.38
品类,5.222222
品牌,5.832621
品评,4.34
品位,5.62963
品味,5.555556
品相,4.666667
品学兼优,5.772727
品质,6.273148
品种,5.407407
聘礼,5.56
聘请,5.857143
聘任,4.666667
聘为,5.181818
聘用,6.233333
乒乓球,6.166667
平安,6.259259
平安无事,6.095238
平板,6.190476
平步青云,5.272727
平仓,4.0
平常,6.692308
平常心,5.956522
平淡,6.636364
平淡无奇,5.45614
平等,6.68672
平地,6.529412
平定,5.545455
平凡,6.742857
平反,5.166667
平方,5.92
平方公里,5.642857
平方米,5.913043
平房,5.782609
平分,5.434783
平分秋色,4.913043
平复,4.954545
平行,5.671053
平和,5.37037
平衡,6.470588
平滑,5.777778
平缓,6.125
平价,5.869565
平静,5.48
平局,5.535714
平均,6.571429
平均数,5.763158
平面,5.692308
平民,6.1875
平民化,4.0
平平,4.76
平铺直叙,5.041667
平起平坐,5.608696
平日,5.666667
平生,5.969697
平时,6.714286
平实,5.821429
平手,4.75
平台,5.96
平坦,5.296296
平添,6.333333
平稳,6.237434
平息,5.683048
平心而论,5.565217
平心静气,5.615385
平易,6.266667
平易近人,5.956522
平庸,6.136364
平原,5.636364
平整,6.833333
评比,6.142857
评测,5.52
评定,5.24
评分,6.0
评估,6.657143
评级,5.071429
评价,6.252727
评奖,6.0
评剧,4.703704
评论,6.714015
评判,6.571429
评审,6.4
评书,4.583333
评为,5.565217
评委,5.913043
评选,6.685714
评议,5.185185
评语,5.6
苹果,6.914286
凭借,5.875
凭据,4.291667
凭空,6.25
凭证,5.44
屏蔽,5.916667
屏风,4.928571
屏幕,6.615476
屏弃,4.510638
屏息,4.4
屏障,5.185185
瓶颈,6.033333
瓶装,5.925926
瓶子,6.464286
萍水相逢,5.607143
坡道,5.294118
坡度,5.035714
泼妇,5.809524
泼辣,6.333333
泼水节,5.714286
颇感,4.384615
颇具,4.223684
婆妈,5.2
婆婆,6.666667
婆娑,4.961538
婆媳,5.848485
迫不得已,5.590909
迫不及待,6.16
迫害,5.892857
迫近,5.08
迫切,6.038462
迫使,6.255952
迫于,5.595745
迫在眉睫,5.545455
破案,6.117647
破败,5.794118
破财,4.958333
破产,6.268519
破除,4.961538
破釜沉舟,5.826087
破格,5.5
破坏,6.8
破获,4.333333
破解,6.636364
破戒,5.304348
破镜重圆,5.416667
破旧,6.0625
破烂,6.457143
破例,5.678571
破裂,5.769231
破门,4.0
破灭,6.371429
破伤风,4.925926
破碎,6.307692
破损,6.0
破涕为笑,5.2
破天荒,5.761905
破绽,6.0
破折号,5.782609
魄力,6.25
剖开,4.583333
剖析,6.30303
扑救,5.394737
扑克,5.272727
扑空,5.761905
扑面,5.105263
扑面而来,5.714286
扑灭,6.393939
扑朔迷离,5.863636
铺垫,5.653061
铺开,5.652174
铺路,5.391304
铺设,5.75
铺天盖地,4.928571
铺张,5.32
铺子,6.266667
仆人,5.954545
仆役,4.36
匍匐,5.971429
菩萨,4.333333
葡萄,6.2
葡萄酒,5.84
蒲扇,4.666667
蒲团,3.956522
朴实,6.333333
朴实无华,5.73913
朴素,6.0625
普遍,6.32
普查,5.652174
普及,5.518519
普降,3.130435
普天同庆,5.409091
普通,6.461538
普通话,6.541667
普通人,6.130435
普照,5.794118
谱写,5.964286
瀑布,6.428571
曝光,5.78125
七彩,5.458333
七零八落,5.125
七七八八,5.04
七巧板,5.37037
七窍生烟,4.92
七上八下,5.52
七夕,6.3
七嘴八舌,5.644444
沏茶,5.666667
妻儿,6.08
妻妾,5.583333
妻子,6.571429
栖身,4.92
栖息,6.25
凄惨,6.541667
凄风苦雨,5.095238
凄苦,5.821429
凄厉,5.005682
凄凉,6.333333
凄美,5.090909
凄迷,5.2
期待,6.566667
期货,3.52
期价,4.047619
期间,6.066667
期刊,4.942857
期满,4.528571
期年,5.088235
期盼,6.533333
期权,3.64
期望,6.384615
期限,6.5
期许,4.47619
欺负,5.933333
欺凌,5.740741
欺骗,6.148148
欺辱,5.227273
欺软怕硬,5.24
欺上瞒下,5.0
欺世盗名,4.0
欺侮,6.185185
欺压,6.409091
欺诈,6.266667
漆黑,6.5
蹊跷,5.625
齐备,5.777778
齐集,5.857143
齐名,4.692308
齐全,6.138112
齐声,5.68
齐头并进,5.04
齐心,5.5
齐心协力,5.913043
齐整,5.667379
其次,6.515152
其间,5.111111
其貌不扬,5.347826
其实,6.464286
其他,6.136364
其余,5.68
其中,6.3
奇才,5.708333
奇耻大辱,5.478261
奇怪,6.5
奇观,6.342857
奇幻,6.285714
奇迹,6.411422
奇景,5.407407
奇丽,4.481481
奇妙,6.406177
奇巧,5.714286
奇缺,5.466667
奇石,4.619048
奇特,6.166667
奇闻,5.521739
奇形怪状,5.744681
奇艺,3.871429
奇异,5.153846
奇珍异宝,5.904762
奇装异服,5.878788
歧视,5.71875
歧途,6.357143
祈祷,5.895625
祈福,5.657895
祈求,5.518519
颀长,3.181818
脐带,5.545455
崎岖,5.5625
骑兵,4.644444
骑车,5.826087
骑行,6.0
骑虎难下,5.486842
骑马,5.181818
骑士,5.575758
骑手,6.392857
棋局,5.125
棋盘,4.88
棋手,5.217391
棋子,5.869565
旗杆,5.923077
旗鼓相当,5.727273
旗号,4.956522
旗舰,6.0
旗开得胜,5.238095
旗袍,5.761905
旗帜,6.038462
旗帜鲜明,4.923077
麒麟,4.347826
乞丐,6.181818
乞求,6.4
乞食,4.407407
乞讨,5.791667
岂非,4.988604
岂有此理,5.535714
岂止,6.166667
企鹅,5.652174
企及,3.571429
企盼,5.785714
企图,6.575758
企望,4.652174
企稳,3.5
企业,5.730769
企业化,5.5
杞人忧天,5.26087
启程,5.909091
启迪,5.884615
启动,6.380741
启发,6.714286
启航,5.851852
启蒙,6.285714
启示,6.571429
启事,5.153846
启用,5.73913
起步,6.066667
起草,4.136364
起承转合,5.173913
起初,5.941176
起床,6.848485
起到,5.083333
起点,6.125
起飞,6.285714
起伏,4.828571
起航,5.409091
起哄,6.485714
起火,5.0
起家,3.869565
起降,4.0
起劲,5.607143
起居,5.652174
起居室,5.5
起来,6.461538
起立,5.960526
起码,6.136364
起锚,4.47619
起名,5.510204
起拍,4.217391
起跑,6.0
起跑线,5.74
起色,4.461538
起身,6.178571
起誓,5.291667
起死回生,5.925926
起诉,5.841667
起跳,5.190476
起舞,5.615385
起先,6.342857
起义,4.5
起因,5.921569
起用,4.318182
起源,6.678571
起早贪黑,5.12766
绮丽,4.740741
气泵,4.346154
气场,5.565217
气冲冲,6.0
气冲霄汉,3.153846
气喘吁吁,5.96
气窗,3.518519
气垫船,4.173913
气度,5.727273
气氛,6.111111
气愤,5.62963
气概,5.9
气功,5.14
气管,6.088235
气贯长虹,4.28
气候,6.5
气急败坏,5.347826
气节,5.846154
气力,4.5
气量,5.136364
气流,5.48
气门,3.957143
气囊,4.807692
气馁,5.75
气派,5.5
气泡,5.333333
气魄,5.766667
气枪,4.863636
气球,6.481481
气色,5.583333
气盛,5.36
气势,6.386243
气势如虹,5.333333
气势汹汹,5.12
气体,6.423077
气吞山河,5.434783
气味,6.555556
气温,6.551136
气息,6.09375
气象,6.382353
气象万千,4.791667
气血,5.25
气压,5.490196
气压计,4.833333
气宇轩昂,5.08
气质,6.642857
气壮山河,5.375
迄今,5.620098
弃暗投明,4.96
弃旧图新,3.489362
弃权,5.75
弃婴,5.040816
弃子,4.76
汽车,6.428571
汽水,6.557407
汽油,6.466667
泣不成声,5.32
契合,5.2
契机,6.333333
契税,4.342105
契约,5.795343
器材,6.340741
器官,6.617647
器件,4.727273
器具,5.8
器乐,5.333333
器皿,6.4
器物,5.727273
器械,6.392857
器重,5.807692
掐头去尾,5.142857
洽谈,5.115385
恰当,6.296296
恰好,6.433333
恰恰,5.321429
恰巧,6.542857
恰如其分,4.642857
恰似,5.266667
千变万化,5.708333
千疮百孔,5.392857
千锤百炼,5.083333
千方百计,5.625
千古,5.08
千呼万唤,5.041667
千家万户,5.04
千金,5.642857
千军万马,5.535714
千钧一发,5.48
千里马,5.68
千里迢迢,5.0
千里眼,5.423077
千米,6.166667
千难万险,5.318182
千篇一律,5.30303
千奇百怪,5.782609
千千万万,5.818182
千丝万缕,5.142857
千万,6.481481
千禧,4.28
千辛万苦,5.821429
千言万语,5.259259
千载难逢,5.434783
千真万确,5.652174
千姿百态,5.307692
迁出,5.761905
迁就,4.971429
迁怒,5.153846
迁入,5.481481
迁徙,5.962963
迁移,6.147059
牵绊,6.064617
牵肠挂肚,5.25
牵扯,6.222222
牵动,5.2
牵挂,6.518519
牵连,5.181818
牵强,5.428571
牵强附会,4.695652
牵涉,6.458333
牵头,5.339286
牵引,5.59375
牵制,5.78125
铅笔,6.677143
铅球,5.217391
谦卑,6.142857
谦恭,5.962963
谦和,6.257143
谦让,5.84
谦虚,6.04
谦逊,6.515152
签到,6.222222
签订,5.392857
签发,4.727273
签名,6.558824
签收,6.222222
签署,4.555556
签约,6.558824
签证,5.269231
签字,5.52381
前辈,5.851852
前车之鉴,5.166667
前程,5.681818
前程似锦,5.75
前代,4.8
前段,4.76
前方,6.714286
前锋,4.851852
前夫,5.42
前俯后仰,5.592593
前赴后继,5.615385
前功尽弃,5.478261
前行,5.68
前后,6.535714
前呼后拥,5.375
前脚,4.955556
前进,6.588235
前景,5.52
前科,5.083333
前来,5.428571
前轮,5.185714
前面,6.833333
前年,6.142857
前妻,4.962963
前去,5.64
前人,5.941176
前任,6.0
前身,3.913043
前生,4.958333
前世,5.69037
前所未有,5.875
前台,5.84
前提,6.5
前天,6.28
前途,6.5
前往,5.816327
前卫,5.727273
前无古人,5.869565
前夕,5.566667
前线,5.730769
前沿,5.590909
前移,4.808511
前因后果,5.808511
前瞻,5.296296
前兆,5.882284
前者,6.5
前奏,5.576923
虔诚,5.647059
钱包,6.633333
钱币,5.782609
钱财,6.4
钱款,4.73913
钱庄,5.090909
钳制,3.708333
钳子,5.192308
乾坤,4.555556
潜藏,5.208333
潜伏,5.46875
潜伏期,5.625
潜力,6.181818
潜能,5.565217
潜入,5.652174
潜水,5.576923
潜逃,5.607143
潜艇,4.846154
潜心,5.866667
潜移默化,5.261905
潜意识,6.041667
潜在,6.625
潜质,5.153846
黔驴技穷,4.608696
浅薄,5.607143
浅尝辄止,4.043011
浅黄,5.12
浅见,4.4
浅近,4.444444
浅陋,4.4
浅显,6.029412
遣返,4.76
遣散,5.535714
谴责,6.363636
欠费,6.12
欠佳,5.380952
欠款,5.576923
欠缺,6.364418
欠条,6.566667
欠薪,5.16
欠债,5.75
欠账,5.291667
倩影,4.217391
嵌入,5.125
歉疚,4.916667
歉意,6.75
枪毙,5.909091
枪击,4.619048
枪决,4.714286
枪林弹雨,4.76
枪杀,4.5
枪声,5.458333
枪手,4.444444
枪械,4.785714
枪战,4.8
枪支,4.814815
腔调,5.9
强暴,4.851852
强拆,5.304348
强词夺理,5.666667
强大,6.15625
强盗,5.925926
强敌,5.578947
强度,5.72
强攻,5.652174
强国,6.222222
强悍,6.107143
强行,6.75
强化,6.628571
强加,5.461538
强奸,5.171053
强健,5.998519
强劲,5.296296
强力,5.291667
强烈,5.555556
强弩之末,4.214286
强迫,5.76
强权,5.181818
强人所难,5.347826
强弱,6.086957
强身,5.0
强身健体,6.102041
强盛,6.5
强势,5.923077
强调,6.392857
强项,5.826087
强硬,6.111111
强于,5.115385
强者,6.647059
强制,5.84
强壮,6.44
墙壁,6.426471
墙根,5.4375
墙角,5.578519
墙体,5.04
墙头,5.076923
墙纸,5.708333
蔷薇,5.5
抢断,5.042553
抢夺,5.909091
抢购,5.964286
抢劫,6.316667
抢救,5.653846
抢手,5.734694
抢滩,3.468085
抢先,6.266667
抢险,5.5
抢修,4.458333
抢眼,5.53125
抢占,5.142857
抢走,5.826087
襁褓,4.48
悄悄,6.125
悄悄话,5.481481
悄然,6.606061
悄无声息,5.122449
跷跷板,5.666667
敲打,6.533333
敲定,4.047619
敲击,5.833333
敲门,6.423077
敲响,5.761905
敲诈,6.25
乔装,5.962963
侨胞,4.62963
侨居,4.16
侨民,4.291667
桥洞,6.1
桥段,5.0
桥墩,5.75
桥梁,6.107143
桥牌,3.72
桥头,5.391304
桥头堡,3.458333
憔悴,6.333333
樵夫,4.25
瞧不起,5.826087
瞧见,5.173913
巧夺天工,5.095238
巧妇,4.64
巧合,6.321429
巧匠,5.0
巧克力,6.424242
巧立名目,3.037037
巧妙,6.481481
巧取豪夺,4.807692
巧舌如簧,4.714286
巧手,6.285714
巧言令色,4.642857
巧遇,5.0
俏丽,5.851852
俏皮,6.1
峭壁,4.653061
窍门,6.481481
翘楚,4.693878
翘首,4.328571
切成,4.826087
切除,5.73913
切磋,6.296296
切断,5.619048
切肤之痛,4.590909
切割,4.777778
切合,5.238095
切换,5.521739
切忌,5.357143
切开,5.446809
切片,5.64
切入,5.217391
切入点,5.204082
切身,4.816327
切身利益,5.192308
切实,5.24
切削,5.392857
茄子,6.333333
怯场,4.615385
怯懦,6.235294
窃窃私语,5.346154
窃取,5.434783
窃听,5.583333
窃笑,4.555556
窃贼,5.469388
惬意,5.59375
钦差,4.416667
钦差大臣,4.869565
钦佩,5.222222
侵犯,5.71875
侵害,5.48
侵华,5.590909
侵略,6.14881
侵略者,5.708333
侵权,5.69697
侵入,6.266667
侵蚀,6.066667
侵吞,5.518519
侵袭,6.2
侵占,5.892857
亲爱,6.428571
亲笔,5.913043
亲和,5.904762
亲和力,5.869565
亲近,6.458182
亲历,4.255319
亲临,4.614286
亲密,6.2
亲民,5.375
亲昵,5.665242
亲朋,6.0
亲朋好友,6.285714
亲戚,6.04
亲切,6.666667
亲情,6.56
亲热,6.484848
亲人,6.851648
亲身,6.433333
亲生,6.03125
亲手,6.518519
亲属,6.5
亲王,4.047619
亲吻,6.095238
亲眼,6.727273
亲友,6.423077
亲子,5.809524
亲自,6.733333
芹菜,6.30303
秦朝,5.545455
琴谱,5.202703
琴弦,5.4
禽流感,5.545455
禽兽,5.269231
勤奋,6.62963
勤工俭学,5.76
勤恳,6.235294
勤快,6.590909
勤劳,6.461538
勤勉,5.64
勤务,4.227273
勤学苦练,5.851064
擒获,4.8125
擒拿,4.5
寝室,6.52
沁人心脾,5.173913
青菜,6.346154
青草,6.464286
青春,6.727273
青翠,4.8
青红皂白,5.28
青花,4.666667
青黄不接,3.75
青睐,6.266667
青梅竹马,5.913043
青年,6.75
青涩,5.782609
青山,6.205882
青山绿水,6.019231
青少年,5.791667
青松,4.64
青苔,5.321429
青天,5.25
青天白日,4.5
青铜,4.961538
青铜器,5.416667
青蛙,6.338571
青云直上,4.628571
轻薄,6.208333
轻便,6.0
轻车熟路,5.521739
轻度,5.769231
轻而易举,5.04
轻风,6.214286
轻浮,5.46875
轻歌曼舞,4.574468
轻轨,4.458333
轻捷,5.636364
轻举妄动,5.4
轻快,5.382353
轻率,6.212121
轻慢,5.461538
轻描淡写,5.818182
轻蔑,6.037037
轻飘,5.285714
轻飘飘,5.913043
轻巧,6.363636
轻轻,5.916667
轻取,4.391304
轻柔,6.424242
轻伤,5.681818
轻生,5.347826
轻声,4.871429
轻视,6.282143
轻手轻脚,5.458333
轻松,6.735294
轻佻,5.466667
轻微,6.708333
轻信,5.08
轻型,4.625
轻易,6.606061
轻盈,6.148148
轻于鸿毛,5.06
轻重,5.75
轻重倒置,4.833333
轻重缓急,5.304348
轻舟,5.407407
倾倒,5.888889
倾覆,5.757407
倾家荡产,5.942308
倾力,5.242424
倾盆大雨,5.12
倾情,5.074074
倾诉,6.628571
倾听,6.535714
倾吐,5.647059
倾向,6.296296
倾销,4.882353
倾斜,6.4
倾泻,5.227273
倾心,5.510638
倾轧,3.52
倾注,5.3125
卿卿我我,5.12766
清白,6.428571
清兵,4.68
清仓,5.347826
清查,5.0
清偿,3.869565
清朝,5.190476
清澈,6.333333
清澈见底,5.1
清晨,6.5
清除,5.5625
清楚,6.481481
清纯,6.529412
清脆,6.366667
清单,5.89
清淡,6.363542
清道夫,5.333333
清点,6.583333
清风,5.565217
清高,6.25
清规戒律,4.979592
清洁,5.666667
清洁工,5.73913
清净,5.458333
清静,6.037037
清酒,4.478261
清苦,5.714286
清冷,6.1
清理,6.153846
清丽,5.5
清廉,6.228571
清凉,5.818182
清亮,4.857143
清冽,4.846866
清明,6.0
清盘,3.857143
清贫,5.909091
清泉,5.52381
清热,5.269231
清扫,6.035714
清瘦,5.590909
清爽,5.88
清水,5.892857
清算,5.478261
清退,3.416667
清晰,6.12
清洗,6.21875
清闲,6.142857
清香,5.90625
清新,6.515152
清醒,6.571429
清秀,5.296296
清幽,5.857143
清淤,3.814286
清运,3.619048
清早,6.727273
蜻蜓,5.954545
蜻蜓点水,5.210526
情报,5.615385
情报网,5.28
情不自禁,5.541667
情操,5.8
情感,6.409091
情歌,6.230769
情怀,6.411765
情急,5.22449
情节,6.733333
情结,6.470588
情景,6.5
情境,5.833333
情况,5.84375
情理,6.323529
情侣,6.558824
情面,6.076923
情趣,5.962963
情人,5.740741
情商,5.916667
情深似海,4.923077
情势,5.347826
情书,5.925926
情愫,5.083333
情调,6.583333
情同手足,5.4
情投意合,5.642857
情形,5.454545
情绪,6.185185
情绪化,5.541667
情义,5.730769
情谊,6.481481
情意,5.884615
情有独钟,5.75
情有可原,5.958333
情缘,5.272727
情愿,5.96
晴好,3.925926
晴朗,6.7
晴天,6.68
晴天霹雳,5.375
顷刻,5.766667
请假,6.607143
请柬,6.088235
请教,6.875
请君入瓮,5.304348
请客,6.04
请求,6.633333
请示,5.888889
请帖,5.307692
请问,6.190883
请缨,5.107143
请愿,4.62963
庆典,6.227273
庆功,4.952381
庆功宴,5.567568
庆贺,6.08
庆幸,6.4
庆祝,5.777778
穷兵黩武,3.571429
穷苦,6.0
穷困,6.115385
穷困潦倒,5.0
穷年累月,4.375
穷人,6.28125
穷山恶水,4.76
穷奢极欲,3.8
穷途末路,4.709677
穷乡僻壤,5.347826
穷凶极恶,4.88
琼浆,4.44
琼楼玉宇,4.095238
丘陵,5.852941
秋波,4.44
秋分,6.533333
秋风,6.535714
秋高气爽,5.869565
秋后算账,5.1
秋季,6.481481
秋千,5.96
秋色,5.28
秋收,5.30303
秋霜,1.9375
秋天,6.607143
蚯蚓,5.148148
囚车,4.84
囚犯,5.692308
囚禁,5.653846
囚室,5.142857
求购,4.740741
求婚,6.142857
求救,5.84375
求情,6.666667
求全责备,3.5
求饶,5.607143
求生,5.928571
求同存异,5.041667
求学,6.37037
求医,5.818182
求雨,4.4
求证,5.48
求知欲,5.73913
求职,5.583333
求助,6.875
酋长,4.878788
球场,5.708333
球队,5.48
球风,3.730769
球馆,5.296296
球技,5.575758
球门,5.857143
球迷,5.807692
球拍,5.652174
球票,4.878788
球赛,5.708333
球手,4.888889
球王,4.72
球网,5.434783
球鞋,6.391304
球星,5.521739
球衣,5.809524
球员,5.407407
遒劲,3.8125
区别,6.076923
区段,4.148148
区分,6.428571
区级,4.571429
区位,4.04
区县,5.296296
区域,5.96875
区长,5.285714
驱车,4.407407
驱除,6.4
驱动,5.480769
驱赶,6.0
驱散,5.8
驱使,5.333333
驱逐,6.111111
驱逐舰,3.347826
屈打成招,5.409091
屈服,6.3
屈辱,6.636364
屈膝,4.62963
屈指可数,5.757576
祛除,5.823529
躯壳,6.314286
躯体,5.76
趋缓,4.121212
趋势,5.8
趋向,5.583333
趋炎附势,5.0
趋于,5.24
渠道,5.607143
曲高和寡,3.73913
曲率,3.777778
曲目,4.530612
曲谱,5.297872
曲奇,5.333333
曲调,5.565217
曲线,6.176471
曲艺,4.826087
曲意逢迎,3.96
曲折,6.392857
曲直,5.217391
曲子,5.666667
取材,5.636364
取出,5.736842
取代,6.242424
取得,6.3
取缔,5.0
取回,6.347826
取经,4.9
取景,5.590909
取款,5.75
取名,5.884615
取暖,6.321429
取巧,5.197368
取舍,5.714286
取胜,5.612245
取现,5.185185
取向,5.185185
取消,6.3125
取笑,6.340476
取样,5.666667
取悦,5.26
取长补短,5.736842
取证,5.014286
娶亲,5.878788
去除,5.25
去处,5.375
去掉,5.818182
去留,5.636364
去路,5.866667
去年,6.516484
去世,5.36
去伪存真,5.041667
去向,6.121212
趣事,5.913043
趣味,5.888889
趣闻,6.32619
圈地,4.18
圈钱,4.769231
圈套,5.148148
圈子,6.31044
权柄,3.666667
权贵,5.821429
权衡,5.90625
权力,5.555556
权利,6.666667
权且,4.576923
权势,5.590909
权威,5.740741
权限,6.514286
权益,5.142857
权责,4.478261
权证,3.32
权重,4.875
全班,6.5
全部,6.555556
全场,5.789474
全程,6.25
全村,6.022222
全党,4.614286
全队,5.708333
全额,5.72
全方位,5.36
全副,5.318182
全国,6.289474
全集,5.776316
全家,6.307692
全景,5.173913
全境,4.76
全局,5.605263
全军,5.0
全军覆没,5.125
全力,6.636364
全力以赴,5.782609
全貌,5.590909
全面,6.666667
全民,5.875
全能,6.481481
全盘,5.37037
全球,5.869565
全球化,6.0
全区,5.347826
全权,5.24
全日制,5.916667
全身,6.535714
全神贯注,5.666667
全省,6.178571
全胜,5.684211
全盛,4.047619
全市,5.037037
全书,5.16
全速,5.258182
全套,5.416667
全体,6.5
全天候,4.291667
全文,5.142857
全县,5.521739
全线,4.4
全校,6.130435
全心,5.454545
全心全意,5.44
全新,6.407407
全员,5.868421
全长,5.807692
全职,6.083333
全资,4.642857
诠释,6.458333
泉水,6.428571
泉眼,4.037037
拳法,5.666667
拳击,5.148148
拳击手,4.771429
拳脚,5.571429
拳头,5.759972
拳王,5.530612
痊愈,5.68
蜷曲,5.407407
蜷缩,5.785714
犬齿,4.133333
犬牙交错,3.375
劝导,5.772727
劝告,5.636364
劝谏,5.766667
劝解,5.84
劝勉,5.764706
劝说,5.692308
劝慰,6.266667
劝诱,5.185185
劝阻,6.321429
券商,2.916667
缺德,5.844444
缺点,6.287273
缺乏,5.923077
缺憾,4.98
缺课,5.869565
缺口,5.76
缺少,6.5
缺失,6.588235
缺位,5.041667
缺席,5.68
缺陷,6.6
缺氧,5.73913
缺阵,3.755102
瘸腿,5.25
瘸子,6.285714
却步,4.391304
却说,4.826087
雀斑,5.863636
雀巢,5.666667
雀跃,5.140351
确保,6.235294
确定,6.545455
确立,6.363636
确切,6.148148
确认,6.115385
确实,6.156695
确信,5.72
确凿,5.53125
确诊,6.037037
鹊巢鸠占,4.75
裙子,6.516667
群策群力,4.458333
群岛,4.961538
群发,5.652174
群龙无首,5.407895
群情,3.5
群山,5.173913
群体,6.733333
群星,6.136364
群雄,4.545455
群众,6.4
然而,5.375
然后,6.964286
燃点,5.653846
燃放,4.666667
燃料,6.205882
燃眉之急,5.75
燃煤,5.217391
燃起,5.583333
燃气,5.791667
燃烧,5.962963
燃油,4.76
染病,5.24
染缸,4.5
染色,5.571429
让步,6.3
让出,5.083333
让给,4.913043
让开,6.166667
让利,4.636364
让路,5.285714
让位,5.192308
让座,5.814815
饶舌,4.321429
饶恕,5.769231
扰乱,6.266667
扰民,5.952381
绕道,6.0
绕行,5.964286
惹祸,5.346154
惹事,5.807692
热爱,6.148148
热播,5.571429
热潮,5.269231
热炒,5.217391
热忱,5.15625
热词,5.510638
热带,6.542857
热带雨林,5.36
热点,6.633333
热电,4.173913
热度,5.4
热狗,5.75
热乎乎,5.791667
热火,4.826923
热火朝天,5.291667
热辣辣,4.785714
热浪,5.851852
热泪,5.583333
热泪盈眶,5.230769
热力,4.24
热量,6.04
热烈,6.038462
热卖,5.92
热门,6.423077
热闹,6.444444
热能,5.583333
热气,6.414216
热气球,5.555556
热气腾腾,5.58
热钱,4.380952
热切,5.678571
热情,6.366667
热情洋溢,6.074074
热身,5.840909
热水,6.375
热水瓶,5.791667
热腾腾,5.652174
热土,4.851852
热线,5.222222
热销,5.333333
热心,6.69697
热血,6.16
热议,5.736842
热映,5.892857
热衷,6.4
人才,6.848485
人才济济,5.875
人参,5.47619
人道,4.285714
人定胜天,5.265306
人浮于事,4.24
人格,5.72
人格化,4.777778
人工,6.321429
人工呼吸,5.354839
人工智能,5.96
人海,5.181818
人行道,5.458333
人和,5.666667
人祸,5.04
人迹罕至,5.217391
人家,6.592593
人间,6.16
人居,4.29
人均,6.392857
人口,6.828571
人困马乏,4.076923
人来人往,6.0
人类,6.714286
人力,4.809524
人力车,4.607143
人流,5.970588
人马,5.457143
人脉,5.875
人们,6.9
人面兽心,5.223684
人民,6.39
人民币,5.96
人名,6.470588
人命,5.75
人品,6.833333
人气,6.323529
人情,5.863636
人情世故,5.916667
人情味,5.73913
人权,5.346154
人群,6.392857
人人,5.652174
人山人海,5.92
人身,5.333333
人生,6.318182
人声鼎沸,5.846154
人士,6.266667
人世,5.803571
人事,5.576923
人手,6.542857
人寿,4.647059
人寿保险,5.555556
人数,5.851852
人体,6.296296
人头,5.642857
人为,5.962963
人文,6.416667
人物,6.566667
人像,5.730769
人心,6.666667
人性,6.323529
人选,6.428571
人意,5.25
人影,5.521739
人员,6.2
人缘,5.518519
人云亦云,4.52
人造,6.071429
人造卫星,5.2
人证,5.727273
人之常情,5.304348
人质,5.535714
仁爱,5.222222
仁慈,6.033333
仁厚,6.035714
仁兄,4.62
仁义,5.666667
仁至义尽,5.454545
忍不住,5.913043
忍俊不禁,5.095238
忍耐,6.2
忍耐力,5.782609
忍气吞声,5.333333
忍让,5.59375
忍辱负重,5.166667
忍受,6.0
忍无可忍,5.772727
忍心,6.259259
认出,5.833333
认错,5.653846
认得,6.346154
认定,6.411765
认购,5.0
认可,5.846154
认领,5.96
认命,5.565789
认清,5.652174
认识,6.714286
认输,5.56
认同,6.466667
认为,6.5
认贼作父,4.692308
认真,6.848485
认证,6.6
认知,6.411765
认知科学,5.807692
认准,5.64
认罪,5.111111
任何,5.592593
任教,4.925926
任劳任怨,5.608696
任免,4.652174
任命,5.821429
任凭,5.4
任其自然,4.971429
任人唯亲,4.833333
任人唯贤,4.071429
任人宰割,5.06
任务,6.7
任性,6.541667
任选,5.478261
任意,6.727273
任用,5.04
任由,4.787234
任职,6.0
任重道远,5.608696
韧带,5.045455
韧性,5.384615
妊娠,5.409091
扔掉,5.833333
扔下,5.714286
仍旧,5.15625
仍然,6.261818
日薄西山,4.166667
日报,5.875
日本,6.178571
日常,6.705882
日程,6.03125
日出,6.083333
日方,3.956522
日光,5.56
日后,6.115385
日积月累,5.772727
日记,6.533333
日久天长,5.958333
日剧,5.238095
日军,4.888889
日均,4.514286
日理万机,5.54
日历,6.36
日落,6.208333
日期,6.4
日前,5.294118
日晒雨淋,5.468085
日食,4.2
日式,5.416667
日文,5.060606
日新月异,5.73913
日夜,6.36
日夜兼程,4.625
日益,6.392857
日裔,3.64
日用,6.37037
日用品,6.026316
日语,5.869565
日元,5.223684
日月如梭,5.276316
日照,5.625
日志,5.75
日子,6.607143
荣登,5.0
荣光,4.314286
荣华,5.75
荣华富贵,5.22973
荣获,6.115385
荣立,3.761905
荣辱,5.75
荣幸,6.166667
荣耀,6.333333
荣膺,3.809524
荣誉,6.002849
绒布,4.821429
绒毛,6.0
容光焕发,5.878788
容积,5.0
容量,5.64
容貌,6.392857
容纳,5.96875
容器,5.28
容忍,6.08
容许,6.107143
容颜,5.962963
容易,6.688095
溶化,4.957447
溶解,6.2
榕树,5.296296
熔化,5.461538
熔解,5.170455
熔岩,4.481481
融合,6.185185
融化,6.384615
融汇,5.607143
融会贯通,5.166667
融洽,6.37037
融券,3.272727
融入,5.486486
融通,3.958333
融资,5.333333
冗员,2.625
冗长,5.088235
柔道,4.423077
柔和,5.76
柔美,5.44
柔媚,5.794118
柔嫩,5.296296
柔情,6.566667
柔韧,6.257143
柔软,6.833333
柔弱,6.08
柔顺,6.146164
柔性,5.285714
糅合,4.2
蹂躏,5.466667
肉搏,5.125
肉搏战,5.416667
肉菜,5.678571
肉类,5.782609
肉麻,5.608696
肉身,5.857143
肉体,5.782609
肉丸,6.0
肉眼,5.73913
肉质,5.363636
如厕,5.071429
如出一辙,5.652174
如此,6.485714
如法炮制,4.25
如果,6.714286
如何,6.558824
如虎添翼,5.076923
如火如荼,5.173913
如饥似渴,5.12
如胶似漆,5.424242
如今,6.666667
如雷贯耳,5.2
如履薄冰,5.230769
如履平地,4.769231
如梦初醒,5.230769
如期,6.433333
如泣如诉,5.458333
如日中天,5.285714
如实,5.769231
如释重负,5.545455
如数家珍,4.615385
如同,6.69697
如下,6.214286
如意,5.416667
如影随形,5.666667
如鱼得水,5.634615
如愿,5.519943
如愿以偿,5.666667
如约,4.833333
如坐针毡,5.777778
儒家,6.4
儒教,4.583333
儒学,5.037037
儒雅,5.6875
孺子,4.538462
蠕动,5.136364
乳白,5.970588
乳齿,5.391304
乳房,5.888889
乳粉,4.714286
乳酪,5.6
乳牛,5.156863
乳品,4.565217
乳酸,5.095238
乳腺,5.208333
乳业,5.36
乳汁,5.909091
乳制品,5.828947
乳猪,5.173913
辱骂,6.533333
入不敷出,5.217391
入场,5.909091
入场费,5.346939
入党,6.142857
入冬,5.452381
入股,5.363636
入户,4.304348
入会,5.692308
入境,5.478261
入口,6.554779
入库,5.037037
入门,5.605263
入迷,6.321429
入木三分,5.909091
入侵,6.382353
入情入理,4.3
入神,5.955882
入手,5.928571
入睡,6.518519
入网,4.72
入围,6.037037
入味,5.333333
入伍,5.583333
入夏,5.56
入乡随俗,5.407407
入校,5.7
入选,5.692308
入学,6.25
入夜,5.333333
入狱,5.64
入园,4.913043
入院,5.041667
入账,5.217391
入主,4.238095
入住,5.923077
入驻,5.32
软垫,5.484848
软化,5.0
软件,6.230769
软禁,5.75
软肋,5.434783
软绵绵,5.296296
软弱,6.142857
软实力,5.038462
软硬兼施,5.259259
软组织,4.5
锐不可当,4.666667
锐减,5.44
锐角,5.75
锐利,6.485714
锐气,5.0
锐意,5.083333
睿智,5.444444
闰年,4.48
润滑,6.285714
润泽,4.962963
若干,6.074074
若即若离,4.47619
若明若暗,5.043478
若无其事,5.416667
若想,5.428571
若隐若现,5.0
若有所失,4.4
若有所思,5.72
偌大,5.772727
弱不禁风,4.958333
弱点,6.04
弱化,5.75
弱肉强食,5.114286
弱势,6.575758
弱小,6.321429
弱者,6.28
弱智,5.6
洒落,6.352941
洒脱,5.915556
撒旦,4.125
撒欢,5.32906
撒谎,6.582888
撒娇,6.074074
撒网,5.040816
撒种,4.5
腮腺,3.285714
塞车,5.043478
塞外,5.814815
塞翁失马,5.08
赛场,6.158508
赛车,5.333333
赛车场,5.086957
赛程,5.212121
赛道,5.307692
赛点,5.434783
赛段,4.416667
赛会,3.88
赛马,5.0
赛跑,6.16958
赛区,5.12
赛事,6.25
赛制,4.653846
三板,2.62963
三叉,3.276596
三番五次,5.52
三顾茅庐,5.434783
三国,4.777778
三国演义,5.333333
三缄其口,3.666667
三角,6.148148
三角形,5.833333
三教九流,4.730769
三节,4.263158
三军,5.142857
三令五申,4.5
三六九等,5.416667
三轮,5.703704
三三两两,5.076923
三头六臂,5.407895
三维,4.916667
三五成群,5.618421
三线,4.346939
三心二意,5.74359
三言两语,5.074074
三原色,4.166667
三长两短,5.727273
三足鼎立,4.914894
伞兵,5.115385
散布,6.485714
散步,6.535714
散场,6.111111
散打,5.571429
散发,6.366667
散户,5.521739
散会,6.090909
散乱,6.285714
散落,5.458333
散热,5.32
散文,6.636364
散心,5.695652
散装,5.521739
桑拿,5.1
桑树,4.565217
桑叶,6.30303
嗓门,5.6
嗓音,6.428571
嗓子,6.622549
丧家之犬,4.851852
丧假,4.842105
丧命,5.541667
丧偶,5.0
丧权辱国,5.2
丧生,4.962963
丧失,5.933333
丧心病狂,6.037037
搔首弄姿,4.714286
搔痒,5.5
骚动,6.318182
骚乱,6.515152
骚扰,6.0
扫除,6.285714
扫荡,6.107143
扫地,6.28
扫地出门,5.333333
扫黄,5.642857
扫描,5.884615
扫墓,6.1375
扫射,4.869565
扫视,6.101852
扫兴,6.363636
扫帚,6.230769
瘙痒,5.347826
色彩,6.685714
色彩缤纷,5.72
色狼,5.75
色盲,5.142857
色情,5.740741
色素,5.434783
色调,5.846154
色相,5.766667
色泽,5.851852
瑟缩,3.375
森林,6.678571
森严,5.276316
僧多粥少,4.708333
僧人,4.619048
杀虫剂,5.463918
杀跌,2.36
杀害,5.518519
杀鸡取卵,4.48
杀价,4.73913
杀菌,5.478261
杀戮,5.857143
杀气,4.888889
杀青,5.5
杀人,5.909091
杀人犯,5.644737
杀人越货,4.125
杀伤,4.391304
杀伤力,5.391304
杀身成仁,3.769231
杀手,4.740741
杀死,6.0
杀一儆百,4.625
沙包,5.730769
沙场,5.62963
沙尘,5.869565
沙发,6.636364
沙拉,5.96
沙龙,4.21875
沙漠,6.28
沙漠化,4.814815
沙盘,4.333333
沙丘,4.923077
沙石,5.521739
沙滩,6.678571
沙土,6.224359
沙哑,6.294118
沙子,6.481481
纱布,6.071429
纱窗,6.0
砂锅,6.0
砂砾,4.807692
砂石,5.0
砂糖,6.458333
鲨鱼,5.391304
傻瓜,6.28
傻事,6.5
傻笑,5.695652
傻子,6.617647
煞白,5.771429
煞费苦心,5.565217
煞有介事,3.178571
霎时,4.08
霎时间,4.363636
筛查,5.52
筛选,6.111111
山崩地裂,4.73913
山茶花,5.391304
山城,4.375
山川,5.818182
山村,6.633333
山地,6.153846
山巅,5.703704
山顶,6.09375
山洞,4.407407
山峰,5.954545
山冈,5.25
山歌,6.424242
山沟,6.176471
山谷,5.909091
山河,6.69697
山洪,6.678571
山火,5.043478
山脊,4.571429
山涧,5.481481
山脚,6.214286
山林,6.392857
山岭,6.233333
山路,5.541667
山峦,5.464286
山脉,5.9375
山盟海誓,5.5
山坡,6.25
山清水秀,5.257143
山穷水尽,5.884615
山丘,6.111111
山区,6.12
山泉,5.730769
山水,6.433333
山体,5.083333
山头,5.531852
山崖,4.185185
山羊,5.673469
山腰,6.371429
山药,5.75
山野,6.411765
山楂,5.7
山寨,5.928571
山珍海味,5.25
山庄,4.925926
删除,6.666667
删繁就简,4.125
删减,5.153846
珊瑚,5.52
舢板,2.454545
煽动,5.928571
煽风点火,5.541667
闪避,4.375
闪电,6.222222
闪动,6.12619
闪光,5.681818
闪光灯,5.934211
闪亮,6.25
闪闪,5.625
闪烁,5.92
闪现,5.592593
闪耀,5.96
讪笑,4.44
扇贝,5.44
扇动,5.04
扇子,6.642857
善待,5.964286
善恶,5.695652
善后,4.833333
善解人意,5.75
善举,5.157143
善款,4.464286
善良,6.497619
善男信女,5.090909
善始善终,5.434783
善事,5.454545
善忘,4.6
善意,5.703704
善于,5.592593
善终,5.387755
擅长,6.678571
擅自,6.142857
膳食,5.708333
赡养,6.357143
赡养费,5.12
伤疤,6.291667
伤病,5.763158
伤残,5.478261
伤风败俗,4.785714
伤感,6.333333
伤害,6.633333
伤寒,5.136364
伤痕,5.185185
伤口,6.272727
伤情,4.428571
伤势,5.851852
伤天害理,5.666667
伤痛,5.5
伤亡,5.692308
伤心,6.617647
伤愈,5.391304
伤员,6.136364
伤者,5.606061
商标,5.884615
商场,6.583333
商城,6.086957
商店,6.833333
商定,4.632653
商贩,6.6
商行,4.307692
商户,5.045455
商会,4.36
商机,5.608696
商家,6.130435
商界,5.259259
商量,6.24
商旅,4.635135
商贸,5.04
商品,6.833333
商铺,5.888889
商圈,4.58
商榷,3.608696
商人,6.041667
商谈,5.08
商讨,5.814815
商务,5.409091
商务部,5.47619
商学院,4.96
商业,6.5
商议,6.588235
商用,5.541667
商住,3.458333
晌午,5.125
赏赐,6.4
赏罚分明,5.769231
赏花,5.444444
赏金,5.71
赏脸,5.107527
赏识,6.75
赏心悦目,5.36
赏月,6.043478
上岸,5.740741
上班,6.28
上班族,6.304348
上榜,5.565217
上报,6.6
上宾,4.541667
上苍,4.84
上层,5.454545
上场,5.737892
上车,5.913043
上乘,4.333333
上次,6.041667
上当,5.8
上等,6.389483
上帝,5.407407
上访,5.409091
上风,5.708333
上浮,4.84
上岗,5.5
上告,3.0
上钩,5.962963
上古,4.961538
上海,6.607143
上行,4.575758
上行下效,4.478261
上火,6.821429
上级,5.0
上佳,4.407407
上家,5.952381
上架,6.0
上将,4.44
上交,5.695652
上缴,5.333333
上街,5.782609
上进,6.222222
上课,6.767407
上空,6.166667
上来,6.5
上流,6.424242
上楼,6.088889
上路,5.52
上马,4.090909
上门,5.857143
上面,6.705882
上牌,3.555556
上品,5.740741
上前,6.233333
上去,6.714286
上任,5.727273
上山,5.75
上身,5.521739
上升,6.29
上市,5.288889
上手,5.571429
上书,3.948454
上述,6.086957
上司,5.857143
上诉,5.56
上溯,3.636364
上台,6.153846
上天,5.72
上调,4.285714
上图,5.090909
上网,6.714286
上位,5.291667
上午,6.766667
上下,6.428571
上下一心,4.761905
上限,5.678571
上线,5.958333
上校,4.73913
上学,6.875
上旬,5.624709
上演,6.484848
上扬,5.434783
上衣,6.384615
上议院,4.178571
上瘾,5.518519
上映,6.321429
上游,5.892857
上涨,5.923077
上阵,5.043478
上周,6.5
尚存,4.828947
尚且,5.272727
尚未,5.0
烧毁,5.56
烧烤,6.857143
烧杀抢掠,4.666667
烧伤,5.346939
烧制,4.086957
稍后,6.259259
稍稍,6.466667
稍微,6.636364
稍纵即逝,5.791667
艄公,3.235294
勺子,6.285714
少不更事,4.6
少儿,6.083333
少妇,5.772727
少见,6.259259
少见多怪,4.48
少将,4.791667
少量,5.408163
少林,5.458333
少林寺,5.380952
少年,6.592593
少年老成,5.115385
少女,6.666667
少时,6.076923
少数,5.851852
少数民族,6.086957
少先队员,5.625
少许,5.772727
少爷,4.958333
少有,5.644737
少于,5.761905
少壮,6.233333
少壮派,3.928571
哨兵,5.538462
哨子,5.884615
奢侈,6.333333
奢华,6.035714
奢望,6.214286
赊账,5.363636
舌头,5.961538
舌战,4.934211
蛇头,5.0
蛇蝎,5.166667
舍本逐末,4.357143
舍不得,5.92
舍得,5.884615
舍己为人,5.574468
舍近求远,5.814815
舍命,5.086957
舍弃,5.921569
舍生取义,4.8
舍下,4.730769
设备,6.115385
设定,5.875
设法,5.545455
设防,4.958333
设计,6.411765
设计师,5.916667
设卡,3.64
设立,6.142857
设施,6.678571
设想,5.857143
设有,5.355263
设在,5.026316
设置,6.464286
社工,4.565217
社会,6.481481
社会学,5.061224
社会主义,5.958333
社稷,5.133333
社交,6.685714
社论,4.986842
社区,6.606061
社团,6.607143
社员,5.583333
社长,5.863636
射程,4.666667
射击,6.457143
射箭,5.44
射门,4.757143
射频,3.565217
射手,5.423077
涉案,5.285714
涉毒,5.571429
涉法,4.043478
涉及,6.409091
涉猎,5.75
涉农,3.8
涉诉,4.416667
涉外,4.565217
涉嫌,5.52
涉足,4.884615
赦免,5.5
摄取,6.029412
摄入,4.925926
摄氏,4.962963
摄氏度,6.307692
摄像,6.37037
摄像机,6.045455
摄影,6.454545
摄影集,5.652174
摄影师,6.04
摄政,3.72
摄政王,4.782609
摄制,4.212121
麝香,3.814286
申办,5.958333
申报,6.272727
申辩,4.304348
申购,4.166667
申领,4.892857
申请,6.5
申请表,5.457143
申诉,5.941799
申遗,4.807692
伸出,5.862745
伸手,5.78
伸缩,5.692308
伸冤,5.391304
伸展,6.5
伸张,5.5
伸长,5.642857
身败名裂,5.0
身边,6.69697
身不由己,5.428571
身材,6.909091
身处,5.212121
身穿,4.857143
身段,5.884615
身份,6.742857
身份证,6.380952
身高,6.5
身后,6.636364
身患,4.666667
身家,5.618421
身价,5.259259
身兼,4.142857
身经百战,5.44898
身临其境,6.038462
身披,4.24
身强力壮,5.916667
身躯,6.357143
身上,6.392857
身世,6.4
身手,5.276316
身体,6.909091
身体力行,5.037037
身外之物,5.678571
身亡,5.708333
身无分文,5.681818
身先士卒,4.907895
身陷,5.208333
身心,6.766667
身形,6.153846
身影,6.529412
身着,4.730769
身姿,5.555556
身子,6.485714
呻吟,6.185185
绅士,6.484848
深谙,3.692308
深奥,6.107143
深不可测,5.782609
深层,5.043478
深沉,5.6875
深仇大恨,4.804124
深处,5.84375
深度,6.148148
深恶痛绝,5.36
深感,5.428571
深更半夜,5.708333
深闺,4.086957
深海,5.652174
深厚,6.222028
深化,5.0
深居简出,5.904762
深刻,6.264706
深明大义,5.681818
深谋远虑,5.521739
深浅,6.178571
深切,5.52
深情,6.192308
深情厚谊,5.833333
深秋,6.407407
深入,5.851852
深入虎穴,5.039474
深入浅出,4.576923
深色,5.636364
深山,6.0
深深,5.75
深受,4.92
深水,5.521739
深思,5.591837
深思熟虑,6.074074
深邃,5.970588
深陷,5.916667
深信,5.111111
深信不疑,5.428571
深夜,6.607143
深意,5.911765
深幽,4.888889
深渊,5.421652
深远,6.214286
深造,6.117647
深知,5.32
深重,5.923077
什么,6.24
神采奕奕,5.0
神出鬼没,5.56
神灯,4.538462
神殿,4.869565
神父,4.4
神话,5.846154
神机妙算,5.954545
神经,6.657143
神经病,5.644737
神经系统,5.521739
神来之笔,5.043478
神龙,4.76
神秘,6.411765
神秘莫测,5.833333
神庙,4.571429
神奇,6.074074
神气,5.814815
神气活现,5.25
神枪手,4.828571
神情,5.84
神色,5.545455
神圣,6.428571
神似,5.12766
神态,6.547794
神通,5.26087
神通广大,5.644444
神童,5.652174
神仙,6.148148
神学,4.4
神学院,3.291667
神勇,5.785714
神韵,6.142857
神志,5.625
神州,4.892857
审查,6.428571
审定,4.666667
审核,6.5
审计,5.0
审结,4.6
审理,5.115385
审美,6.038462
审判,6.035714
审判官,5.571429
审批,5.222222
审慎,5.071429
审时度势,4.521739
审视,5.115385
审问,5.535714
审讯,5.285714
审议,4.8
审阅,5.875
肾病,4.608696
肾脏,6.0
甚至,6.533333
渗漏,4.931818
渗入,5.428571
渗水,5.304348
渗透,6.2
慎重,6.470588
升幅,4.75
升高,5.391304
升格,4.111111
升华,6.296296
升级,6.318182
升降,5.272727
升降机,5.575758
升空,5.6
升旗,5.649485
升起,5.130435
升迁,4.875
升任,4.846154
升势,3.653846
升天,6.029412
升温,5.962963
升学,5.869565
升压,5.130435
升值,6.416667
升职,5.192308
生搬硬套,5.142857
生病,6.647059
生菜,6.2
生产,6.433333
生产力,5.708333
生产总值,5.695652
生成,5.52
生存,6.529412
生动,6.259259
生发,5.214286
生根,6.085714
生还,4.956522
生活,6.75
生活化,5.32
生火,5.4
生机,6.291667
生机盎然,5.576923
生机勃勃,5.652174
生计,6.142857
生姜,6.441176
生来,6.222222
生老病死,5.608696
生离死别,5.571429
生理,6.666667
生灵,6.117647
生灵涂炭,4.958333
生龙活虎,5.6
生路,5.458333
生命,6.703704
生命力,6.0
生母,4.666667
生怕,6.371429
生平,6.4
生气,6.44
生气勃勃,5.785714
生前,5.464286
生人,5.866667
生日,6.821429
生杀予夺,2.96
生疏,6.441176
生死,6.558824
生死存亡,5.208333
生死攸关,4.571429
生态,5.875
生吞活剥,4.5
生物,6.4
生物圈,5.32
生鲜,5.565217
生肖,6.071429
生效,5.636364
生性,4.691176
生锈,6.25
生涯,6.0
生意,6.5
生意人,5.782609
生硬,5.851852
生于,4.833333
生育,6.545455
生源,5.125
生长,6.454545
生殖,5.538462
生猪,4.591837
生子,5.884615
声波,5.029915
声称,6.0
声带,5.25
声东击西,4.714286
声浪,5.357143
声乐,5.652174
声泪俱下,5.0
声名,5.5
声名狼藉,4.98
声名鹊起,4.666667
声明,6.515152
声母,4.571429
声情并茂,5.478261
声如洪钟,4.385714
声色俱厉,5.318182
声色犬马,3.851852
声势,5.302632
声嘶力竭,5.0
声讨,4.296296
声调,5.71875
声望,5.56
声响,6.185185
声音,6.0
声誉,6.433333
声援,4.948864
牲畜,6.107143
牲口,5.36125
绳索,6.424242
绳子,6.411765
省城,5.384615
省吃俭用,5.791667
省道,5.291667
省份,6.24
省会,5.190476
省级,5.73913
省力,5.846154
省略,5.72
省略号,6.285714
省钱,6.478261
省区,5.291667
省去,5.5
省却,3.08
省市,6.291667
省事,5.54
省属,4.478261
省悟,5.703704
省心,5.571429
省长,5.595238
圣诞,5.869565
圣诞节,6.12
圣诞老人,5.75
圣地,4.333333
圣火,4.92
圣洁,6.176471
圣经,4.076923
圣灵,4.478261
圣母,5.454545
圣人,5.409091
圣书,4.521739
圣坛,4.666667
圣徒,3.777778
圣贤,6.393939
圣像,3.909091
圣言,3.6
圣旨,5.291667
胜败,5.782609
胜出,6.607143
胜地,6.035714
胜负,6.192308
胜过,5.86
胜局,5.166667
胜利,6.318182
胜率,5.869565
胜券,5.347826
胜任,6.833333
胜诉,4.842857
胜算,5.625
胜于,4.771429
胜仗,6.04
胜者,5.877551
盛产,4.913043
盛大,6.771429
盛典,5.0
盛放,5.45
盛行,6.5
盛会,5.5
盛开,5.777778
盛况,5.208333
盛名,4.721649
盛怒,5.428889
盛气凌人,5.285714
盛情,5.605263
盛世,5.590909
盛事,4.875
盛夏,6.607143
盛宴,5.652174
盛赞,5.074074
盛装,5.291667
剩下,5.228571
剩余,6.363636
尸骸,5.208333
尸检,5.208333
尸首,4.96
尸体,5.909091
尸位素餐,2.828571
失败,6.115385
失败者,5.5
失策,4.380952
失常,6.484848
失传,5.727273
失地,4.54
失分,4.428571
失衡,5.291667
失魂落魄,5.826087
失火,5.333333
失控,6.606061
失礼,5.701567
失利,6.484848
失恋,5.791667
失灵,5.26087
失落,6.266667
失眠,6.433712
失明,6.161765
失陪,4.979592
失窃,5.16
失去,6.597594
失声,5.857143
失实,4.592593
失事,4.565217
失手,5.095238
失守,5.18
失调,5.708333
失望,6.397059
失物,4.666667
失误,6.647059
失效,6.588235
失信,5.758333
失血,5.26
失业,6.178571
失业率,5.76
失意,5.933333
失语症,4.318182
失约,5.291667
失之交臂,5.521739
失职,6.393939
失主,4.958333
失踪,4.692308
失足,6.147059
师出无名,4.807692
师从,5.30303
师德,5.435897
师父,6.666667
师傅,6.555556
师生,6.18
师徒,6.3
师团,4.380952
师兄,5.606061
师长,5.208333
师资,6.083333
诗词,6.785714
诗歌,6.148148
诗集,5.291667
诗句,6.444444
诗情画意,5.565217
诗人,6.08
诗文,6.382353
诗意,5.392857
狮子,6.470588
施恩,5.208333
施法,5.62963
施肥,5.695652
施工,6.575758
施行,5.461538
施加,5.075269
施救,4.971429
施舍,5.964286
施压,6.666667
施以,4.36
施展,5.454545
施政,4.56
施主,4.78
湿地,6.392857
湿度,6.115385
湿淋淋,5.828947
湿漉漉,5.434783
湿热,6.033333
湿润,5.818182
湿透,5.636364
湿疹,4.72
十恶不赦,5.619048
十二生肖,6.181818
十分,6.848485
十进制,4.73913
十拿九稳,5.666667
十全十美,6.043478
十万火急,5.478261
十字,5.130435
十字架,5.782609
十足,6.69697
石板,5.384615
石碑,5.68
石材,5.095238
石沉大海,4.571429
石膏,5.36
石化,5.173913
石灰,5.777778
石匠,5.875
石阶,4.888889
石刻,4.875
石窟,5.212121
石块,6.176471
石榴,6.0
石破天惊,5.0
石桥,5.75
石头,6.625
石油,6.352941
石子,6.62963
时报,5.387755
时不我待,4.869565
时不再来,5.52381
时差,5.26087
时常,6.464286
时辰,5.821429
时代,6.575758
时段,4.714286
时而,5.48
时分,5.928571
时光,6.606061
时过境迁,5.772727
时候,6.791667
时机,6.303571
时间,6.464286
时节,6.0
时刻,6.5
时空,5.909091
时来运转,5.26
时令,6.117647
时髦,6.392857
时评,4.881579
时期,6.285714
时任,4.869565
时日,5.852941
时尚,6.352941
时时,5.518519
时势,5.576923
时事,5.178571
时速,5.72
时效,5.56
时兴,5.037037
时长,5.821429
时政,5.404255
时值,4.130435
时钟,6.043478
时装,6.035714
时装店,5.954545
识别,6.04
识破,6.178571
识字,6.095238
实测,4.8
实处,5.030303
实地,6.457143
实地调查,5.622222
实干,4.72
实行,6.636364
实话,6.461538
实话实说,5.916667
实惠,6.392857
实际,6.487434
实绩,4.086957
实践,6.441176
实景,4.708333
实况,5.076923
实力,6.392857
实力派,5.954545
实例,5.618421
实录,4.36
实名,6.086957
实木,4.740741
实情,5.769231
实施,6.192308
实事,5.28
实事求是,5.78
实体,5.56
实务,4.5
实物,5.913043
实习,6.6
实习生,6.043478
实现,5.555556
实效,4.230769
实训,4.0
实验,6.4
实验室,5.916667
实业,5.217391
实用,6.086957
实在,6.071429
实战,5.740741
实证,4.96
实质,6.485714
拾荒,5.37037
拾金不昧,5.458333
拾取,5.391304
拾人牙慧,4.259259
食不甘味,3.848485
食古不化,3.776316
食客,4.969697
食粮,5.714286
食疗,5.52381
食料,6.176471
食品,6.821429
食谱,5.791667
食堂,6.794118
食物,6.851852
食物链,5.565217
食宿,5.761905
食盐,6.042857
食用,6.771429
食欲,5.851852
食指,6.115385
蚀刻,3.44
史册,5.84375
史料,4.52381
史前,4.782609
史诗,5.173913
史实,4.913043
史书,5.047619
史无前例,5.565217
史学,5.416667
史学家,4.829787
矢志不移,5.086957
使得,5.090909
使馆,4.90625
使唤,6.171429
使节,5.678571
使劲,6.0
使命,5.555556
使命感,5.681818
使女,4.391304
使用,6.7
使用率,5.208333
使者,6.0
始发,4.925926
始建,4.833333
始料不及,5.363636
始末,4.153846
始于,5.52
始终,6.633333
始祖,5.545455
驶出,4.434783
驶过,5.090909
驶离,4.75
驶入,5.125
士兵,4.962963
士官,4.636364
士气,5.964286
氏族,4.12
示范,5.9375
示弱,6.37037
示威,5.8
示威者,5.333333
示意,5.25
示众,4.62963
世仇,4.489796
世代,6.148148
世故,6.259259
世纪,6.041667
世家,4.585714
世间,6.392857
世交,4.5
世界,6.705882
世界杯,6.041667
世人,6.392857
世世代代,5.576923
世事,5.526316
世俗,5.68
世态,5.259259
世态炎凉,4.846154
世外桃源,5.638298
仕女,3.035714
仕途,4.314286
市场,6.787879
市场化,5.925926
市级,5.333333
市价,4.913043
市郊,5.041667
市井,5.333333
市面,5.833333
市民,6.590476
市区,5.72
市容,4.8
市属,4.26087
市县,5.095238
市长,6.166667
市招,3.333333
市镇,5.565217
市政,4.5
市值,5.043478
市中心,5.807692
式样,4.52
似的,6.25
似乎,6.75
似是而非,5.2
势必,6.375
势不可挡,5.608696
势不两立,5.826087
势均力敌,5.565217
势力,5.730769
势利,5.208333
势如破竹,5.423077
势头,6.066667
事半功倍,5.222222
事倍功半,5.56
事必躬亲,4.652174
事变,4.606061
事出有因,5.851852
事发,5.619048
事故,6.264706
事过境迁,4.833333
事后,5.592593
事迹,6.555556
事件,6.791667
事例,6.269231
事情,6.518519
事权,3.772727
事实,6.107143
事事,4.56
事态,6.6
事务,5.48
事务所,5.642857
事物,6.2
事先,5.56
事项,4.809524
事业,6.407407
事宜,5.26087
事与愿违,4.75
事主,3.68
侍奉,5.974359
侍候,5.411765
侍应,3.791667
饰品,6.5
饰物,5.525641
饰演,5.04
试车,5.5
试乘,4.391304
试点,5.555556
试飞,4.375
试行,4.16
试驾,5.071429
试金石,4.730769
试卷,6.166667
试试,5.444444
试探,6.357143
试题,6.685714
试图,5.9375
试想,5.434783
试训,4.666667
试验,6.166667
试用,6.6
试用品,5.5
视察,6.323529
视窗,3.84
视点,4.538462
视而不见,5.014286
视角,6.35
视觉,6.466667
视力,6.481481
视频,6.928571
视神经,4.958333
视死如归,5.375
视听,5.212121
视网膜,5.681818
视为,5.714286
视线,6.357143
视野,5.970588
视作,5.192308
拭目以待,5.5
柿子,5.869565
是非,6.708333
是否,6.7
适当,6.321429
适得其反,4.76
适度,5.962963
适逢,4.083333
适合,6.37037
适可而止,5.956522
适量,5.791667
适龄,5.375
适时,6.346154
适宜,6.142857
适应,6.771429
适用,6.076923
适者生存,5.869565
适中,5.208333
恃才傲物,4.051282
室内,6.125
室温,5.478261
室友,5.380952
逝去,5.478261
逝世,5.884615
逝者,5.42
弑父,4.88
释放,6.606061
释怀,4.814815
释然,5.625
释疑,3.913043
释义,4.833333
嗜好,5.666667
誓师大会,4.884615
誓死,5.304348
誓言,5.807692
誓约,5.216216
收兵,5.571429
收藏,6.617647
收藏版,5.44898
收场,5.42
收成,5.65625
收到,6.666667
收发,4.545455
收费,6.791667
收服,4.761905
收复,5.272727
收割,6.12
收购,6.147059
收官,5.130435
收回,5.7
收获,6.296296
收集,6.346154
收缴,5.08
收紧,4.608696
收据,6.69697
收看,5.478261
收敛,6.333333
收留,6.022727
收录,5.192308
收买,6.259358
收纳,5.625
收盘,5.042553
收起,5.894737
收取,5.28
收容,5.285714
收容所,5.521739
收入,6.545455
收拾,5.96875
收市,3.6
收视,5.095238
收受,3.96
收缩,5.481481
收条,4.230769
收听,5.24
收尾,5.913043
收效,4.32
收养,6.484848
收益,6.111111
收音机,5.214286
收窄,4.772727
收支,6.244318
收治,4.173913
手背,6.766667
手笔,5.333333
手臂,6.787879
手表,6.346154
手柄,5.432432
手不释卷,4.52381
手部,6.285714
手册,6.628571
手动,5.884615
手段,6.214286
手法,6.205882
手感,5.414286
手稿,5.0
手工,6.088235
手工艺,5.791667
手机,6.964286
手记,4.73913
手脚,6.22
手巾,6.212121
手绢,5.772727
手铐,5.695652
手榴弹,5.521739
手忙脚乱,5.964286
手帕,6.185185
手枪,4.444444
手巧,5.125
手球,4.28
手软,5.4
手势,6.678571
手术,5.96
手术室,5.916667
手套,6.392857
手头,5.5
手推车,5.75
手腕,6.428571
手无寸铁,5.321429
手舞足蹈,5.652174
手下,5.818182
手心,6.3125
手续,6.25
手续费,5.541667
手艺,6.117647
手艺人,5.666667
手印,5.851852
手语,4.916667
手掌,6.5
手杖,5.590909
手指,6.53125
手肘,5.5
手镯,6.142857
手足,5.8
手足无措,5.521739
守法,6.060606
守寡,4.84
守候,6.227273
守护,6.08
守旧,5.769231
守口如瓶,5.809524
守门,5.695652
守门员,6.0
守望,6.259259
守望相助,5.041667
守卫,6.4
守信,6.038462
守夜,4.84
守约,5.75
守则,5.307692
守株待兔,5.875
守住,5.271429
首场,4.72
首创,5.454545
首次,5.851852
首当其冲,5.25
首都,6.322727
首度,3.565217
首发,5.217391
首府,5.217391
首付,5.521739
首富,5.114286
首航,3.347826
首级,5.136364
首家,5.434783
首届,6.074074
首领,4.925926
首脑,5.0
首批,5.039474
首期,5.043478
首屈一指,5.346154
首任,4.26087
首饰,6.071429
首饰盒,4.833333
首鼠两端,3.934211
首推,3.384615
首位,5.24
首席,6.575758
首先,6.558824
首相,6.222222
首秀,4.782609
首选,5.333333
首演,4.692308
首要,6.628571
首映,6.307692
首战,5.954545
首长,5.03125
寿命,5.8
寿宴,5.434783
寿终正寝,4.916667
受宠若惊,5.545455
受挫,5.904762
受到,5.75
受罚,4.92
受访者,5.047619
受害,6.571429
受害者,5.807692
受贿,6.205882
受惠,5.0
受苦,6.264706
受累,5.964286
受理,5.4375
受难,6.4
受骗,6.454545
受聘,4.769231
受伤,6.1
受审,5.666667
受损,5.347826
受托,5.583333
受刑,4.73913
受训,5.409091
受益,6.466667
受益匪浅,5.642857
受孕,5.5
受灾,5.552632
受制,5.1
受众,5.272727
受助,5.291667
受阻,5.468085
狩猎,6.458333
授课,5.96
授牌,3.541667
授权,6.294118
授信,4.121622
授意,4.666667
授予,6.515152
售出,5.863636
售货员,6.333333
售价,6.285714
售卖,5.869565
售票,5.82
售票机,5.6
售罄,5.652174
兽医,5.64
兽欲,4.607143
瘦骨嶙峋,5.863636
瘦肉,5.782609
瘦弱,6.352941
瘦身,6.142857
瘦小,6.411765
瘦削,5.571429
书包,6.461538
书本,6.6
书城,5.217391
书橱,5.84375
书店,6.875
书法,6.321429
书房,6.787879
书柜,6.555556
书画,5.62963
书籍,6.428571
书记,6.642857
书架,6.366667
书面,6.708333
书面语,6.115385
书名,5.826087
书名号,5.826087
书签,6.428571
书生,5.590909
书屋,5.913043
书香,4.96
书写,6.25
书信,6.037037
书院,5.36
书展,4.75
书桌,6.708333
抒发,5.131579
抒情,5.785714
枢纽,6.083333
叔叔,6.958333
殊荣,5.166667
殊死,4.407407
殊途同归,5.590909
倏忽,4.125
梳理,5.62963
梳洗,5.72
梳妆,5.444444
淑女,6.607143
舒畅,6.441176
舒服,6.5
舒缓,6.178571
舒适,6.464286
舒坦,5.909091
舒心,5.416667
舒展,6.117647
疏导,5.8125
疏忽,6.115385
疏解,5.954545
疏漏,5.625
疏落,5.384615
疏散,6.071429
疏松,6.071429
疏通,6.515152
疏于,5.217391
疏远,6.464286
输出,5.296296
输电,5.545455
输光,5.636364
输家,5.535714
输卵管,5.142857
输球,5.75
输入,6.043478
输送,5.703704
输血,6.360071
输液,5.16
输赢,5.96
蔬菜,6.423077
蔬果,5.52
赎回,5.5
赎金,5.328947
赎买,4.923077
赎身,5.173913
赎罪,4.909091
熟练,6.5
熟能生巧,5.328571
熟人,6.771429
熟稔,5.071429
熟识,6.529412
熟食,5.8
熟视无睹,4.914286
熟睡,6.242424
熟悉,6.518519
熟习,4.869565
熟知,5.478261
暑假,6.657143
属地,5.043478
属实,5.93544
属下,5.192308
属性,5.73913
属于,6.428571
署名,5.821429
署长,4.347826
鼠辈,4.5
鼠标,5.740741
鼠目寸光,5.24
鼠疫,4.878788
薯条,6.142857
曙光,5.666667
术士,4.697368
术语,5.24
束缚,6.514286
束手待毙,4.666667
束手就擒,4.962963
束手无策,5.695652
束之高阁,3.12
述说,5.423077
述职,5.121212
树碑立传,3.64
树丛,6.333333
树敌,5.481481
树干,6.266667
树立,5.592593
树林,6.647059
树龄,4.678571
树苗,5.521739
树木,6.727273
树梢,6.0
树叶,6.7
树枝,6.8
树脂,4.3
树种,5.708333
竖立,4.076923
竖起,6.181818
竖琴,5.06383
庶民,5.2
数不胜数,5.52
数词,6.393939
数额,5.192308
数据,6.3
数据库,5.869565
数控,4.148148
数量,6.571429
数落,6.205882
数码,6.037037
数目,6.7
数学,6.461538
数一数二,5.763158
数值,5.72
数字,6.6
漱口,5.8
刷卡,5.8
刷新,6.76
刷牙,6.878788
刷子,6.5
耍赖,5.8
耍弄,4.695652
衰败,5.970588
衰减,6.0
衰竭,6.378788
衰老,5.851852
衰落,6.657143
衰弱,5.333333
衰退,5.04
衰微,5.045455
摔倒,6.444444
摔跤,5.96
摔伤,5.5
甩掉,5.26087
甩开,5.125
甩卖,5.56
帅哥,6.0
帅气,6.444444
栓塞,4.0
双胞胎,6.0
双臂,5.652174
双边,4.518519
双层,5.291667
双打,5.045455
双方,6.37037
双管齐下,5.142857
双料,4.333333
双面,4.952381
双目,5.357143
双亲,5.571429
双人,5.956522
双人床,6.0
双手,6.64
双数,5.592593
双腿,6.4
双向,6.633333
双赢,5.958333
双语,4.92
双重,5.777778
霜降,6.0
爽快,6.628571
爽朗,5.84
爽约,4.88
水杯,6.243243
水泵,5.575758
水表,5.217391
水彩画,6.038462
水草,6.147059
水产,5.347826
水产品,5.459459
水车,5.184211
水池,6.285714
水到渠成,5.434783
水道,4.653846
水稻,5.964286
水滴,6.307692
水滴石穿,5.574468
水电,6.291667
水费,5.958333
水分,6.62963
水缸,5.815789
水沟,5.414286
水管,6.384615
水果,6.6
水果刀,5.565217
水壶,5.952381
水火无情,5.291667
水货,5.192308
水价,4.708333
水饺,6.434783
水解,3.478261
水晶,5.521739
水井,5.08
水军,5.76
水库,5.961905
水力,4.041667
水利,5.185185
水量,5.652174
水流,6.04
水龙头,6.0
水路,5.458333
水落石出,5.5
水面,6.076923
水墨,5.04
水母,4.791667
水泥,6.466667
水泡,5.304348
水漂,4.333333
水平,6.571429
水汽,5.037037
水枪,5.64
水球,3.84
水渠,5.185185
水乳交融,4.2
水蛇,4.409091
水深火热,5.307692
水生,3.428571
水手,5.833333
水塔,4.652174
水塘,5.114286
水体,3.88
水田,5.230769
水桶,5.380952
水土,6.625
水位,5.296296
水温,5.956522
水文,3.357143
水污染,5.913043
水务,3.730769
水系,3.916667
水仙,4.826087
水乡,5.425714
水箱,5.708333
水泄不通,5.394737
水性,5.714286
水性杨花,5.043478
水压,4.958333
水银,5.357143
水印,5.791667
水域,5.28
水源,6.535714
水运,5.444444
水灾,6.428571
水藻,5.941176
水涨船高,5.424242
水蒸气,6.0
水质,5.857143
水中捞月,5.391304
水肿,5.625
水珠,6.5
水准,6.37037
水族馆,5.190476
税额,5.238095
税法,5.391304
税费,4.913043
税金,4.695652
税款,4.954545
税率,5.37037
税收,4.857143
税务,5.458333
税务局,5.518519
税制,4.541667
税种,3.52
睡袋,5.625
睡觉,6.68
睡梦,6.607143
睡眠,6.916667
睡衣,6.071429
睡意,5.238095
睡着,6.461538
吮吸,5.458333
顺便,5.555556
顺差,3.961538
顺产,5.416667
顺畅,6.533333
顺从,6.392857
顺风,5.653846
顺理成章,5.375
顺利,6.676471
顺手,6.558824
顺手牵羊,4.76
顺水推舟,5.32
顺藤摸瓜,5.434783
顺序,6.0
顺延,4.608696
顺眼,5.777778
顺应,5.4
瞬间,6.37037
瞬息万变,5.391304
说不定,6.380952
说唱,5.461538
说成,4.44
说辞,5.428571
说道,5.130435
说法,6.0
说服,6.4
说服力,6.0
说话,6.614375
说谎,6.214286
说教,5.555556
说客,4.68
说来,5.242424
说明,6.62963
说明文,5.226804
说起,5.428571
说三道四,5.142857
说说,5.7
说笑,6.538462
说一不二,5.2
说长道短,4.833333
硕大,6.342857
硕果,6.485714
硕士,6.136364
司法,5.521739
司法部,5.363636
司法部门,5.404762
司机,5.777778
司空见惯,5.407895
司令,6.0
司令官,4.471429
司仪,4.72
司长,3.66
丝绸,5.518519
丝带,5.2
丝毫,5.333333
丝巾,5.5
丝绒,5.730769
丝丝入扣,5.238095
丝线,6.114286
私奔,4.761905
私房,4.795918
私家,4.93617
私立,6.541667
私利,4.833333
私密,6.090909
私募,4.28
私人,5.84
私生活,5.618557
私事,5.72
私塾,4.76
私下,6.23
私心,5.846154
私刑,4.636364
私营,5.0
私有,5.88
私欲,5.460526
私自,6.12
思潮,4.458333
思考,6.289375
思量,6.181818
思路,6.266667
思虑,6.181818
思念,6.642857
思前想后,5.46
思索,6.628571
思维,6.545455
思乡,5.842105
思想,6.333333
思绪,6.411765
斯文,5.8
厮杀,5.205128
撕扯,5.962963
撕毁,5.955714
撕开,5.545455
撕裂,6.233333
嘶叫,5.333333
嘶哑,5.757292
死板,6.545455
死不瞑目,5.69697
死党,5.569892
死得其所,5.083333
死敌,5.38
死胡同,6.095238
死灰复燃,5.434783
死火山,5.086957
死寂,4.52
死角,6.076923
死结,4.642857
死里逃生,5.727273
死皮赖脸,5.826087
死气沉沉,5.730769
死囚,5.565217
死去,5.526316
死去活来,4.771429
死人,5.513158
死伤,5.041667
死神,4.545455
死守,5.24
死亡,6.318182
死心,5.521739
死心塌地,5.24
死刑,5.714286
死因,5.590909
死有余辜,5.212121
死者,5.473684
四边形,5.863636
四不象,4.733333
四处,6.0
四方,5.48
四分五裂,5.541667
四海,5.785714
四合院,5.32
四季,6.5
四面,6.272727
四面八方,6.037037
四面楚歌,4.657143
四平八稳,5.217391
四起,4.26087
四通八达,5.484848
四肢,6.37037
四周,6.272727
寺庙,6.0
寺院,5.08
伺候,6.25
伺机,5.083333
饲料,5.090909
饲养,6.24
肆虐,5.409091
肆无忌惮,5.809524
肆意,5.607143
松绑,6.272727
松弛,5.866667
松脆,5.423077
松动,4.851852
松紧,6.375
松软,5.911765
松散,5.555556
松鼠,6.041667
松树,6.307143
松懈,6.75
怂恿,5.269231
耸肩,6.142857
耸立,6.058824
耸人听闻,5.681818
宋朝,5.52
送别,6.636364
送达,5.68
送到,5.625
送给,5.875
送行,6.529412
送回,6.0
送货,5.818182
送客,5.125
送礼,6.08
送命,5.0
送去,5.16
送入,5.791667
诵读,6.666667
颂赞,4.48
搜捕,5.0
搜查,6.558824
搜集,6.058824
搜救,6.4
搜身,5.818182
搜索,6.771429
搜索引擎,5.75
搜寻,6.407407
苏打,5.695652
苏联,5.25
苏醒,6.457143
酥脆,6.117647
酥软,5.25
俗不可耐,4.26087
俗称,5.923077
俗话,6.454545
俗气,6.352941
俗语,6.3
夙敌,3.230769
夙怨,4.041667
诉称,4.478261
诉苦,6.4
诉求,5.381579
诉说,5.863636
诉讼,6.074074
诉诸,5.545455
诉状,3.583333
肃静,5.941176
肃立,6.029412
肃穆,5.685714
肃然起敬,6.0
肃杀,4.625
素不相识,5.818182
素材,5.692308
素菜,5.777778
素净,5.2
素昧平生,4.84
素描,5.76
素色,2.913043
素食,6.575758
素雅,6.294118
素颜,6.285714
素养,6.428571
素有,4.315789
素质,6.509972
速递,4.62963
速度,5.666667
速滑,5.071429
速率,5.478261
粟米,4.782609
塑胶,5.666667
塑料,6.470588
塑料袋,6.625
塑像,5.848485
塑造,6.5
溯源,5.24
酸碱度,4.52
酸溜溜,4.958333
酸奶,6.576923
酸涩,5.6
酸甜,6.28125
酸甜苦辣,6.125
酸痛,6.444444
酸性,5.541667
酸雨,4.956522
蒜头,5.73913
算法,5.538462
算计,5.333333
算命,4.957143
算盘,5.6
算数,6.428571
算账,5.666667
算作,3.824324
虽然,6.678571
随笔,5.318182
随便,6.444444
随波逐流,5.48
随从,4.518519
随行,5.952381
随和,6.076923
随后,5.4
随机,6.833333
随机数,5.391304
随机应变,5.869565
随即,5.666667
随军,4.66
随口,6.428571
随迁,4.38
随身,6.514286
随声附和,4.740741
随时,6.5
随手,5.8
随同,3.857143
随心所欲,5.795918
随意,5.444444
随遇而安,5.818182
随着,5.923077
岁数,6.136364
岁月,6.75
遂心,3.821429
碎末,5.441176
碎片,5.307692
碎石,5.041667
隧道,6.133333
孙女,6.28
孙子,5.88
损公肥私,2.695652
损害,5.884615
损耗,4.666667
损坏,6.6
损毁,4.521739
损人利己,5.521739
损伤,6.178571
损失,6.409091
损益,5.227273
唆使,5.037037
蓑衣,4.75
缩短,6.441176
缩减,5.47619
缩量,3.107143
缩略,4.0
缩手缩脚,5.583333
缩水,5.75
缩小,5.9375
缩写,6.678571
缩影,5.666667
所得,5.32
所属,4.925926
所谓,5.931818
所向披靡,5.5
所向无敌,4.923077
所幸,5.212121
所以,6.433333
所有,6.363636
所在,5.24
所长,5.545455
所作所为,5.25
索道,4.6
索赔,5.75
索取,6.367647
索然无味,5.105263
索性,5.5
索要,5.434783
索引,5.26087
琐事,5.714286
琐碎,6.038462
锁定,5.625
锁匠,5.478261
锁链,5.653846
锁头,4.909091
他国,4.52381
他们,6.636905
他人,6.125
他日,4.769231
他乡,5.4
它们,5.740741
她们,6.28
塌方,4.36
塌陷,5.074074
塔吊,4.761905
塔顶,4.769231
塔尖,5.590909
塔楼,4.3
踏板,5.5
踏青,5.454545
踏入,5.411765
踏实,6.407407
踏足,5.380952
胎儿,5.653846
胎记,5.4
胎生,4.8
台币,4.541667
台词,5.826087
台灯,6.269231
台风,5.9
台阶,6.363636
台面,5.394737
台球,5.815789
台上,5.461538
台长,3.692308
台账,4.333333
台柱子,5.0
抬高,5.541667
抬举,5.454545
抬升,4.708333
抬头,5.703704
苔藓,6.057143
太多,5.912281
太公,4.28
太好,5.541667
太后,5.791667
太极,5.818182
太极拳,5.434211
太监,5.5
太空,6.285714
太空站,4.952381
太庙,4.090909
太平,5.785714
太太,5.653846
太阳,6.592593
太阳灯,4.5
太阳能,5.958333
太医,5.26087
太子,5.326531
态度,6.230769
态势,4.939394
泰斗,5.033333
泰国,5.473684
泰然,5.091837
泰然自若,4.685714
泰山,6.296296
泰文,3.956522
坍方,3.69697
坍塌,5.407407
贪得无厌,5.291667
贪腐,4.142857
贪官,5.772727
贪官污吏,5.576923
贪婪,6.433333
贪生怕死,5.73913
贪图,5.464286
贪污,6.294118
贪心,6.757576
贪欲,5.809524
摊点,5.0
摊贩,5.217391
摊牌,5.772727
摊位,5.347826
摊主,5.4
滩头,4.56
滩涂,3.666667
瘫痪,6.228571
瘫软,3.925926
坛子,6.0
昙花一现,5.521739
谈到,5.228571
谈虎色变,5.0
谈话,6.307692
谈及,5.12
谈论,6.481481
谈判,6.035714
谈谈,5.64
谈天,5.36
谈天说地,5.541667
谈笑风生,6.047619
谈笑自若,5.291667
谈心,5.959184
檀香,5.130435
忐忑,5.48
坦白,6.666667
坦诚,6.259259
坦承,5.06
坦荡,5.714286
坦克,5.892857
坦率,6.323529
坦然,6.071429
坦言,5.590909
袒护,6.212121
袒露,4.962963
毯子,6.5
叹词,4.52
叹服,5.545455
叹气,6.558824
叹为观止,4.942857
叹息,6.115385
炭笔,4.238095
炭火,5.446809
探病,4.884615
探测,6.323529
探底,5.265306
探访,6.045455
探戈,4.238095
探究,6.0
探路,5.521739
探秘,4.916667
探明,5.904762
探囊取物,5.078947
探亲,5.56
探求,6.0
探身,4.090909
探视,5.48
探索,5.846154
探讨,6.606061
探听,4.56
探头,5.444444
探望,6.233333
探险,5.692308
探险家,5.318182
探寻,6.514286
探询,5.991422
碳酸,5.583333
汤匙,5.769231
汤碗,5.37037
汤圆,6.6
唐诗,5.878788
唐突,6.107143
堂而皇之,4.913043
堂皇,4.64
堂会,3.625
堂堂正正,5.815789
堂兄,5.791667
搪瓷,3.461538
糖果,6.857143
糖尿病,5.296296
糖水,5.826087
糖衣炮弹,5.48
螳螂,5.954545
倘若,5.892196
倘使,5.148148
倘佯,4.4
烫金,3.565217
烫伤,6.185185
烫手,5.8
掏空,5.48
掏钱,5.777778
滔滔不绝,5.776316
韬光养晦,4.346154
饕餮,4.208333
逃避,6.575758
逃窜,5.925926
逃犯,5.833333
逃荒,4.875
逃课,5.666667
逃离,5.606061
逃命,6.382353
逃难,5.965909
逃匿,5.08
逃跑,6.428571
逃生,5.924375
逃税,5.238095
逃脱,5.48
逃亡,4.48
逃往,5.571429
逃学,6.485714
逃逸,5.565217
逃之夭夭,5.32
逃走,5.592593
桃花,5.666667
桃树,5.789474
桃子,5.48
陶瓷,6.198864
陶器,5.468085
陶冶,4.76
陶艺,4.76
陶醉,6.488971
淘金,5.333333
淘气,6.407407
淘汰,6.555556
淘汰制,5.014286
讨伐,4.833791
讨好,6.628571
讨价还价,5.727273
讨论,6.472143
讨薪,5.26087
讨厌,6.533333
讨要,5.565217
讨债,4.942857
套餐,5.961538
套房,5.043478
套话,5.347826
套件,4.409091
套利,3.5
套路,5.458333
套票,4.0
套取,4.863636
套数,4.863636
套现,5.304348
套用,4.62963
套装,5.958333
套子,6.060606
特别,6.628571
特产,6.666667
特大,5.538462
特等,6.484848
特地,6.346154
特点,6.24
特定,6.366667
特稿,5.043478
特工,4.761905
特惠,5.545455
特级,4.96
特辑,5.708333
特技,4.514286
特价,5.846154
特警,5.416667
特快,5.851852
特困,5.0
特立独行,4.671429
特例,5.208333
特派,4.56
特聘,5.289474
特勤,4.285714
特区,4.708333
特权,6.03125
特色,6.16
特设,4.37037
特使,4.606061
特殊,6.464286
特务,6.363636
特效,5.371429
特效药,5.727273
特写,5.818182
特性,5.96875
特许,4.555556
特邀,5.666667
特异,6.033333
特意,6.7
特有,6.04
特约,4.88
特长,6.114672
特征,6.514286
特制,6.708333
特质,5.039474
特种,4.882353
特种部队,5.36
疼爱,6.25
疼痛,6.08
腾出,5.394737
腾飞,5.25
腾空,4.962963
腾挪,3.608696
腾云驾雾,4.72
誊写,4.96
藤蔓,5.44
剔除,5.190476
梯队,5.269231
梯级,4.631579
梯田,5.541667
梯形,5.296296
梯子,5.608696
提案,4.958333
提拔,6.222222
提倡,6.534091
提成,5.26087
提出,6.347826
提到,5.846154
提灯,4.909091
提法,2.68
提防,6.058824
提纲挈领,3.595745
提高,6.37037
提供,6.392857
提货,4.695652
提及,5.148148
提价,4.833333
提交,6.678571
提款,5.478261
提款机,6.238095
提炼,5.107143
提名,6.076923
提起,5.66
提前,6.285714
提请,4.26087
提取,6.185185
提神,5.818182
提升,6.607143
提示,6.333333
提速,6.233333
提问,6.7
提携,5.964286
提心吊胆,5.375
提醒,5.666667
提议,5.88
提早,6.571429
提振,3.5
啼叫,6.0
啼笑皆非,5.333333
题材,6.214286
题词,5.628571
题名,5.481481
题目,6.676471
题写,4.095238
题型,5.869565
蹄子,5.423077
体彩,4.636364
体操,5.964286
体操队,5.347826
体察,4.428571
体罚,5.571429
体格,6.485714
体会,6.875
体积,6.28125
体检,6.208333
体力,6.636364
体谅,6.257857
体量,4.583333
体面,5.518519
体能,6.666667
体魄,5.615385
体态,5.966667
体坛,5.772727
体贴,6.15625
体贴入微,5.357143
体统,4.928571
体味,5.5
体温,6.619259
体无完肤,4.727273
体系,6.17381
体现,6.628571
体形,5.951111
体型,6.0
体验,6.535714
体育,6.466667
体育馆,6.148936
体征,5.208333
体制,6.171429
体质,5.851852
体重,6.44
剃刀,4.8
涕泣,5.043478
替补,5.763158
替代,6.708333
替代品,5.52381
替换,6.0
替身,5.296296
天安门,5.913043
天边,6.596257
天才,6.588235
天窗,5.539474
天敌,6.791667
天地,6.588235
天鹅,6.338095
天翻地覆,4.904762
天方夜谭,4.703704
天分,6.566667
天府,4.869565
天赋,6.153846
天高地厚,4.857143
天各一方,5.434783
天公,4.869565
天宫,4.64
天寒地冻,5.541667
天河,3.637273
天黑,6.481481
天花,4.6
天花板,6.0
天花乱坠,5.130435
天皇,5.173913
天昏地暗,4.923077
天际,5.730769
天价,5.818182
天津,6.633333
天经地义,5.468085
天井,4.565217
天空,6.647059
天籁,5.555556
天亮,6.625
天伦,4.166667
天伦之乐,5.227273
天罗地网,5.304348
天马,4.043478
天马行空,5.26087
天明,5.454545
天幕,4.045455
天南海北,5.526316
天怒人怨,4.727273
天平,6.294118
天气,6.653846
天桥,5.52381
天穹,4.2
天然,6.4
天然气,5.75
天壤之别,5.464286
天色,5.428571
天生,6.833333
天时,4.157143
天使,5.88
天数,5.391304
天台,5.478261
天坛,5.181818
天堂,6.0625
天梯,4.2
天体,5.59375
天王,5.484848
天网恢恢,4.809524
天文,4.923077
天文台,5.0
天下,6.107143
天下为公,5.2
天险,4.918519
天线,6.0
天性,6.151111
天旋地转,5.52
天涯,6.037037
天涯海角,5.818182
天衣无缝,5.0
天灾,5.75
天灾人祸,5.474359
天造地设,5.5
天长地久,5.652174
天真,6.5
天真无邪,5.702128
天主,3.4
天主教,4.478261
天资,6.233333
天子,4.542857
天作之合,5.41
添补,4.714286
添加,5.047619
添油加醋,5.818182
添置,4.913043
添砖加瓦,5.08
田地,5.964286
田鸡,4.217391
田间,5.571429
田径,6.16
田螺,5.55102
田野,6.21875
田园,5.807692
恬不知耻,5.583333
恬淡,5.515152
恬静,5.384615
甜点,5.77551
甜瓜,5.9
甜美,6.08
甜蜜,6.433333
甜品,6.52
甜丝丝,5.041667
甜头,5.75
甜言蜜语,6.242424
填报,5.821429
填补,6.382353
填充,5.28
填埋,4.956522
填写,5.518519
填鸭,3.521739
填鸭式,3.153846
挑拨,6.178571
挑拨离间,5.0
挑刺,5.857143
挑逗,5.285714
挑肥拣瘦,4.68
挑夫,4.133333
挑拣,6.166667
挑起,4.985714
挑三拣四,6.0
挑剔,6.392857
挑衅,6.25
挑选,6.6
挑战,6.269231
挑战性,5.36
条分缕析,2.083333
条幅,6.0
条件,6.685714
条款,6.088235
条理,5.56
条例,5.730769
条令,5.441176
条条框框,5.596491
条文,5.607143
条纹,5.12
条约,5.333333
调兵遣将,5.25
调查,6.614082
调查局,4.851852
调处,3.36
调到,5.5
调动,6.029412
调度,6.458333
调和,6.185185
调虎离山,4.92
调换,6.197751
调集,4.76
调剂,5.692308
调价,5.416667
调教,5.88
调节,5.875
调解,6.071429
调侃,6.0
调控,6.117647
调离,5.130435
调理,5.52
调料,6.318182
调派,4.678571
调配,6.066667
调皮,6.291667
调遣,5.6875
调情,4.628571
调取,4.730769
调任,4.88
调色板,5.583333
调试,6.342857
调停,3.92
调头,5.416667
调味,6.130435
调戏,5.739583
调研,6.04
调养,6.3
调整,6.076923
调整期,5.590909
调子,5.969697
笤帚,4.961538
眺望,5.423077
跳板,4.791667
跳槽,5.0
跳出,5.61
跳动,6.333333
跳高,6.515152
跳级,5.814815
跳空,4.541667
跳楼,5.88
跳伞,5.857143
跳绳,6.021277
跳水,5.695652
跳舞,6.562831
跳远,6.28
跳跃,6.25
帖子,5.73913
贴吧,5.6
贴近,6.458333
贴切,5.590909
贴身,6.542857
贴士,5.26
贴心,6.227273
铁锤,6.214286
铁道,5.961538
铁定,5.423077
铁杆,5.666667
铁轨,5.632653
铁汉,4.703704
铁匠,5.304348
铁矿,5.916667
铁链,6.242424
铁路,5.884615
铁门,6.269231
铁面无私,5.590909
铁皮,5.460526
铁锹,5.6
铁桥,4.666667
铁青,6.291667
铁人,4.0
铁石心肠,4.952381
铁树开花,4.666667
铁丝网,5.684211
铁索,5.433333
铁塔,4.857143
铁蹄,4.772727
铁锈,5.217391
厅堂,5.261905
厅长,5.086957
听从,6.444444
听到,6.461538
听话,6.3
听见,6.130435
听讲,6.625
听觉,6.454545
听课,6.173913
听力,6.357143
听命,5.434783
听取,6.0
听说,6.392857
听天由命,5.565217
听听,6.25
听闻,5.62
听证,3.952381
听之任之,4.5
听众,6.606061
亭台楼阁,4.666667
亭亭玉立,5.809524
亭子,6.454545
庭审,5.772727
庭园,4.695652
庭院,6.066667
庭长,2.875
停办,4.5
停泊,5.303571
停步,5.320513
停产,6.090909
停车,5.692308
停车场,6.2
停当,5.178571
停电,6.090909
停顿,6.37037
停放,6.294118
停工,5.961538
停机,5.071429
停机坪,5.416667
停靠,5.846154
停课,5.342857
停留,6.6
停牌,4.552632
停球,3.636364
停售,5.545455
停水,5.962963
停息,3.321429
停下,5.842105
停歇,6.047619
停业,5.851852
停运,5.26087
停战,5.25
停职,5.608696
停止,6.878788
停滞,5.928571
挺拔,6.1
挺进,4.829787
挺立,6.323529
挺身而出,6.030303
挺胸,5.484536
挺直,5.608696
通报,6.266667
通病,4.956522
通常,6.12
通畅,5.333333
通车,5.363636
通称,6.028571
通吃,5.347826
通达,4.961538
通道,6.4
通电,5.928571
通风,5.888889
通风报信,5.5
通告,6.147059
通关,6.04
通过,6.833333
通行,6.6
通行证,5.681818
通航,4.52381
通红,5.714286
通话,5.428571
通话费,5.75
通婚,4.863636
通货膨胀,5.083333
通缉,5.48
通亮,5.964286
通路,4.821429
通明,5.470588
通情达理,5.6
通融,5.535714
通商,4.478261
通顺,5.964286
通俗,6.4
通透,5.782609
通往,5.583333
通向,5.666667
通宵,6.153846
通宵达旦,4.666667
通信,5.857143
通讯,6.04
通讯社,5.52381
通知,6.818182
同班,6.12
同伴,6.666667
同胞,6.533333
同比,5.464286
同病相怜,5.423077
同步,6.441176
同仇敌忾,4.869565
同窗,5.583333
同床异梦,5.521739
同党,4.714286
同等,6.038462
同甘共苦,5.787879
同归于尽,5.909091
同行,5.839744
同化,5.291667
同伙,5.565217
同级,6.038462
同居,5.863636
同类,6.5
同龄,5.826087
同流合污,5.125
同盟,4.916667
同盟国,4.708333
同名,5.269231
同情,6.071429
同情心,5.791667
同仁,5.0
同时,6.269231
同事,6.04
同室操戈,2.541667
同乡,5.565217
同心,5.136364
同心协力,6.115385
同性,5.878788
同性恋,5.608696
同学,6.764706
同样,6.535714
同业,3.125
同一,4.457143
同义,5.086957
同意,6.461538
同志,6.411765
同舟共济,5.590909
同桌,6.208333
铜牌,5.64
铜器,5.083333
铜钱,5.5
铜墙铁壁,5.347826
铜像,5.0
童工,5.521739
童话,6.0
童年,6.2
童趣,5.416667
童叟无欺,4.47619
童心,6.4
童星,5.763158
童谣,5.76
童装,5.734694
瞳孔,5.88
统称,5.071429
统筹,5.56
统计,6.0
统计学,5.148148
统考,5.607143
统领,5.230769
统率,5.878788
统统,5.714286
统一,6.766667
统治,5.148148
统治者,5.304348
痛不欲生,4.814815
痛楚,5.695652
痛定思痛,4.929825
痛风,5.333333
痛改前非,5.346939
痛恨,6.371429
痛哭,5.962963
痛哭流涕,5.276596
痛苦,5.703704
痛快,6.287273
痛骂,5.833333
痛失,5.875
痛惜,6.266667
痛心,6.666667
痛心疾首,5.541667
偷盗,5.863636
偷渡,4.68
偷工减料,5.25
偷鸡摸狗,5.416667
偷窥,5.234043
偷懒,6.542857
偷梁换柱,5.381579
偷拍,5.62
偷窃,5.5
偷生,4.304348
偷天换日,5.288889
偷偷,6.314286
偷偷摸摸,5.38
偷袭,5.571429
偷走,5.791667
头版,4.606061
头部,6.181818
头筹,4.909091
头等,5.12
头等舱,5.592593
头顶,6.323529
头发,6.46875
头盖骨,5.814815
头号,5.772727
头昏,5.185185
头昏脑胀,5.666667
头巾,6.454545
头盔,6.136364
头领,5.347826
头颅,5.692308
头名,4.791667
头目,4.130435
头脑,6.538462
头皮,5.826087
头球,4.333333
头饰,5.608696
头胎,4.777778
头疼,6.72619
头条,5.665954
头痛,6.142857
头头是道,5.666667
头衔,6.4
头像,6.121212
头晕,5.958333
头重脚轻,5.375
投案,5.357143
投保,4.521739
投奔,5.076923
投笔从戎,4.576923
投标,4.528571
投产,4.583333
投档,4.0
投递,6.176471
投放,5.304348
投稿,4.904762
投给,4.419355
投机,5.785714
投机倒把,4.0
投机取巧,5.73913
投降,6.333333
投靠,5.692308
投篮,5.428571
投票,6.529412
投票箱,5.69697
投入,5.4
投射,5.928571
投身,5.416667
投手,4.081633
投诉,6.181818
投诉信,6.041667
投胎,5.38
投桃报李,5.12
投向,4.6
投宿,4.62963
投影,5.576923
投缘,5.333333
投掷,5.076923
投中,5.909091
投注,5.393939
投资,6.0
投资者,5.608696
骰子,5.76
透彻,5.78125
透过,5.25
透亮,6.088235
透露,4.925926
透明,6.366667
透气,5.285714
透视,5.041667
透析,4.791667
透支,6.371429
凸显,5.966667
秃头,5.371429
秃鹰,5.131579
突变,5.22
突出,6.333333
突发,5.92
突飞猛进,5.644444
突击,5.68
突破,6.153846
突破性,5.54
突起,4.53125
突然,6.72619
突如其来,5.75
突入,4.86
突围,5.04
突兀,5.52963
突袭,6.038462
突显,5.826087
图案,6.392857
图标,6.185185
图表,6.0
图画,6.074074
图鉴,4.76
图景,5.192308
图谋,5.521739
图谋不轨,4.914286
图片,6.477273
图书,6.580952
图书馆,6.28
图腾,5.166667
图文,5.458333
图文并茂,4.928571
图像,6.617647
图形,6.333333
图纸,5.5
荼毒,4.32
徒步,6.30303
徒弟,5.692308
徒劳,5.378205
徒手,5.56
徒有虚名,5.04
途经,5.681818
途径,6.071429
涂料,5.477273
涂抹,6.411765
涂鸦,5.78
涂脂抹粉,4.56
屠夫,5.342105
屠杀,4.96
屠宰,5.333333
土崩瓦解,4.583333
土地,6.16
土地改革,5.409091
土豆,6.333333
土方,3.557143
土匪,5.666667
土风舞,2.631579
土坑,5.2
土路,4.857143
土气,5.823529
土壤,6.066667
土生土长,5.26087
土石流,4.021277
土葬,4.923077
土著,5.083333
吐故纳新,3.961538
吐血,5.391304
兔唇,4.4
兔死狗烹,3.76
兔死狐悲,4.666667
兔子,5.727273
湍急,4.866667
湍流,3.958333
团队,6.166667
团购,5.877551
团伙,5.76
团结,6.615385
团聚,6.6
团体,6.307692
团体赛,5.714286
团团,3.4
团员,6.642857
团圆,6.555556
团长,4.8
推波助澜,5.875
推测,6.150909
推陈出新,5.962963
推迟,6.09375
推崇,6.264706
推出,5.423077
推辞,5.84
推倒,5.791667
推动,6.029412
推断,6.214286
推翻,5.185185
推杆,3.346154
推给,4.961538
推广,6.25
推行,6.352941
推己及人,4.75
推荐,6.227273
推介,4.56
推进,6.466667
推进剂,3.038462
推举,5.074074
推开,6.230769
推理,5.821429
推力,5.037037
推论,6.535714
推拿,5.044444
推敲,6.111111
推却,5.851852
推搡,5.176471
推手,5.035088
推算,6.397727
推托,6.1
推脱,5.347826
推诿,3.957447
推向,4.86
推销,6.5
推销员,5.238095
推卸,5.5
推心置腹,5.043478
推选,6.75
推延,6.142857
推移,4.652174
颓败,6.212121
颓废,6.542857
颓然,5.714286
颓丧,5.911765
颓势,5.0
颓唐,5.535714
腿部,5.92
腿脚,5.941176
退保,4.083333
退避,4.913043
退避三舍,4.76
退步,6.441176
退场,5.571429
退潮,5.230769
退出,6.166667
退房,5.444444
退还,5.6
退化,5.28
退换,5.8
退回,5.418919
退货,6.333333
退居,5.086957
退款,5.76
退路,4.75
退票,5.8
退却,5.185185
退让,5.892857
退赛,5.148148
退烧,5.375
退烧药,5.76
退市,4.6
退税,4.545455
退缩,6.03125
退伍,5.909091
退休,5.884615
退休金,5.939394
退学,5.041667
退役,5.821429
退隐,5.088889
蜕变,4.8
褪色,6.178571
吞没,5.814815
吞食,5.71875
吞噬,5.964286
吞吐,5.25
吞吞吐吐,5.291667
吞咽,5.925926
屯兵,3.471429
囤积,5.181818
臀部,5.96875
托词,5.03125
托儿所,5.24
托福,5.666667
托付,6.382353
托管,5.04
托举,5.878788
托运,6.071429
拖把,5.703704
拖车,4.923077
拖后腿,6.238095
拖拉,6.187857
拖累,5.7
拖泥带水,5.5
拖欠,6.076923
拖沓,5.37037
拖鞋,6.617647
拖延,6.642857
脱掉,5.62963
脱发,5.257143
脱节,5.173913
脱口而出,5.826087
脱离,6.4
脱硫,3.916667
脱落,6.484848
脱贫,6.454545
脱身,6.75
脱水,4.971429
脱胎换骨,5.703704
脱下,5.8
脱险,4.88
脱衣舞,4.814815
脱颖而出,5.964286
陀螺,5.28
驼背,5.64
驼峰,4.555556
鸵鸟,4.8
鸵鸟政策,2.76
妥当,5.823529
妥善,6.291667
妥帖,4.844375
妥协,6.5
椭圆,6.457143
拓荒,5.043478
拓荒者,5.019231
拓宽,5.32
拓展,6.136364
唾沫,6.545455
唾弃,4.84
唾手可得,5.363636
唾液,6.37037
挖掘,5.307692
挖空心思,4.814815
挖苦,6.363636
洼地,4.478261
蛙人,3.55102
娃娃,6.259259
瓦罐,5.55875
瓦解,5.318182
瓦砾,5.148148
瓦片,5.217391
瓦斯,5.086957
袜子,6.424451
歪理,5.4
歪曲,6.37656
歪斜,5.821429
外包,4.391304
外币,5.151515
外表,6.592593
外出,6.352941
外传,5.368421
外地,6.607143
外方,5.060606
外公,6.678571
外观,5.565217
外国,6.269231
外国人,6.2
外行,6.357143
外号,6.296296
外环,4.73913
外患,5.074074
外汇,6.088235
外籍,5.583333
外加,5.041667
外交,6.12
外交部,5.125
外界,6.038462
外景,5.408163
外卡,4.380952
外科,5.75
外壳,5.791667
外来,5.214286
外来词,4.228571
外力,5.925926
外流,3.285714
外卖,6.515152
外贸,5.545455
外貌,6.387755
外面,6.454545
外婆,6.607143
外强中干,4.576923
外墙,5.12
外人,6.6
外伤,6.190476
外商,4.791667
外甥,6.148148
外甥女,5.846154
外省,6.130435
外事,4.2
外孙,5.809524
外逃,4.714286
外套,6.75
外围,4.795918
外文,5.0
外线,4.404255
外向,6.2
外销,3.846154
外泄,5.5
外星人,5.461538
外形,5.347826
外延,4.526316
外衣,6.441176
外语,6.321429
外遇,5.212121
外援,6.153846
外在,5.242857
外债,5.461538
外资,4.846154
外族,4.238095
外祖父,6.210526
外祖母,6.38
弯道,5.409091
弯路,4.958333
弯曲,6.035714
弯腰,6.0
弯转,5.966667
蜿蜒,5.794118
豌豆,5.296296
完败,5.040816
完备,6.074074
完毕,5.65625
完璧归赵,4.7
完成,6.3125
完蛋,5.618421
完工,5.998677
完好,6.6
完好无损,5.857143
完结,6.038462
完美,6.334375
完美无缺,5.652174
完全,6.454545
完善,6.346154
完整,6.15625
玩法,6.166667
玩火自焚,5.791667
玩家,6.086957
玩具,6.407407
玩乐,6.043478
玩弄,5.575758
玩偶,5.88
玩赏,5.296296
玩世不恭,5.22
玩耍,6.303571
玩玩,5.625
玩味,4.777778
玩物丧志,5.318182
玩笑,6.642857
顽固,6.424242
顽疾,4.777778
顽抗,4.5
顽劣,5.037037
顽皮,5.44
顽强,6.038462
顽童,5.392857
宛然,3.954545
宛如,5.814815
宛若,5.555556
挽回,5.625
挽救,6.071429
挽联,4.642857
挽留,5.76
晚安,6.555556
晚报,6.038462
晚餐,6.391304
晚点,5.957447
晚饭,6.740741
晚会,6.0
晚节,4.979592
晚年,6.185185
晚上,6.958333
晚霞,6.6
晚宴,5.576923
晚装,4.0
惋惜,5.653846
婉拒,6.636364
婉约,5.851852
婉转,5.833333
碗碟,6.583333
碗筷,6.62963
万恶,5.230769
万分,4.964286
万古长青,5.078947
万贯家财,5.22973
万国,4.730769
万花筒,5.16
万籁俱寂,4.954545
万里长城,6.06
万马奔腾,5.681818
万能,6.163265
万能胶,5.04
万念俱灰,4.851852
万千,5.692308
万人空巷,4.553191
万事,5.185185
万水千山,5.73913
万岁,5.47619
万无一失,5.826923
万物,5.87234
万幸,5.458333
万一,6.6
万有引力,5.576923
万丈深渊,5.666667
万众,5.217391
万众一心,6.173913
万紫千红,5.958333
腕表,5.54
腕力,4.4
汪洋,5.208333
汪洋大海,5.434783
亡国,4.826087
亡灵,5.318182
亡命,4.76
亡羊补牢,5.863636
王储,3.809524
王道,4.56
王法,4.5
王妃,5.375
王府,4.928571
王冠,5.727273
王国,6.333333
王后,5.32
王牌,5.34
王室,4.52
王者,6.173913
王子,5.166667
王族,4.583333
网吧,6.181818
网点,6.30303
网店,6.045455
网格,6.0
网开一面,4.88
网罗,3.214286
网络,6.714286
网民,6.392857
网名,6.333333
网签,4.285714
网球,6.0
网球场,5.583333
网商,5.222222
网坛,5.25
网帖,4.652174
网页,6.714286
网游,6.083333
网友,6.217391
网站,6.307692
网址,6.727273
枉然,5.571429
往常,6.588235
往返,6.588235
往后,6.791667
往届,5.44
往来,6.205882
往年,6.285714
往日,6.266667
往事,6.083333
往往,5.48
往昔,5.6875
惘然,5.28
妄想,6.235294
妄言,4.64
妄自菲薄,4.478261
妄自尊大,5.06383
忘掉,5.916667
忘恩负义,5.925926
忘乎所以,5.276596
忘怀,5.620909
忘记,6.590909
忘却,6.457143
忘我,6.294118
旺季,6.259259
旺盛,6.571429
望尘莫及,4.913043
望而却步,5.458333
望而生畏,5.787879
望风而逃,4.375
望见,4.5
望梅止渴,5.791667
望文生义,4.909091
望闻问切,5.020408
望眼欲穿,5.484848
望洋兴叹,4.42
望远镜,5.826087
望子成龙,5.5
望族,4.190476
危房,5.0
危害,6.25
危机,5.625
危机感,5.393939
危及,5.730769
危急,6.037037
危楼,5.041667
危难,6.433333
危如累卵,3.0
危险,6.185185
危言,4.642857
危言耸听,5.454545
危在旦夕,4.728571
危重,4.214286
威逼,4.5
威风,6.454545
威风凛凛,4.851852
威力,6.1
威慑,5.604497
威势,4.428571
威望,5.68
威武,6.2
威吓,5.136364
威胁,5.90625
威信,6.371429
威严,5.653846
逶迤,3.192308
偎依,4.538462
微薄,4.9375
微波,5.0
微波炉,5.913043
微博,5.84
微不足道,5.28
微创,4.878788
微电脑,3.952381
微风,6.25
微观,6.294118
微乎其微,5.444444
微积分,5.238095
微利,4.727273
微妙,6.323529
微弱,6.298148
微调,4.481481
微微,6.066667
微小,5.416667
微笑,6.758578
微型,4.807692
巍峨,5.6
巍然,4.962963
为非作歹,4.88
为富不仁,4.84
为何,5.769231
为了,6.25
为难,6.481481
为期,5.291667
为人,5.884615
为人处世,5.904762
为人师表,5.414286
为人作嫁,4.590909
为什么,6.5
为所欲为,5.583333
为止,5.814815
违背,5.52
违法,4.703704
违法乱纪,5.636364
违反,6.035714
违规,6.392857
违纪,5.652174
违禁,5.938776
违禁品,4.925926
违抗,5.846154
违约,6.515152
违章,5.538462
围城,4.571429
围堵,4.692308
围攻,5.16
围观,6.222222
围剿,6.090909
围巾,6.04
围困,4.740741
围栏,5.208333
围棋,6.6
围墙,6.08
围绕,6.657143
围魏救赵,4.84
围住,5.25
桅杆,4.481481
唯独,5.333333
唯恐,6.214286
唯利是图,5.037037
唯美,5.086957
唯命是从,5.321429
唯唯诺诺,5.130435
唯心论,4.84
唯一,5.96
唯有,5.769231
帷幕,5.086957
惟独,5.607143
惟妙惟肖,5.128571
惟一,4.391304
维持,6.771429
维度,5.0
维和,4.565217
维护,5.423077
维权,5.681818
维生素,5.857143
维系,4.391304
维修,6.178571
维修费,5.434783
伟岸,4.740741
伟大,6.607143
伟人,6.392857
伟业,5.458333
伪善,5.142857
伪造,6.294118
伪装,6.142857
尾巴,5.954545
尾灯,4.84
尾号,5.857143
尾盘,4.714286
尾气,5.75
尾声,6.4
尾数,4.961538
尾随,5.454545
纬度,5.416667
委派,3.875
委屈,6.33042
委曲求全,5.392857
委任,6.057143
委任状,4.424242
委托,6.035714
委婉,5.769231
委员,6.588235
委员会,5.818182
萎靡,4.291667
萎靡不振,5.478261
萎缩,5.2
猥琐,5.36
猥亵,5.111111
卫兵,4.76
卫冕,4.0
卫生,6.2
卫生间,6.12
卫生纸,6.730769
卫士,6.208333
卫星,6.0
卫浴,5.64
未必,5.375
未卜先知,4.708333
未曾,6.029412
未定,4.740741
未果,4.551282
未婚,6.153846
未婚妻,5.72
未经,4.961538
未来,6.384615
未免,6.205882
未遂,4.434783
未雨绸缪,5.28
未知,5.16
未知数,5.791667
位居,4.428571
位列,5.212121
位数,5.173913
位于,6.285714
位置,6.777778
位子,5.36
味道,6.576923
味觉,6.222222
味精,6.030303
味蕾,5.875
味同嚼蜡,4.583333
畏惧,6.357143
畏首畏尾,5.212121
畏缩,5.904762
胃癌,5.416667
胃病,5.826087
胃肠,6.0
胃口,6.0
胃溃疡,5.214286
胃酸,5.043478
喂食,6.0
喂养,6.514286
蔚蓝,6.25
蔚然成风,4.625
慰藉,6.0
慰劳,5.770979
慰问,6.285714
魏晋,5.5
温饱,5.567664
温差,5.956522
温床,4.38
温存,5.230769
温带,4.75
温度,6.742857
温度计,5.826087
温和,6.6
温厚,6.212121
温暖,6.676471
温情,6.433333
温泉,6.37037
温柔,6.037037
温润,5.692308
温室,6.08
温水,6.181818
温顺,6.220588
温婉,5.25
温文尔雅,5.703704
温习,5.555556
温馨,6.566667
温驯,4.962963
瘟疫,5.347826
文本,5.64
文笔,6.090909
文不对题,3.904762
文采,6.045455
文档,6.481481
文风,4.538462
文稿,4.989247
文官,4.5
文过饰非,3.391304
文豪,5.307692
文化,6.7
文化界,5.590909
文件,6.866667
文静,6.411765
文具,6.32
文具店,6.142857
文科,5.904762
文理,5.73913
文盲,6.133333
文明,6.466667
文明人,5.238095
文凭,5.909091
文人,6.4
文史,4.961538
文士,3.565217
文书,5.458333
文坛,5.6875
文体,5.391304
文武,5.636364
文物,5.678571
文献,5.807692
文学,6.147059
文学奖,5.590909
文雅,5.84375
文艺,6.0
文艺复兴,5.166667
文意,4.636364
文娱,6.012923
文章,6.533333
文质彬彬,5.782609
文字,6.633333
纹理,5.48
纹丝不动,4.92
闻风丧胆,5.521739
闻过则喜,4.350877
闻鸡起舞,5.486842
闻名,5.892857
闻所未闻,6.0
闻讯,5.571429
蚊虫,5.962963
蚊帐,5.74
蚊子,6.821429
吻合,5.75
紊乱,5.555556
稳操胜券,5.25
稳定,6.771429
稳固,5.407407
稳健,5.964286
稳如泰山,5.28
稳妥,6.142857
稳稳,5.391304
稳重,6.115385
稳住,5.695652
问答,5.958333
问道,4.583333
问鼎,4.358974
问好,5.727273
问号,6.633333
问候,6.708333
问及,5.52381
问卷,6.391304
问路,6.407407
问世,5.62963
问题,6.44
问问,5.772727
问心无愧,5.909091
问询,5.381579
问责,4.913043
问政,4.185185
问罪,4.612903
涡轮,3.964286
窝藏,5.086957
窝点,5.090909
窝囊,5.042857
窝心,4.230769
蜗牛,5.347826
我方,5.848485
我国,6.538462
我行我素,5.681818
我军,5.16
我们,6.916667
沃土,5.166667
卧病,5.25
卧床,5.125
卧底,5.047619
卧铺,6.542857
卧室,6.346154
卧薪尝胆,5.681818
握拳,5.444444
握手,6.571429
握手言和,5.208333
握有,4.925926
握住,5.457143
斡旋,4.090909
龌龊,5.904762
乌龟,6.264706
乌合之众,5.32
乌黑,5.571429
乌龙,5.541667
乌鸦,6.290741
乌烟瘴气,5.22973
乌云,6.2
污点,4.971429
污垢,6.515152
污秽,5.36
污蔑,5.038462
污泥,5.357143
污染,6.75
污染物,5.962963
污辱,5.248182
污水,6.0
污浊,6.0
巫婆,4.666667
巫师,4.5
巫术,5.086957
呜呼,4.333333
呜呼哀哉,3.743243
呜咽,5.76
诬告,5.478261
诬蔑,5.53125
诬陷,5.148148
屋顶,5.96
屋脊,6.147059
屋檐,6.208333
屋子,6.607143
无比,6.382353
无边,4.52
无边无际,5.923077
无不,5.6875
无常,4.632653
无偿,6.433333
无耻,6.787879
无处不在,5.875
无从,4.625
无敌,5.583333
无地自容,5.255319
无动于衷,5.391304
无毒,5.442308
无独有偶,5.12
无端,4.988542
无恶不作,5.772727
无法,5.230769
无法无天,5.424242
无非,6.166667
无缝,5.142857
无功受禄,4.75
无辜,6.222527
无故,6.107143
无关,6.566667
无关紧要,5.478261
无害,5.478261
无话可说,5.833333
无悔,5.666667
无稽之谈,4.979592
无计可施,5.166667
无济于事,5.56
无家可归,5.214286
无价之宝,5.826087
无坚不摧,5.4
无尽,5.571429
无精打采,4.96
无拘无束,6.148148
无可非议,5.075269
无可奉告,5.952381
无可厚非,5.515152
无可救药,5.772727
无可奈何,5.818182
无孔不入,5.181818
无愧,6.133333
无赖,5.259259
无礼,5.923077
无理,5.363636
无理取闹,5.608696
无力,6.0
无聊,6.518519
无论,5.6875
无论如何,6.380952
无米之炊,5.111111
无名,6.171429
无名氏,5.065789
无奈,6.15625
无能,5.642857
无能为力,5.255319
无情,6.172917
无穷,6.484848
无穷无尽,5.857143
无趣,6.035714
无权,4.585714
无人,5.789474
无伤大雅,5.115385
无声,5.740741
无声无息,5.575758
无时无刻,5.478261
无事生非,5.041667
无视,5.0
无数,6.525794
无私,6.628571
无损,5.571429
无所不为,5.5
无所不在,5.666667
无所不知,6.0
无所事事,5.521739
无所适从,5.076923
无所谓,6.192308
无所作为,5.217391
无条件,6.142857
无往不胜,5.416667
无望,5.4
无微不至,5.083333
无为,5.37037
无畏,5.966667
无误,5.304348
无瑕,6.3
无暇,4.918367
无限,6.657143
无限大,5.653846
无线,5.818182
无线电,4.333333
无效,6.0
无邪,5.962963
无懈可击,4.84
无心,5.695652
无形,5.464286
无须,5.964286
无序,5.730769
无烟,5.148148
无言以对,5.565217
无恙,5.375
无业,5.217391
无依无靠,5.636364
无疑,6.176471
无异,4.481481
无益,5.28
无意,6.4
无垠,3.84
无影无踪,5.416667
无用,5.608696
无忧无虑,5.391304
无与伦比,5.5
无缘,5.925926
无缘无故,5.826087
无照,4.826087
无知,6.111111
无中生有,5.0
无助,6.185185
无足轻重,5.184211
无罪,6.090909
梧桐,6.0
蜈蚣,5.64
五百,5.595745
五边形,5.142857
五彩,5.56
五彩缤纷,5.791667
五谷,5.729091
五官,6.714286
五光十色,5.130435
五行,5.173913
五湖四海,5.58
五花八门,5.333333
五金,5.575758
五雷轰顶,4.92
五体投地,5.26087
五线谱,4.810811
五星,6.4
五星红旗,6.208333
五颜六色,6.304348
五洲,4.591398
五子棋,5.576923
午餐,6.086957
午饭,6.676471
午后,6.25
午觉,6.481481
午盘,3.828571
午睡,6.0
午休,6.28
午夜,5.857143
伍长,3.107527
妩媚,5.235294
武打,5.25
武断,5.964286
武功,5.510204
武将,5.217391
武警,5.90625
武力,5.8125
武林,5.541667
武器,6.31
武器库,4.76
武士,5.521739
武术,5.884615
武侠,5.657895
武艺,6.0
武装,6.454545
侮辱,6.058333
侮辱性,5.791667
捂住,5.538462
舞伴,4.64
舞弊,4.959184
舞步,4.871429
舞蹈,5.518519
舞动,5.333333
舞会,4.8
舞剧,5.55
舞狮,5.185185
舞台,6.0
舞文弄墨,4.92
舞者,5.615385
舞姿,5.923077
务必,6.666667
务工,6.2
务农,5.392857
务求,4.869565
务实,6.382353
物极必反,5.4
物价,6.529412
物件,5.5
物竞天择,4.703704
物理,6.766667
物理学,4.84
物力,5.090909
物料,4.73913
物流,6.631127
物美价廉,5.24
物品,6.52
物色,6.166667
物体,6.423077
物业,5.933333
物以类聚,5.681818
物证,5.444444
物质,6.535714
物种,5.84375
物资,6.063704
误差,6.571429
误导,5.653846
误会,6.12
误解,5.90625
误判,5.289474
误区,5.130435
误入歧途,5.363636
误杀,5.52
误伤,5.807692
悟性,6.266667
雾霭,5.266667
雾气,5.653846
夕阳,6.714286
西岸,3.73913
西部,6.074074
西餐,5.4375
西餐厅,5.892857
西藏,5.714286
西方,6.192308
西服,6.657143
西瓜,6.464286
西红柿,6.363636
西门,5.678571
西式,5.391304
西药,6.074074
西医,6.16
西装,5.259259
吸毒,5.521739
吸附,5.357143
吸金,5.151515
吸力,4.961538
吸纳,6.071429
吸气,6.181818
吸取,6.074074
吸热,5.355263
吸入,5.391304
吸食,4.76
吸收,6.25
吸吮,5.409091
吸铁石,5.818182
吸烟,5.642857
吸引,6.633333
吸引力,6.0
希冀,4.875
希望,6.16
昔日,6.166667
唏嘘,5.153846
牺牲,5.592593
息怒,5.964286
息事宁人,5.086957
奚落,5.0
悉数,4.913043
悉心,6.307692
惜别,5.36
稀薄,6.428571
稀罕,6.178571
稀奇,6.382353
稀缺,5.393939
稀少,6.181818
稀释,5.276316
稀疏,5.925926
稀松,5.444444
稀土,4.346154
稀有,6.25
犀利,6.242424
犀牛,4.442857
锡纸,5.043478
溪谷,3.192308
溪流,5.8
溪水,5.478261
熙来攘往,4.416667
熙攘,4.125
蜥蜴,5.489362
熄火,5.72
熄灭,5.866667
嘻笑,5.76
膝盖,6.69697
嬉皮笑脸,5.461538
嬉戏,6.153846
嬉笑,6.445076
蟋蟀,5.964286
习惯,6.461538
习俗,6.571429
习武,5.772727
习性,5.545455
习以为常,5.608696
习作,5.416667
席地,3.826087
席地而坐,5.166667
席间,4.52
席卷,6.363636
席位,5.318182
袭击,6.37037
媳妇,6.57041
洗车,5.230769
洗尘,4.956522
洗涤,5.961538
洗耳恭听,5.421053
洗劫,5.153846
洗净,5.928571
洗礼,4.285714
洗练,5.7
洗牌,5.782609
洗钱,4.868421
洗手,6.521739
洗手间,6.043478
洗漱,6.785714
洗心革面,5.526316
洗衣,6.217391
洗衣机,6.777778
洗浴,5.84
洗冤,5.043478
洗澡,6.964286
喜爱,6.423077
喜出望外,5.916667
喜好,6.588235
喜欢,6.5
喜获,5.086957
喜剧,6.3
喜乐,5.622449
喜怒哀乐,5.73913
喜怒无常,5.607843
喜气洋洋,5.977778
喜庆,6.461538
喜鹊,5.702279
喜人,5.217391
喜事,6.0
喜帖,5.52
喜闻乐见,5.208333
喜笑颜开,6.045455
喜新厌旧,5.954545
喜形于色,5.727273
喜讯,6.235294
喜迎,5.583333
喜悦,6.833333
戏称,6.133333
戏份,5.52
戏剧,6.331551
戏剧性,5.954545
戏码,4.48
戏迷,5.26087
戏弄,6.382353
戏曲,5.0
戏谑,5.5
戏院,5.318182
系列,6.433333
系数,5.078947
系统,6.636364
系统化,5.24
系主任,5.565217
细胞,6.514286
细胞核,5.06
细分,5.521739
细化,5.043478
细节,6.6
细菌,6.357143
细菌战,5.181818
细看,5.513158
细流,5.375
细密,4.269231
细嫩,6.314286
细腻,6.382353
细软,5.657143
细碎,6.321429
细微,5.846154
细细,5.0
细小,6.296296
细心,6.363636
细雨,6.294118
细则,4.414286
细长,6.166667
细致,6.230769
虾酱,4.458333
虾米,5.809524
瞎说,6.041667
瞎眼,5.652174
瞎子,6.428571
匣子,4.148148
侠盗,3.791667
侠客,6.035714
侠义,5.289474
峡谷,6.264706
狭隘,5.346154
狭路相逢,5.535714
狭小,5.681818
狭义,5.409091
狭窄,6.228571
狭长,4.555556
遐想,5.62963
瑕疵,5.777778
辖区,5.846154
霞光,4.259259
下巴,6.384615
下班,6.407407
下不为例,5.296296
下层,5.521739
下场,6.575758
下车,5.742857
下沉,6.542857
下厨,5.88
下次,6.0
下挫,3.625
下达,5.296296
下单,5.642857
下等,5.318182
下地,5.375
下跌,6.1
下颚,5.62963
下发,5.04
下凡,5.391304
下放,4.464286
下风,4.62
下岗,5.72
下功夫,5.72
下跪,5.518519
下海,4.769231
下行,3.84
下滑,5.578947
下级,6.481481
下家,4.642857
下架,5.875
下贱,6.291667
下降,6.230769
下届,5.478261
下课,6.44
下来,6.916667
下列,4.761905
下令,5.558824
下流,5.928571
下落,5.954545
下落不明,5.515152
下马,4.962963
下马威,5.727273
下面,5.407407
下坡,5.76
下棋,6.0
下去,6.272727
下山,5.884615
下设,3.826087
下身,4.666667
下手,5.423077
下属,5.75
下水,5.26087
下水道,5.82
下榻,4.621622
下台,6.333333
下探,3.708333
下调,5.045455
下图,4.92
下文,5.173913
下午,6.714286
下辖,3.0
下限,5.916667
下线,5.392857
下乡,5.5
下雪,6.042553
下旬,6.121212
下意识,5.48
下游,6.323529
下雨,6.5
下载,6.727273
下肢,4.952381
吓倒,5.454545
吓唬,6.071429
吓坏,5.695652
吓人,6.633333
夏季,5.962963
夏令,4.130435
夏令营,5.37037
夏日,5.615385
夏天,6.705882
夏至,5.4375
仙鹤,4.8
仙境,5.222222
仙女,6.533333
仙人,5.347826
仙人掌,5.32
仙桃,5.086957
先辈,6.222222
先导,4.652174
先睹为快,5.608696
先发制人,5.071429
先锋,5.481481
先行,4.652174
先河,4.73913
先后,5.954545
先机,5.125
先见之明,5.925926
先进,6.470588
先例,5.416667
先烈,5.148148
先前,5.555556
先秦,5.625
先驱,6.074074
先人,5.882353
先入为主,4.8
先生,6.227273
先声,4.857143
先声夺人,5.25
先手,3.772727
先天,6.5
先天不足,5.590909
先于,4.307692
先斩后奏,5.173913
先知,5.5
先祖,6.416667
纤夫,4.769231
纤弱,5.925926
纤维,6.333333
纤细,6.147059
掀翻,5.454545
掀开,5.681818
掀起,5.615385
鲜红,6.0625
鲜花,6.558824
鲜活,6.392857
鲜丽,6.214286
鲜亮,6.073427
鲜美,5.65625
鲜明,6.333333
鲜奶,6.090909
鲜嫩,6.107143
鲜为人知,5.5
鲜血,6.321429
鲜艳,6.04
闲逛,6.481481
闲话,6.407407
闲聊,6.111111
闲情逸致,5.571429
闲人,5.557143
闲散,5.681818
闲适,5.954545
闲谈,6.289286
闲庭信步,4.826087
闲暇,5.866667
闲言碎语,5.269231
闲置,5.814815
贤惠,6.5
贤良,5.045455
贤明,6.363636
贤淑,5.416667
弦乐,4.939394
弦外之音,5.375
咸蛋,5.428571
咸鱼,6.041667
娴静,4.863636
娴熟,6.111111
衔接,6.148148
舷窗,3.407407
嫌犯,5.333333
嫌弃,6.321429
嫌隙,4.956522
嫌疑,6.0
嫌疑犯,5.791667
嫌疑人,5.541667
显出,5.608696
显得,5.592593
显而易见,5.64
显贵,4.68963
显赫,5.357143
显卡,5.526316
显露,5.333333
显然,5.925926
显示,6.571429
显示器,6.041667
显微镜,5.208333
显现,6.182292
显眼,6.6
显影,4.56
显著,5.76
险恶,6.0
险境,6.185185
险峻,6.208333
险情,4.666667
险胜,5.727273
险些,6.5
险要,5.882353
险阻,4.92
县城,5.92
县级,5.27957
县域,5.355263
县长,5.757576
现场,6.323529
现场感,5.217391
现成,5.36
现出,4.173077
现存,5.307692
现代,6.657143
现代化,5.88
现代史,5.84
现房,4.576923
现行,5.333333
现货,5.68
现价,4.92
现今,6.178571
现金,6.764706
现款,5.592105
现况,5.622449
现钱,5.307692
现任,6.178571
现身,5.083333
现身说法,4.6
现实,6.1875
现象,6.37037
现役,4.884615
现有,6.043478
现在,6.916667
现状,6.04
限定,6.411765
限度,5.72
限额,5.958333
限行,5.407895
限价,4.47619
限界,3.828571
限量,6.074074
限期,6.0625
限时,5.2
限售,5.038462
限速,5.956522
限于,6.25
限值,4.173913
限制,6.508021
线路,5.846154
线圈,5.461538
线索,5.625
线条,6.545455
线性,4.64
宪兵,4.54
宪法,6.433333
宪制,4.652174
陷害,6.04
陷阱,5.5
陷落,4.423077
陷入,6.285714
陷于,6.30303
馅饼,6.142857
馅料,6.192308
羡慕,6.766667
献给,5.565217
献花,5.583333
献礼,5.24
献上,4.708333
献身,5.8
献血,6.2
霰弹,4.2
乡愁,6.338235
乡村,6.733333
乡间,6.733333
乡亲,5.636364
乡绅,4.730769
乡土,5.36
乡下,5.666667
乡镇,5.979592
相爱,6.244898
相安无事,5.730769
相伴,6.264706
相悖,4.22449
相比,6.370879
相册,6.25
相差,5.8125
相称,4.714286
相处,6.0
相传,5.64
相当,5.576923
相得益彰,5.217391
相等,6.535714
相对,6.186813
相对论,5.173913
相反,6.733333
相仿,5.387755
相逢,6.111111
相符,6.0
相辅相成,5.416667
相干,5.08
相隔,6.214286
相公,5.952381
相关,6.333333
相互,6.771429
相机,6.875
相继,6.185185
相加,5.5
相间,4.90625
相见,5.730769
相见恨晚,5.214286
相较,5.607143
相接,5.217391
相近,5.391304
相敬如宾,5.666667
相距,5.318182
相聚,6.428571
相连,6.266667
相恋,6.416667
相邻,5.8
相貌,6.16
相片,5.68
相扑,4.916667
相亲,5.5
相容,5.265306
相濡以沫,5.434783
相生相克,5.740741
相声,6.233333
相识,6.214286
相似,6.423958
相提并论,5.458333
相通,5.166667
相同,6.676471
相信,6.866667
相依为命,5.818182
相宜,6.266667
相应,5.92
相遇,6.16
相约,6.227273
相中,6.125
相助,4.428571
相撞,5.8
香槟,5.962963
香肠,6.185185
香菇,6.134545
香蕉,6.742857
香料,5.44
香炉,5.73913
香浓,5.074074
香喷喷,5.5
香气,6.08
香气扑鼻,5.222222
香水,6.264706
香甜,6.0
香味,6.045455
香烟,6.259259
香艳,4.843137
香皂,6.541667
厢房,4.071429
箱包,5.458333
箱体,4.4
箱子,6.8
镶嵌,5.48
详解,5.68
详尽,6.352941
详情,5.92
详细,6.25
祥和,6.076923
翔实,3.857143
享福,6.470588
享乐,6.054894
享年,5.285714
享受,5.962963
享用,6.411765
享有,4.757143
享誉,5.173913
响彻,5.391304
响彻云霄,5.652174
响亮,6.136364
响起,5.66
响声,6.148148
响尾蛇,4.608696
响应,6.285714
想必,6.090909
想当然,5.571429
想到,6.25
想法,6.740741
想方设法,5.384615
想见,5.56
想开,5.130435
想念,6.636364
想起,6.12
想入非非,5.34
想想,5.695652
想象,5.814815
向导,5.964286
向来,6.441176
向前,6.304348
向日葵,6.087719
向上,5.964286
向往,6.205882
向心,4.74
向心力,4.458333
向阳,5.545455
向着,5.625
项链,6.466667
项目,5.148148
巷战,3.0
巷子,5.12
象棋,5.88
象形,5.238095
象牙,5.236842
象牙塔,4.94
象征,6.035714
像素,5.818182
像样,5.9
橡胶,5.842143
橡皮,6.617647
橡树,5.125
肖像,5.666667
肖像画,5.227273
骁勇,4.367347
逍遥,5.173913
逍遥自在,5.826087
消沉,6.3
消除,6.352941
消毒,6.705882
消防,6.444444
消防车,5.565217
消费,6.357143
消费品,6.363636
消费者,6.37037
消耗,6.219577
消化,6.714286
消极,6.466667
消解,4.897959
消灭,6.69697
消磨,5.9
消遣,6.0
消融,5.25
消散,5.26087
消失,6.222222
消逝,5.807692
消受,4.8
消瘦,6.483333
消暑,5.555556
消退,5.454545
消亡,6.382353
消息,6.384615
消炎,5.958333
宵禁,5.096154
萧瑟,3.807692
萧条,6.323529
硝酸,4.62963
硝烟,5.4
销毁,5.53125
销魂,5.25
销量,5.88
销路,4.576923
销声匿迹,5.458333
销售,6.535714
销售税,4.0
销赃,5.236842
潇洒,5.730769
嚣张,5.666667
小班,4.481481
小本经营,5.444444
小便,6.916667
小便宜,5.810811
小菜,5.803922
小产,4.530612
小车,6.230769
小城,5.521739
小吃,6.307692
小丑,6.0
小道,5.666667
小弟,5.802632
小额,5.342105
小儿,6.136364
小贩,6.1
小费,5.259259
小幅,4.576923
小工,5.333333
小国,5.47619
小孩,6.916667
小寒,4.681818
小河,6.037037
小伙,5.791667
小伙子,5.391304
小家碧玉,4.884615
小将,4.4
小姐,6.566667
小看,5.458333
小康,6.666667
小楼,5.469388
小路,6.166667
小麦,6.541667
小卖部,6.26087
小满,3.555556
小米,5.818182
小鸟,5.916667
小跑,5.57732
小品,6.411765
小气,5.96
小憩,5.625
小钱,5.577778
小巧,6.411765
小区,5.833333
小觑,4.333333
小人,4.653846
小三,5.833333
小生,5.078947
小声,5.954545
小胜,4.148148
小时,6.653846
小时候,6.095238
小事,6.083333
小暑,6.333333
小说,6.636364
小提琴,4.96
小题大做,5.954545
小偷,6.068681
小腿,6.26087
小我,4.08
小屋,5.565217
小溪,5.84
小巷,5.12
小小,4.82
小心,6.16
小心翼翼,5.916667
小型,6.323529
小学,6.857143
小学生,6.26087
小雪,6.038462
小于,5.72
小雨,6.061224
小院,5.367347
小镇,5.608696
小众,5.75
小子,5.481481
小组,6.269231
晓得,4.461538
孝敬,6.366667
孝顺,6.214286
孝心,6.08
孝子,5.608696
校车,5.78
校订,4.304348
校对,6.0
校方,6.192308
校风,6.583333
校服,5.923077
校规,6.148148
校门,6.095238
校企,5.276596
校庆,5.619048
校区,6.115385
校舍,5.791667
校友,6.291667
校园,6.592593
校长,6.785714
校正,5.24
哮喘,5.56
笑话,6.5
笑里藏刀,5.454545
笑脸,6.766667
笑料,5.458333
笑骂,5.447368
笑眯眯,5.528571
笑容,6.642857
笑声,6.043478
笑嘻嘻,6.0
笑笑,5.909091
笑盈盈,5.565217
笑逐颜开,5.857143
效仿,5.539474
效果,6.192308
效劳,6.266667
效力,6.37037
效率,6.5
效能,5.0
效益,6.625
效应,6.214286
效用,4.956522
效忠,5.217391
些许,6.085714
歇脚,6.181818
歇斯底里,5.144737
歇息,5.32
歇业,4.833333
蝎子,5.285714
协办,4.363636
协查,4.42
协定,4.96
协会,5.814815
协警,5.347826
协力,5.434783
协商,6.266667
协调,5.851852
协同,5.428571
协议,6.4
协助,6.535714
协作,6.352941
邪恶,4.259259
邪教,5.423077
邪念,5.416667
胁持,4.869565
胁迫,5.2
斜坡,5.304348
斜视,6.0
斜阳,6.30303
谐音,5.553191
携带,5.84375
携手,5.6
撷取,2.821429
鞋带,6.25
鞋底,5.666667
鞋子,6.576923
写成,5.25
写道,4.958333
写入,6.166667
写生,4.96
写实,5.230769
写信,5.407407
写意,4.222222
写有,3.217391
写照,6.001894
写真,6.076923
写字,6.204082
写字台,5.333333
写作,6.4
泄漏,5.363636
泄露,5.538462
泄密,5.217391
泄气,6.294118
泄气话,4.708333
泻药,5.46
卸货,5.083333
卸磨杀驴,4.916667
卸任,4.769231
卸下,5.1
卸妆,6.409091
械斗,4.043478
亵渎,5.470588
谢绝,6.427696
谢幕,4.380952
谢谢,6.892857
谢意,5.307692
谢罪,5.086957
邂逅,5.875
懈怠,4.971429
蟹黄,5.846154
心爱,6.294118
心安理得,5.642857
心病,5.666667
心不在焉,5.846154
心颤,4.5
心肠,5.730769
心潮澎湃,5.047619
心驰神往,4.932432
心慈手软,5.704545
心存,4.833333
心得,6.333333
心底,6.357143
心地,6.142857
心动,5.851064
心扉,5.916667
心服口服,5.46
心腹之患,5.272727
心甘情愿,5.36
心广体胖,5.727273
心寒,5.375
心狠手辣,5.454545
心花怒放,5.745098
心怀,5.020408
心慌,5.857143
心慌意乱,5.37037
心灰意冷,5.085714
心急,5.806122
心急如焚,5.904762
心计,5.1
心结,5.5
心惊胆战,5.375
心惊肉跳,5.392857
心境,6.366667
心旷神怡,5.307692
心理,6.733333
心理学,6.0
心力,3.826087
心灵,6.5
心灵手巧,6.222222
心领神会,5.489796
心路,5.2
心律,5.459184
心满意足,6.130435
心目,3.64
心平气和,5.875
心切,4.772727
心情,6.607143
心如刀割,5.666667
心软,5.833333
心上人,5.782609
心声,5.74
心事,6.5
心事重重,5.954545
心术,4.461538
心思,6.6
心酸,5.606061
心算,5.36
心态,6.518519
心疼,6.392857
心田,5.03125
心跳,6.607143
心头,6.583333
心窝,5.777778
心想,5.166667
心心相印,5.5
心胸,6.441176
心虚,6.333333
心绪,6.458333
心血,6.333333
心血管,5.16
心血来潮,5.657895
心眼,6.541667
心仪,5.541667
心意,5.9375
心猿意马,5.037037
心愿,6.4
心悦诚服,4.625
心脏,6.821429
心脏病,6.125
心直口快,5.0
心志,5.681818
心智,5.32
心醉,5.518519
芯片,5.346154
辛苦,6.227273
辛苦费,5.385714
辛辣,5.76
辛劳,6.285714
辛勤,6.035714
辛酸,6.266667
欣然,5.995238
欣赏,6.633333
欣慰,6.518519
欣喜,6.357143
欣喜若狂,6.045455
欣欣向荣,5.55102
新版,5.782609
新兵,4.791667
新潮,4.829787
新陈代谢,5.537634
新城,5.428571
新宠,4.458333
新春,6.0
新村,4.387755
新低,4.416667
新法,4.464286
新房,6.75
新风,4.787879
新高,4.111111
新股,2.5
新馆,3.860215
新规,5.173913
新贵,4.0
新婚,5.822222
新晋,5.0
新居,4.64
新剧,5.238095
新军,4.368421
新郎,5.92
新绿,4.057143
新年,6.75
新娘,6.545455
新盘,4.30303
新品,6.038462
新奇,5.555556
新区,5.217391
新人,6.464286
新任,5.061224
新锐,4.222222
新生,5.888889
新式,5.75
新手,5.72
新闻,6.666667
新闻记者,5.96
新鲜,6.678571
新鲜感,5.869565
新星,4.730769
新型,6.627451
新兴,4.869565
新秀,5.12
新药,5.276596
新意,5.333333
新颖,5.783333
新增,6.173913
新政,4.958333
新装,5.424242
新作,5.136364
薪酬,5.615385
薪俸,3.818182
薪火,4.875
薪金,5.608696
薪水,5.921053
薪资,5.652174
馨香,4.542857
信差,3.291667
信贷,4.964286
信访,4.703704
信封,5.666667
信奉,6.066667
信服,5.705882
信鸽,4.961538
信函,5.72
信号,6.617647
信件,6.208333
信口雌黄,5.416667
信口开河,5.047619
信赖,6.4
信马由缰,3.26087
信念,6.714286
信任,6.592593
信赏必罚,4.434783
信使,6.30303
信誓旦旦,5.46
信手拈来,5.175439
信守,6.366667
信徒,5.341168
信托,4.541667
信息,6.466667
信箱,5.56
信心,6.153846
信仰,6.69697
信以为真,5.708333
信用,6.363636
信用卡,6.095238
信誉,6.2
星辰,6.441176
星斗,4.642857
星光,6.133333
星河,5.814815
星火燎原,5.06
星级,5.434783
星际,4.92
星空,6.173913
星罗棋布,5.12
星期,6.705882
星期日,6.4
星期天,6.416667
星球,6.285714
星象,5.230769
星星,6.037037
星座,5.695652
猩红,4.392857
惺忪,5.037037
腥臭,5.642857
腥风血雨,4.791667
腥红,5.238095
刑罚,5.588235
刑法,6.333333
刑警,5.710526
刑期,5.695652
刑事,5.04
刑讯,3.333333
形成,6.606061
形单影只,4.357143
形而上,4.230769
形迹,4.714286
形貌,6.424242
形容,6.392857
形容词,5.666667
形式,6.117647
形似,5.740741
形势,6.470588
形态,6.428571
形体,5.958333
形象,6.588235
形形色色,5.761905
形影不离,5.042857
形影相吊,3.742857
形状,6.5
型号,5.68
醒来,6.304348
醒目,6.071429
醒悟,6.333333
兴办,5.407407
兴冲冲,5.73913
兴奋,6.444444
兴奋剂,5.148148
兴风作浪,5.44
兴高采烈,6.304348
兴建,5.214286
兴利除弊,4.074074
兴隆,6.323529
兴起,6.222222
兴趣,6.461538
兴盛,5.8
兴师动众,5.037037
兴师问罪,5.122449
兴衰,5.192308
兴旺,6.090909
兴味,3.384615
兴许,4.807692
兴致,5.72
兴致勃勃,5.208333
杏黄,5.066667
杏林,4.44
杏仁,6.045455
幸存,5.291667
幸而,5.794118
幸福,6.714286
幸好,5.9375
幸会,5.708333
幸亏,6.285714
幸免,5.291667
幸运,6.283571
幸运儿,5.75
幸灾乐祸,6.0
性别,6.771429
性感,5.625
性格,6.607143
性急,6.045455
性交,4.84
性命,6.0
性能,5.933333
性情,6.529412
性骚扰,5.478261
性质,6.235294
性状,6.5
姓名,6.958333
姓氏,6.428571
凶暴,4.84375
凶残,4.851852
凶多吉少,5.04
凶恶,5.807692
凶悍,6.464286
凶狠,6.235294
凶猛,6.545455
凶杀案,5.625
凶神恶煞,5.12
凶手,6.321429
凶险,5.730769
凶相毕露,4.541667
凶宅,5.227273
兄弟,6.735294
兄妹,6.111111
兄长,5.628571
匈奴,5.086957
汹涌,5.48
汹涌澎湃,5.12
胸部,6.0
胸怀,6.441176
胸襟,5.37037
胸口,5.73913
胸闷,5.38
胸脯,6.171429
胸膛,6.090909
胸无点墨,4.615385
胸有成竹,5.583333
雄辩,4.590909
雄才大略,4.818182
雄风,5.173077
雄蜂,4.857143
雄厚,5.222222
雄浑,4.48
雄健,5.72619
雄奇,5.181818
雄狮,5.32
雄伟,6.457143
雄心,5.583333
雄心勃勃,5.875
雄心壮志,5.631579
雄性,6.470588
雄壮,5.807692
雄姿,6.25
熊猫,6.757576
熊市,3.62963
熊掌,5.038462
休假,6.62963
休克,5.083333
休眠,5.695652
休憩,5.382353
休息,6.718519
休息室,5.52381
休闲,6.454545
休闲服,5.142857
休想,5.46875
休养,6.454545
休养生息,5.521739
休业,4.62
休战,4.52381
休整,5.952381
修补,4.871429
修辞,5.88
修道院,3.114286
修订,6.0
修订版,5.652174
修复,5.730769
修改,6.6
修行,5.703704
修好,5.375
修甲,4.555556
修剪,6.428571
修建,6.242424
修理,6.071429
修炼,5.125
修路,6.038462
修女,4.539474
修缮,4.307692
修身,4.869565
修饰,6.214286
修养,6.666667
修长,6.321429
修整,5.181818
修正,6.296296
修正案,3.956522
修筑,5.433333
羞耻,6.0625
羞愧,5.553419
羞怯,6.342857
羞辱,4.851852
羞涩,6.407407
朽木,4.608696
宿命,5.416667
宿舍,6.461538
宿营,5.15625
宿怨,4.777778
宿愿,5.0
宿主,4.964286
秀才,5.909091
秀场,4.666667
秀发,5.515464
秀丽,4.807692
秀美,5.52
秀气,5.962963
秀色可餐,5.618421
秀外慧中,4.125
袖口,6.083333
袖手旁观,5.833333
袖珍,4.92
袖子,6.5
绣花,5.730769
锈迹,5.478261
锈蚀,5.352941
嗅到,5.956522
嗅觉,4.970798
须臾,4.428571
须知,4.914286
虚报,5.125
虚高,4.296296
虚构,6.323529
虚怀若谷,4.363636
虚幻,5.892857
虚假,5.392857
虚惊,5.304348
虚空,4.238095
虚名,5.642857
虚拟,6.25
虚荣,6.484848
虚荣心,5.333333
虚弱,6.1875
虚脱,5.037037
虚伪,5.76
虚位以待,5.1
虚心,6.0
虚张声势,5.0
需求,5.666667
需要,6.875
嘘声,5.130435
徐徐,3.633333
许多,6.625
许久,6.791667
许可,6.8
许诺,6.285714
许配,5.538462
许愿,5.978723
栩栩如生,5.761905
旭日,4.986842
序号,5.833333
序列,6.167857
序幕,6.583333
序言,5.962963
叙旧,5.969697
叙事,5.208333
叙述,5.875
酗酒,5.380952
续航,5.636364
续集,6.038462
续借,5.0
续签,4.807692
续写,5.217391
续约,4.913043
絮叨,5.607143
絮语,3.541667
蓄势,5.583333
蓄水,4.238095
蓄意,5.363636
轩然大波,5.416667
宣布,6.571429
宣称,5.407407
宣传,6.076923
宣传品,5.56
宣读,6.300802
宣告,5.0
宣讲,4.869565
宣判,5.466667
宣示,4.685714
宣誓,5.518519
宣泄,5.128571
宣言,5.833333
宣扬,6.333333
宣战,5.5
喧宾夺主,4.44
喧哗,6.142857
喧闹,6.444444
喧嚣,5.821429
玄机,5.970588
玄妙,5.5
玄学,5.242424
悬浮,5.26087
悬挂,6.411765
悬空,5.44
悬念,6.515152
悬赏,6.332442
悬殊,5.44
悬崖,4.703704
悬崖勒马,5.590909
悬崖峭壁,5.178571
悬在,4.0
旋风,5.4
旋律,5.56
旋涡,5.797857
旋转,5.444444
漩涡,5.328947
选拔,6.666667
选材,5.583333
选出,4.952381
选定,4.928571
选购,6.0
选举,6.714286
选美,5.111111
选民,4.115385
选派,4.76
选票,5.244898
选聘,4.608696
选区,4.82
选取,5.111111
选手,5.62963
选送,3.928571
选题,5.791667
选项,6.272727
选修,6.214286
选修课,6.142857
选秀,6.076923
选用,6.352941
选在,4.190476
选择,6.636364
选址,5.909091
选中,6.041667
炫目,4.818182
炫耀,6.791667
绚烂,5.071429
绚丽,6.212121
绚丽多彩,5.863636
眩晕,5.318182
渲染,5.692308
削发,5.115385
削减,6.074074
削弱,6.666667
削足适履,4.16
靴子,6.09375
穴居,4.652174
穴位,5.833571
学到,5.884615
学而不厌,5.285714
学法,3.714286
学费,6.125
学分,6.409091
学风,6.4
学府,5.833333
学富五车,4.64
学好,5.826087
学会,5.802632
学籍,6.142857
学界,5.545455
学科,6.635714
学历,6.34375
学龄,5.818182
学年,6.5
学派,4.92
学期,6.62963
学前教育,5.230769
学区,5.407407
学人,4.130435
学生,6.8125
学时,6.071429
学识,6.5
学士,5.607143
学术,6.485714
学术界,5.047619
学说,6.125
学堂,6.375
学童,5.571429
学徒,6.133333
学位,6.625
学问,6.555556
学习,6.75
学校,6.931818
学学,4.92
学业,6.714286
学以致用,5.48
学艺,5.625
学员,6.666667
学院,6.819853
学者,6.0
学制,5.64
学子,5.423077
噱头,4.086957
雪白,6.485714
雪崩,4.625
雪地,5.923077
雪糕,6.757576
雪柜,4.08
雪花,6.08
雪亮,5.731429
雪泥鸿爪,4.0
雪茄,4.304348
雪人,6.08
雪山,6.636364
雪上加霜,5.565217
雪中送炭,5.541667
血癌,5.086957
血泊,5.642857
血管,6.75
血海深仇,4.785714
血汗,5.923077
血红,4.37037
血迹,6.222222
血口喷人,5.04
血淋淋,5.14
血流,5.217391
血脉,5.954545
血气方刚,5.347826
血亲,6.0
血肉,5.521739
血肉之躯,5.14
血栓,5.060606
血糖,5.689189
血统,5.442308
血腥,5.173913
血型,6.259259
血性,4.742857
血压,6.04
血压计,5.045455
血液,6.714286
血缘,6.470588
血战,4.481481
血站,4.913043
血脂,5.409091
勋章,5.764706
熏陶,5.785714
熏鱼,4.5
寻常,6.235294
寻访,5.5
寻根,4.2
寻花问柳,5.304348
寻欢作乐,4.869565
寻觅,5.964286
寻求,6.0
寻思,6.575758
寻死觅活,5.2
寻衅,4.708333
寻找,6.466667
寻租,4.75
巡查,5.826087
巡航,4.692308
巡回,4.884615
巡回演出,5.181818
巡警,5.0
巡逻,5.857143
巡视,5.136364
巡演,5.592105
巡洋舰,3.791667
巡弋,3.109687
巡游,5.666667
巡展,5.515152
询价,4.96
询问,6.337413
循规蹈矩,4.952381
循环,6.5
循序渐进,5.666667
循循善诱,5.192308
训斥,5.76
训导,6.071429
训话,5.652174
训诫,6.2
训练,6.481481
训练班,5.4
讯问,5.416667
讯息,5.26087
迅疾,5.518519
迅猛,5.045455
迅速,6.481481
驯服,5.970588
驯化,5.074074
驯良,3.333333
驯兽师,4.375
徇私,4.268041
徇私舞弊,4.666667
逊色,5.178571
殉情,4.869565
殉职,5.892857
丫头,6.457143
压倒,6.375
压低,4.961538
压力,6.258333
压迫,6.268519
压岁钱,6.183673
压缩,6.148148
压抑,4.962963
压榨,5.68
压制,5.32
压轴,5.692308
押解,4.62963
押金,5.666667
押送,5.26087
押运,4.913043
押韵,5.47619
鸦片,5.061224
鸦雀无声,5.846154
鸭蛋,5.75
鸭子,6.086957
牙齿,6.958333
牙缝,5.8
牙膏,6.740741
牙关,4.772727
牙科,5.514286
牙刷,6.588235
牙痛,6.30303
牙牙学语,4.73913
牙医,5.956522
衙门,4.88
哑巴,5.772727
哑口无言,5.30303
哑铃,5.382979
雅典,5.076923
雅观,4.916667
雅号,4.071429
雅俗共赏,5.38
雅兴,5.217391
雅致,5.28
亚军,6.481481
亚热带,5.444444
亚裔,4.954545
亚于,5.5
亚洲,5.619048
讶异,4.538462
咽喉,5.481481
咽气,6.222222
胭脂,6.0
烟草,5.347826
烟尘,6.366667
烟囱,5.954545
烟花,5.869565
烟火,5.782609
烟民,5.0
烟幕,5.166667
烟幕弹,4.333333
烟头,5.73913
烟雾,6.142857
烟消云散,5.571429
阉割,3.952381
淹没,6.25
腌制,5.375
湮没,4.04
延迟,5.52
延后,5.108108
延缓,6.08
延年益寿,4.518519
延期,4.807692
延伸,4.807692
延时,5.836735
延误,5.90625
延续,5.599286
延展,5.26087
延长,6.5
严把,3.576923
严查,5.6
严惩,5.619048
严惩不贷,4.94
严打,4.875
严冬,5.583333
严防,5.541667
严格,6.657143
严寒,6.269231
严谨,6.454545
严禁,5.986467
严峻,5.863636
严苛,5.409091
严酷,5.62963
严厉,5.766667
严密,5.816952
严明,5.823529
严实,6.2
严肃,5.592593
严于律己,5.333333
严阵以待,5.363636
严整,6.333333
严正,4.666667
严重,6.535714
言不由衷,5.2
言传身教,5.416667
言辞,5.8
言归于好,5.44
言归正传,5.681818
言过其实,4.671429
言行,5.88
言简意赅,5.478261
言论,6.566667
言谈,5.909091
言谈举止,5.4
言听计从,5.958333
言外之意,5.848485
言语,6.6
岩壁,4.565217
岩层,5.392857
岩浆,4.625
岩石,6.036131
炎黄子孙,5.64
炎热,6.28
炎夏,5.271429
炎症,5.652174
沿岸,5.22449
沿海,5.923077
沿河,5.27551
沿江,4.88
沿途,6.151515
沿袭,4.478261
沿线,4.84
沿用,5.166667
研读,6.083333
研发,4.653846
研究,5.592593
研究生,6.047619
研究院,4.885714
研讨,6.285714
研习,5.666667
研制,6.0
盐分,5.964286
盐湖,4.321429
盐矿,4.636364
盐水,5.795918
盐田,3.971429
阎王,6.458333
筵席,4.0
颜料,5.37037
颜面,4.888889
颜色,6.294118
奄奄一息,5.136364
俨然,5.357143
衍变,5.0
衍生,4.86
掩藏,5.966667
掩耳盗铃,5.625
掩盖,6.074074
掩护,5.615385
掩埋,5.714286
掩人耳目,5.26087
掩饰,5.666667
掩映,5.321429
眼巴巴,5.307692
眼袋,5.814815
眼高手低,5.363636
眼光,6.243704
眼红,6.214286
眼花,5.653846
眼花缭乱,5.615385
眼疾手快,5.772727
眼睑,4.72
眼见,5.318182
眼角,5.875
眼界,6.066667
眼睛,6.875
眼镜,6.818182
眼科,6.076923
眼眶,6.285714
眼泪,6.269231
眼力,6.464286
眼帘,5.44
眼皮,6.612299
眼前,5.777778
眼球,5.833333
眼圈,5.875
眼色,5.954545
眼神,6.461538
眼下,6.259259
眼罩,5.909091
眼睁睁,4.47619
眼中钉,5.695652
眼珠,6.294118
演变,5.111111
演唱,6.75
演出,6.533333
演化,5.714286
演技,6.142857
演讲,6.535714
演进,3.73913
演练,6.178571
演示,6.363636
演说,6.294118
演习,6.342857
演戏,5.727273
演艺,4.842857
演艺界,6.384615
演绎,5.68
演员,6.321429
演奏,6.5
厌恶,6.318182
厌烦,6.466667
厌倦,5.884615
厌食,5.0
厌食症,5.772727
砚台,5.0
艳丽,6.352941
艳羡,5.242424
艳阳,5.422222
艳阳天,4.964286
艳照,4.68
宴会,6.142857
宴会厅,5.631579
宴请,5.0625
宴席,5.64
验收,6.382353
验血,5.26087
验证,6.294118
谚语,6.259259
焰火,5.794118
燕窝,5.608696
燕子,5.782609
赝品,5.210526
央求,6.541667
殃及,5.304348
秧歌,5.217391
秧苗,5.56
扬尘,4.958333
扬帆,4.761905
扬眉吐气,5.857143
扬名,5.809524
扬汤止沸,4.010309
扬言,5.454545
扬长避短,5.625
羊羔,5.695652
羊毛,6.06383
羊奶,5.605263
羊群,5.828947
羊肉,5.952381
阳春白雪,4.5
阳奉阴违,5.0
阳光,6.48
阳历,6.291667
阳气,4.9
阳伞,3.782609
阳寿,5.42
阳台,6.875
阳性,6.25
杨柳,6.214286
杨梅,5.904762
杨树,5.761905
佯攻,3.333333
佯装,5.08
洋葱,5.827957
洋房,5.5
洋服,4.73913
洋酒,5.5
洋人,5.111111
洋娃娃,5.605263
洋洋洒洒,5.5
洋溢,6.038462
仰角,4.28
仰赖,4.723684
仰慕,6.352941
仰视,5.8
仰望,6.188811
仰卧,5.75
养病,6.181818
养成,5.809524
养分,6.0
养虎为患,5.318182
养护,5.16
养活,6.441176
养家,5.521739
养精蓄锐,5.028571
养老,5.777778
养老金,5.666667
养料,6.148148
养犬,4.695652
养伤,5.761905
养生,6.047619
养鱼,5.954545
养育,6.401852
养殖,6.414773
养殖业,5.2
养子,5.142857
养尊处优,5.62963
氧化,5.4
氧气,6.41
样板,5.019608
样本,5.772727
样品,6.192308
样式,6.166667
样子,6.428571
夭折,4.0
吆喝,5.148148
妖怪,4.884615
妖精,5.714286
妖娆,5.741758
妖术,5.681818
妖艳,6.371429
腰包,5.545455
腰部,6.204082
腰缠万贯,5.02
腰带,5.956522
腰果,5.666667
腰椎,5.192308
邀请,6.357143
邀请信,5.714286
邀约,5.382353
侥幸,6.185185
窑洞,5.24
谣言,6.6
摇摆,6.3
摇动,5.72
摇滚,5.680851
摇晃,6.382353
摇篮,6.5
摇旗呐喊,5.296296
摇身一变,5.04
摇头,6.115385
摇头摆尾,5.090909
摇头晃脑,5.125
摇尾乞怜,4.571429
摇摇,4.458333
摇摇欲坠,5.777778
摇曳,5.888889
遥感,4.869565
遥控,5.596875
遥望,6.342857
遥远,6.03125
咬紧牙关,5.04
咬噬,2.885714
咬文嚼字,5.037037
咬牙,5.37037
咬牙切齿,5.458333
咬住,5.916667
窈窕,5.5
药材,6.222222
药厂,5.285714
药店,6.227273
药方,6.090909
药房,5.730769
药剂师,4.62963
药价,5.576923
药检,5.347826
药理,4.428571
药品,6.181818
药师,5.043478
药丸,6.142857
药物,6.44
药效,5.761905
药业,5.2
药用,5.607143
要不,6.15625
要不是,5.592105
要道,3.4
要点,5.846154
要害,5.859524
要好,5.444444
要挟,4.888889
要价,5.925926
要件,3.962963
要紧,6.571429
要领,5.409091
要么,6.371429
要命,5.96
要强,6.321429
要求,6.346154
要人,4.794872
要塞,5.5
要是,6.571429
要素,5.961538
要闻,5.416667
要务,4.6
要言不烦,3.347826
要约,4.428571
钥匙,6.423077
耀武扬威,5.727273
耀眼,6.393939
椰子,5.571429
爷爷,6.692308
揶揄,3.44
也好,6.515152
也许,6.307692
冶金,4.521739
冶炼,5.857143
野菜,6.75
野餐,5.708333
野草,6.571429
野火,5.636364
野蛮,6.266667
野人,4.75
野生,5.8
野兽,6.0
野外,6.485294
野心,5.961538
野心勃勃,5.22
野心家,5.0
野性,6.257143
野营,5.730769
野猪,5.954545
业绩,5.518519
业界,5.846154
业精于勤,5.444444
业态,4.916667
业务,5.24
业务部,5.347826
业余,6.625
业者,3.730769
业主,5.75
叶公好龙,4.833333
叶落归根,5.590909
叶绿素,4.5
叶片,4.666667
叶酸,4.208333
叶子,6.043478
页码,6.020625
页面,5.695652
夜班,6.003676
夜不闭户,4.733333
夜场,5.130435
夜店,5.27027
夜间,6.481481
夜景,6.472884
夜空,6.733333
夜阑人静,4.130435
夜郎自大,3.333333
夜盲,5.478261
夜幕,5.407407
夜色,6.166667
夜深人静,5.776316
夜生活,5.52381
夜市,5.958333
夜晚,6.735294
夜宵,6.086957
夜校,4.681818
夜以继日,5.727273
夜长梦多,5.12
液化,5.2
液晶,5.393939
液态,4.771429
液体,6.681818
液压,4.545455
腋窝,6.166667
腋下,6.153846
一败涂地,5.48
一般,6.470588
一半,6.470588
一辈子,5.916667
一本正经,6.083333
一笔勾销,6.076923
一边,6.25
一波三折,5.592105
一步登天,5.33
一唱一和,5.761905
一尘不染,5.75
一成不变,5.25
一筹莫展,5.478261
一触即发,4.88
一槌定音,4.894737
一锤定音,4.541667
一蹴而就,5.571429
一带,5.857143
一旦,6.162963
一刀两断,5.538462
一刀切,5.333333
一道,5.969697
一点,6.08
一定,6.647059
一帆风顺,6.181818
一反常态,5.652174
一方,4.92
一分为二,5.788462
一干二净,5.822222
一哥,4.659574
一共,6.566667
一鼓作气,5.678571
一呼百应,5.962963
一晃,5.210526
一会,6.714286
一家之言,4.653846
一见如故,4.939394
一见钟情,5.314286
一箭双雕,5.409091
一角,4.375
一姐,4.765957
一举两得,5.772727
一蹶不振,4.555556
一孔之见,3.807692
一口气,6.444444
一块,6.296296
一览,5.333333
一劳永逸,5.346154
一了百了,5.333333
一连,5.583333
一连串,5.64
一溜烟,5.2
一流,6.371429
一路,4.925926
一落千丈,5.565789
一律,5.28
一马当先,5.3
一马平川,5.157895
一脉相承,4.62963
一毛不拔,4.904762
一面之词,5.041667
一鸣惊人,5.4
一模一样,6.26087
一目了然,5.590909
一目十行,5.085714
一诺千金,5.083333
一拍即合,5.269231
一盘散沙,5.434783
一旁,5.28
一贫如洗,5.75
一齐,4.666667
一起,6.407407
一气呵成,5.333333
一窍不通,5.851852
一切,5.9375
一清二楚,6.285714
一穷二白,5.0
一去不返,5.32
一如既往,5.391304
一扫而空,5.042857
一身,5.911765
一生,6.588235
一时,6.416667
一事无成,5.958333
一视同仁,5.62
一手,4.821429
一手包办,4.957143
一手遮天,5.36
一瞬间,5.833333
一丝不苟,6.173913
一丝不挂,5.304348
一丝一毫,5.095238
一塌糊涂,5.73913
一体,5.0
一天到晚,6.28
一同,5.846154
一头,6.411765
一团糟,5.541667
一网打尽,5.166667
一往情深,5.787879
一往无前,5.307692
一望无际,5.956522
一窝蜂,4.708333
一无是处,5.037037
一无所获,5.204082
一无所有,5.5
一五一十,5.311111
一席之地,5.636364
一系列,4.761905
一下子,6.047619
一线,5.652174
一厢情愿,5.12
一向,5.785714
一小撮,5.375
一些,6.541667
一泻千里,5.34
一心,5.618182
一心一意,5.8
一言难尽,5.708333
一言为定,6.148148
一样,6.7
一衣带水,3.708333
一意孤行,5.32
一应俱全,5.631579
一语破的,4.230769
一跃,4.954545
一再,5.62963
一早,6.111111
一针见血,5.69697
一阵风,5.93617
一枝独秀,5.347826
一知半解,5.043478
一直,6.384615
一纸空文,5.608696
一致,6.642857
一字不差,5.24
一字千金,6.0
伊朗,5.125
伊始,4.73913
伊斯兰教,5.608696
衣橱,5.695652
衣袋,6.08
衣服,6.857143
衣冠不整,5.32
衣冠楚楚,5.392857
衣冠禽兽,5.265306
衣柜,6.785714
衣架,6.296296
衣襟,5.240909
衣锦还乡,5.583333
衣料,6.033333
衣领,6.037037
衣衫,6.0
衣裳,6.787879
衣饰,5.829787
衣物,6.222222
衣袖,6.24
衣着,6.407407
医护,5.892857
医疗,6.307692
医生,6.740741
医师,5.55102
医术,5.083333
医务,5.576923
医务所,6.190476
医学,6.821429
医药,6.6875
医用,6.038462
医院,6.6875
医治,6.333333
依傍,4.740741
依次,6.541667
依从,4.785714
依存,4.318182
依法,5.515152
依附,6.142857
依旧,5.592593
依据,6.571429
依靠,6.428571
依赖,6.37037
依恋,5.964286
依然,6.0
依托,6.166667
依偎,6.018519
依稀,6.314286
依依不舍,6.043478
依照,6.542857
仪表,6.444444
仪表堂堂,5.833333
仪器,6.334286
仪容,6.190476
仪式,6.392857
仪态,5.884615
仪仗队,4.208333
怡然自得,4.958333
宜人,5.038462
贻笑大方,4.458333
姨妈,6.26087
姨丈,3.916667
胰岛素,4.791667
移动,6.571429
移风易俗,4.434783
移花接木,4.5
移交,6.2
移居,6.088235
移民,6.166667
移师,2.884615
移送,4.333333
移植,6.382353
遗产,5.933333
遗传,6.657143
遗传病,5.863636
遗传工程,4.515152
遗存,4.44
遗憾,6.08
遗迹,5.285714
遗留,5.875
遗漏,6.294118
遗民,4.692308
遗弃,6.136364
遗容,4.956522
遗失,6.6
遗书,5.259259
遗体,6.0
遗忘,6.25
遗物,6.038462
遗像,5.409091
遗愿,6.257143
遗照,4.541667
遗址,6.205882
遗嘱,5.821429
颐养,4.708333
疑点,5.961538
疑犯,4.851852
疑惑,6.301042
疑虑,5.909091
疑难,6.352941
疑神疑鬼,5.26087
疑似,5.956522
疑问,6.636905
疑心,6.029412
疑云,4.375
乙醇,4.846154
已故,5.740741
已婚,5.12
已经,6.454762
已然,5.25
已往,4.047619
已知,6.090909
以便,6.233333
以德报怨,5.565217
以讹传讹,4.956522
以后,6.607143
以及,5.6
以儆效尤,5.130435
以来,6.323529
以免,6.314286
以前,6.666667
以上,5.96
以身试法,5.30303
以身殉职,5.121212
以身作则,5.304348
以外,6.08
以往,6.222222
以为,6.551136
以下,5.625
以牙还牙,5.521739
以逸待劳,4.375
以怨报德,4.515152
以至于,5.730769
以致,4.730769
蚁穴,5.619048
倚靠,5.4
倚赖,4.666667
倚老卖老,5.041667
倚重,3.714286
椅背,5.863636
椅子,6.785714
亿万,6.060606
义不容辞,5.3
义愤填膺,4.958333
义工,6.210956
义和团,4.541667
义卖,4.02
义气,6.545455
义无反顾,4.761905
义务,6.571429
义演,4.791667
义勇军,5.418919
义诊,4.053763
义肢,3.653846
艺妓,3.642857
艺人,5.77849
艺术,6.533333
艺术家,5.666667
忆起,4.964286
议案,5.130435
议程,5.5
议定,4.36
议会,5.703704
议价,5.061224
议论,6.333333
议论纷纷,6.0
议事,4.375
议题,5.933333
议席,3.714286
议员,5.966667
议长,5.25
议政,4.44
屹立,6.166667
亦步亦趋,4.791667
异彩纷呈,4.461538
异常,6.433333
异地,6.08
异端,4.0
异国,5.72
异国他乡,5.347826
异化,3.4
异教徒,4.291667
异军突起,4.958333
异口同声,5.736842
异曲同工,5.56
异味,6.136364
异物,5.695652
异乡,6.571429
异想天开,5.565217
异性,6.243704
异样,5.814815
异议,6.454545
异域,5.302632
抑扬,4.740741
抑扬顿挫,5.333333
抑郁,5.615385
抑郁症,5.515152
抑止,3.962963
抑制,6.285714
佚名,4.904762
译名,4.043478
易懂,5.217391
易经,5.304348
易燃,5.72
易如反掌,5.291667
易碎,6.0
易于,5.0
驿站,5.84
轶事,3.52381
疫苗,6.314815
疫情,6.592593
疫区,5.5
益虫,5.384615
益处,5.961538
逸事,5.142857
翌日,5.035714
意见,6.75
意境,5.541667
意料,5.68
意气风发,5.26087
意气用事,5.083333
意识,6.454545
意识流,5.363636
意思,6.24
意图,6.666667
意外,5.62963
意味,6.382353
意味深长,5.848485
意味着,6.019608
意想不到,5.2
意向,5.925926
意象,5.44
意义,6.878788
意欲,5.481481
意愿,6.321429
意在,4.56
意在言外,4.333333
意志,6.529412
溢出,5.538462
溢价,3.771429
溢于言表,4.666667
毅力,6.535714
毅然,5.72
臆测,4.0
臆断,3.92
因材施教,5.76
因此,6.5
因地制宜,5.285714
因而,5.56
因果,5.73913
因陋就简,3.48
因势利导,4.878788
因素,5.59375
因为,6.558824
因循守旧,4.782609
因噎废食,4.375
因缘,4.826087
因子,4.7
阴暗,6.205882
阴差阳错,4.72
阴沉,4.96
阴道,5.777778
阴晦,4.423077
阴极,4.095238
阴冷,5.64
阴历,6.441176
阴凉,6.333333
阴霾,5.40625
阴谋,5.571429
阴森森,5.166667
阴天,6.607143
阴险,6.382353
阴性,5.66
阴阳,6.111111
阴阳怪气,5.238095
阴影,6.666667
阴雨,6.071429
阴云,5.272727
荫凉,5.321429
音波,4.125
音符,6.25
音乐,6.833333
音乐会,5.407407
音量,6.0
音频,5.909091
音色,5.730769
音速,4.923077
音箱,6.217391
音响,6.771429
音像,5.090909
音效,5.434783
音讯,5.28
音译,5.925926
音韵,5.39037
姻缘,5.583333
殷红,4.185185
殷切,5.107143
殷勤,5.72
吟唱,6.037037
吟诗,5.2
吟诵,5.885714
吟咏,4.590625
银白,6.0
银币,6.0
银行,6.074074
银行界,4.086957
银行卡,6.444444
银河,5.592593
银河系,5.304348
银灰,4.714286
银奖,5.73913
银两,5.608696
银幕,5.592593
银牌,6.045455
银色,5.92
银杏,5.68
银装素裹,4.884615
银子,6.107143
淫荡,5.468085
淫秽,4.954545
淫乱,5.510204
淫威,3.125
引爆,5.727273
引出,4.8
引导,6.225379
引得,3.783505
引渡,4.086957
引发,5.32
引号,6.0
引火烧身,4.897959
引见,4.72
引荐,5.441176
引进,6.457143
引经据典,5.083333
引咎辞职,4.380952
引吭高歌,5.0
引来,5.459184
引狼入室,5.363636
引力,5.185185
引领,5.769231
引路,5.642857
引起,5.992143
引擎,5.230769
引燃,5.375
引人入胜,5.28
引人注目,5.290323
引入,6.178571
引申,4.833333
引述,4.64
引水,5.571429
引水渠,5.217391
引向,5.5
引言,4.76
引以为戒,5.727273
引用,5.5
引诱,6.0
引援,4.045455
引资,4.16
饮酒,5.5
饮料,6.787879
饮品,6.5
饮泣,3.346154
饮食,6.48
饮水,6.5
饮水思源,5.227273
饮用,6.375
饮鸩止渴,4.695652
隐蔽,6.0
隐藏,6.04
隐恶扬善,4.26087
隐含,5.125
隐患,5.769231
隐晦,5.607143
隐居,5.272727
隐瞒,6.148148
隐秘,6.058824
隐匿,4.976496
隐身,5.391304
隐士,5.086957
隐私,6.411765
隐退,5.5625
隐形,5.25
隐形眼镜,5.869565
隐性,5.434783
隐姓埋名,5.367347
隐隐,5.691667
隐隐约约,5.708333
隐忧,5.222222
隐约,5.96
瘾君子,4.565217
印度,5.48
印发,4.52381
印痕,5.460526
印花,5.304348
印记,5.24
印迹,6.428571
印鉴,4.16
印刷,5.444444
印刷品,6.148148
印堂,4.671429
印象,6.571429
印象派,4.815789
印有,3.851852
印章,5.730769
印证,5.535714
印制,5.090909
英镑,4.5
英才,5.428571
英国,6.130435
英军,3.192308
英俊,6.558824
英明,5.590909
英文,6.2
英武,4.148148
英雄,5.923077
英勇,5.84
英语,6.608696
英姿,5.807692
英姿飒爽,5.592593
莺歌燕舞,4.628571
婴儿,6.5
婴儿期,5.333333
罂粟,5.375
樱花,5.518519
樱桃,5.8
鹦鹉,5.888889
鹦鹉螺,3.045455
鹦鹉学舌,5.173913
鹰爪,4.72
迎宾,5.16
迎春,5.916667
迎合,6.466667
迎击,4.36
迎接,6.607143
迎客,5.36
迎来,5.583333
迎面,6.636364
迎娶,5.44
迎刃而解,4.88
迎头,5.227273
迎新,5.72
迎战,5.25
荧光,5.541667
荧幕,5.869565
荧屏,5.014286
盈亏,5.434783
盈利,5.636364
盈余,4.238095
萤火虫,5.74359
营地,5.020408
营火,4.074074
营火会,3.5
营救,6.17037
营利,6.5
营区,4.407407
营收,4.095238
营私舞弊,4.695652
营销,6.346154
营养,5.96
营养师,5.44
营业,6.571429
营业部,5.671053
营运,5.227273
营造,5.5
萦绕,5.08
楹联,3.477381
蝇营狗苟,2.815789
赢得,5.185714
赢家,5.271429
赢利,5.375
影城,5.409091
影帝,6.035714
影后,5.702128
影迷,5.444444
影片,6.24
影评,6.0
影射,4.0
影视,6.636364
影坛,5.086957
影响,6.642857
影响力,5.73913
影像,5.666667
影星,5.0
影业,5.208333
影音,5.6
影印,4.56
影院,6.0
影展,4.888889
影子,6.555556
应变,5.478261
应承,3.964286
应酬,5.807692
应答,5.64
应当,6.136364
应得,5.695652
应对,6.558824
应付,6.371429
应该,5.925926
应急,5.794118
应接不暇,5.212766
应届,5.6
应聘,6.5
应声,4.8
应试,4.826087
应验,4.555556
应邀,5.703704
应用,6.111111
应用科学,4.4
应有,4.47619
应有尽有,5.478261
应允,5.71875
应运而生,5.30303
应战,4.961538
应征,4.434783
映衬,5.695106
映射,4.333333
映照,5.925926
硬币,6.676471
硬度,5.740741
硬汉,5.24
硬化,4.64
硬件,6.323529
硬朗,6.285714
硬盘,5.4
硬拼,5.818182
硬伤,5.0
硬性,5.166667
硬仗,5.22
佣工,4.22449
佣金,5.52
拥抱,6.558824
拥戴,6.057143
拥堵,6.0
拥趸,2.25
拥护,6.382353
拥挤,6.571429
拥有,6.538462
庸才,5.545455
庸碌,5.222222
庸人自扰,5.074074
庸俗,6.0
雍容,3.833333
慵懒,6.272727
臃肿,5.071429
永别,5.8
永垂不朽,4.857143
永恒,5.96
永久,6.742857
永眠,3.88
永世,5.157895
永远,6.269231
泳池,5.857143
泳镜,5.636364
泳衣,5.666667
勇夺,5.0
勇敢,6.227273
勇猛,6.171429
勇气,6.520604
勇士,5.966667
勇往直前,5.6
勇武,6.133333
勇于,6.588235
涌出,5.208333
涌动,4.90625
涌入,5.590909
涌现,6.071429
踊跃,5.68661
用兵,5.17
用餐,6.24
用场,4.714286
用处,6.633333
用地,4.938776
用电,6.214286
用法,5.96
用房,4.340426
用工,5.25
用功,6.185185
用户,6.714286
用尽,5.666667
用具,5.625
用来,5.923077
用力,6.273352
用量,5.447368
用料,5.375
用品,6.307692
用人,5.727273
用途,5.92
用心,6.5
用刑,5.090909
用药,5.807692
用意,5.59375
用于,5.552632
用语,5.36
用作,5.73913
优待,5.941176
优点,6.529412
优厚,6.366667
优化,5.958333
优惠,6.75
优惠价,6.130435
优良,5.62963
优劣,5.878788
优美,6.5
优柔寡断,5.772727
优胜,5.043478
优胜劣汰,5.52
优胜者,5.933333
优势,6.7
优先,6.307692
优秀,6.5
优选,5.56
优雅,6.566667
优异,6.470588
优于,5.583333
优裕,5.5
优越,6.333333
优哉游哉,5.296296
优质,6.411765
忧愁,6.0
忧国忧民,4.96
忧患,5.307692
忧虑,6.636364
忧伤,6.4
忧心,5.478261
忧心如焚,5.666667
忧郁,6.393939
幽暗,5.64
幽谷,5.566667
幽会,3.625
幽禁,4.25
幽径,4.909091
幽静,5.964286
幽灵,5.730769
幽默,6.666667
幽默感,5.833333
幽深,5.076923
幽邃,4.40625
幽香,6.030303
幽雅,6.266667
幽怨,4.571429
悠久,5.875
悠然,4.913043
悠然自得,5.954545
悠闲,6.392857
悠扬,5.24
悠悠,5.692308
悠远,4.333333
悠长,5.84
尤其,6.272727
尤为,5.678571
由此,4.907895
由来,5.666667
由内而外,5.75
由始至终,5.028571
由于,6.542857
由衷,5.72
邮编,6.074074
邮差,5.423077
邮购,5.375
邮寄,6.038462
邮件,5.8
邮局,5.407407
邮轮,5.333333
邮票,6.333333
邮筒,5.807692
邮箱,6.5
邮政,6.375
邮政局,5.77551
犹如,5.884615
犹豫,6.714286
犹豫不决,5.826087
油菜,6.685714
油灯,5.785714
油公司,4.041667
油罐,5.391304
油耗,5.028571
油画,6.5
油价,5.875
油亮,4.962963
油轮,5.291667
油门,5.391304
油墨,5.821429
油腻,6.5
油品,3.913043
油漆,6.164683
油气,4.454545
油腔滑调,4.84
油田,4.521739
油条,5.958333
油污,5.757576
油箱,5.545455
油压,4.0
油烟,6.142857
油炸,5.869565
油脂,5.285714
油嘴滑舌,5.772727
鱿鱼,5.521739
游伴,5.392857
游船,5.510204
游荡,5.32
游逛,5.555
游行,6.181818
游击,5.568783
游击战,5.608696
游记,5.392857
游客,6.269231
游览,6.628571
游乐,5.703704
游乐场,6.04
游离,5.24
游历,5.52
游轮,5.347826
游牧民,4.347826
游人,4.592593
游刃有余,5.296296
游手好闲,5.583333
游说,5.533333
游艇,5.166667
游玩,6.0
游戏,6.733333
游学,5.62963
游艺会,4.380952
游泳,6.074074
游泳池,5.514286
游园,4.791667
游资,3.333333
游走,5.884615
友爱,5.730769
友邦,4.826087
友好,6.7
友情,6.735294
友人,6.733333
友善,6.518519
友谊,6.666667
友谊赛,6.095238
有板有眼,5.107143
有备无患,5.454545
有偿,5.848485
有朝一日,5.826087
有待,5.208333
有的,5.740741
有的放矢,3.881579
有的是,5.583333
有点,6.04
有毒,5.833333
有福,5.69697
有功,5.375
有关,6.492593
有害,6.0
有机,5.73913
有教无类,5.714286
有劲,6.153846
有空,5.74
有口皆碑,4.904762
有劳,4.875
有理,6.514286
有力,6.205882
有利,6.436508
有名,6.666667
有名无实,4.952381
有目共睹,5.448718
有气无力,5.208333
有钱,6.245614
有求必应,5.884615
有趣,6.118125
有如,4.2
有色,5.307692
有声有色,5.625
有失,4.565217
有时,6.714286
有始无终,5.904762
有始有终,6.107143
有事,6.047619
有恃无恐,5.392857
有数,5.434783
有损,5.652174
有条不紊,5.909091
有望,5.32
有为,5.529412
有违,5.192308
有误,4.857143
有喜,5.62963
有限,5.90625
有限公司,5.916667
有线,5.407895
有效,6.5
有些,5.592593
有心,5.75
有心人,5.5
有幸,6.323529
有序,6.222222
有血有肉,5.583333
有言在先,5.666667
有益,6.441176
有意,6.088235
有意思,6.227273
有用,6.25
有余,5.045455
有缘,5.708333
有着,5.18
有助,6.0
黝黑,4.851852
又惊又喜,5.12
右边,6.461538
右倾,5.391304
右手,6.56
右腿,6.5
右眼,5.52381
右翼,4.428571
幼虫,5.192308
幼儿,6.538324
幼儿教育,5.782609
幼儿园,5.76
幼龄,5.478261
幼苗,6.045455
幼童,5.553191
幼小,6.590909
幼稚,6.733333
诱导,6.166667
诱饵,5.521739
诱发,4.851852
诱惑,6.5
诱骗,5.833333
诱人,6.08
诱因,5.115385
迂腐,4.961538
迂回,5.941176
淤积,4.37037
淤泥,5.202727
淤血,5.608696
于事无补,4.934211
于是,5.884615
于心不忍,5.5
余波,4.44
余地,6.228571
余额,6.333333
余力,4.72
余年,4.571429
余热,5.22449
余生,5.4
余下,4.84
余音绕梁,5.403846
余韵,5.020408
余震,4.47619
鱼儿,6.0
鱼饵,6.111111
鱼肝油,5.38
鱼竿,5.24
鱼缸,5.545455
鱼钩,5.48
鱼贯而入,4.75
鱼雷,4.375
鱼类,6.0
鱼鳞,5.642857
鱼龙混杂,4.888889
鱼米之乡,5.347826
鱼目混珠,5.041667
鱼肉,5.869565
鱼塘,5.583333
鱼网,5.217391
鱼虾,6.26
鱼油,5.2
娱乐,6.75
娱乐业,5.857143
渔船,5.434783
渔村,5.521739
渔港,5.105263
渔具,5.64
渔民,6.061189
渔网,5.821429
渔业,4.730769
渔政,2.897959
逾期,5.416667
逾越,4.92
愉快,6.727273
愉悦,6.518519
瑜伽,5.618421
榆树,4.888889
愚笨,6.107143
愚不可及,5.0
愚蠢,6.323529
愚钝,5.730769
愚公移山,5.571429
愚昧,6.4
愚弄,4.333333
舆论,5.84
舆情,3.777778
与虎谋皮,5.040816
与会,3.956522
与会者,4.296296
与其,5.84375
与人为善,5.714286
与日俱增,5.442308
与世隔绝,5.642857
与世长辞,4.939394
与众不同,5.666667
予以,4.416667
宇航,4.708333
宇航员,5.863636
宇宙,5.954545
羽毛,6.485714
羽毛球,6.166667
羽绒,5.88
羽翼,5.695652
雨点,6.566667
雨过天晴,5.0
雨后春笋,4.884615
雨量,5.333333
雨露,5.6
雨伞,6.481481
雨水,6.285714
雨天,6.363636
雨雪,6.576923
雨衣,6.558824
语法,6.363636
语境,5.060606
语句,6.393939
语录,5.76
语气,5.8
语调,6.090909
语文,6.705882
语无伦次,5.695652
语焉不详,4.173913
语言,6.423077
语言学,5.121212
语音,6.555556
语重心长,5.606061
玉露,3.16
玉米,6.657308
玉女,3.916667
玉器,5.230769
玉石,5.208333
玉石俱焚,4.952381
郁闷,6.323529
郁郁葱葱,5.727273
郁郁寡欢,5.5
育才,4.76
育儿,5.16
育婴,4.48
育种,4.666667
狱卒,4.238095
浴场,5.142857
浴缸,5.894737
浴室,6.304348
浴衣,5.54
预案,4.730769
预报,6.75
预备,6.153846
预测,6.441176
预订,6.12
预定,6.399621
预防,5.925926
预防针,6.375
预付,5.666667
预感,6.62963
预告,6.558824
预估,5.545455
预计,6.258242
预见,5.52
预警,5.814815
预科,5.086957
预料,6.181818
预留,5.192308
预谋,5.714286
预期,6.28
预热,5.125
预赛,5.434783
预设,4.814815
预示,6.333333
预售,5.92
预算,6.176471
预算案,5.090909
预先,5.90625
预想,6.041667
预言,5.72
预约,6.75
预兆,6.185185
预知,5.565789
预祝,5.833333
域名,4.227273
欲罢不能,4.714286
欲盖弥彰,5.291667
欲壑难填,2.833333
欲哭无泪,4.885714
欲擒故纵,5.163265
欲望,6.642857
遇到,6.173913
遇害,5.44
遇见,6.6
遇难,5.192308
遇险,6.25
御赐,5.0
御寒,5.391304
御医,4.257143
御用,4.714286
寓言,6.266667
寓意,5.92
愈合,6.5
愈加,6.214286
誉为,5.130435
鸳鸯,5.555556
冤仇,5.628571
冤家,5.074074
冤家路窄,5.923077
冤情,5.24
冤屈,6.107143
冤枉,6.416667
冤狱,4.26087
渊博,5.807692
渊源,6.095238
元旦,6.647059
元件,3.969697
元老,5.347826
元年,4.125
元气,6.047619
元首,5.709002
元帅,6.458333
元素,6.296296
元宵,6.634259
元宵节,6.5
元凶,4.5
元音,4.826087
园地,6.357143
园丁,6.148148
园林,5.933333
园区,5.333333
园艺,5.909091
园长,5.5
员工,6.12
原版,5.807692
原本,6.0
原产地,5.807692
原创,6.0
原地,5.868421
原点,5.208333
原定,4.448718
原封不动,5.36
原稿,5.333333
原告,6.541667
原籍,5.460526
原价,5.977778
原件,5.324324
原来,6.607143
原理,6.484848
原谅,6.787879
原料,6.0
原貌,5.733333
原名,5.454545
原判,4.869565
原生态,4.961538
原始,5.333333
原委,4.64
原文,6.208333
原先,6.428571
原形,5.925926
原形毕露,4.961538
原型,6.424242
原野,5.392857
原意,6.333333
原因,6.75
原油,4.555556
原有,5.916667
原则,6.454545
原汁原味,5.36
原址,4.590909
原著,6.25
原装,5.095238
原状,5.772727
原子,4.666667
原子笔,3.653061
原子弹,5.041667
原子能,4.555556
原罪,5.5
原作,5.304348
圆规,5.846154
圆滑,5.923077
圆溜溜,4.885714
圆满,6.411765
圆梦,6.151515
圆圈,6.392857
圆润,6.533333
圆形,6.285714
圆周,5.526316
圆周率,5.869565
圆桌,6.153846
援兵,4.692308
援建,4.285714
援手,5.608696
援引,4.791667
援助,5.923077
缘分,6.411765
缘故,5.52
缘木求鱼,3.5
缘起,4.875
缘由,5.32
缘于,5.125
猿猴,5.316327
源流,4.409091
源泉,5.64
源头,6.266667
源于,5.350877
源源不断,5.3
源远流长,4.9
源自,5.521739
远程,5.4
远处,6.588235
远大,6.259259
远方,6.444444
远房亲戚,5.47619
远古,5.423077
远行,5.424242
远航,5.0
远见,5.074074
远见卓识,4.878788
远近,6.407407
远景,5.888889
远离,5.666667
远亲,5.4
远去,5.666667
远眺,5.12
远洋,5.333333
远洋轮,4.16
远远,5.0
远在,4.363636
远征,5.434211
远走高飞,5.956522
远足,4.521739
怨恨,5.68
怨声载道,5.304348
怨天尤人,4.878788
怨言,5.464286
院方,4.681818
院落,6.30303
院士,5.32
院所,4.36
院团,3.958333
院系,5.608696
院线,4.875
院校,5.714286
院长,5.32
院子,6.571429
愿景,3.730769
愿望,6.290625
愿意,6.552857
约定,6.03125
约定俗成,5.083333
约法三章,5.04
约好,5.877193
约会,6.457143
约见,5.086957
约束,6.285714
约数,4.826087
月饼,6.833333
月初,5.347826
月底,5.714286
月份,6.662963
月供,5.130435
月光,6.607143
月黑风高,5.478261
月经,5.875
月刊,4.916667
月历,4.826087
月亮,6.657143
月球,6.0
月全食,5.043478
月嫂,5.608696
月色,6.411765
月食,5.090909
月台,4.197368
月薪,5.807692
月牙,5.653846
月夜,4.852941
岳父,6.074074
岳母,5.966667
阅兵,5.392857
阅读,6.757576
阅卷,5.703704
阅览室,5.68
阅历,5.769231
悦耳,6.316667
跃动,4.428571
跃居,4.657895
跃起,5.421053
跃升,5.291667
跃跃欲试,5.185185
越发,6.0
越过,5.057143
越级,4.714286
越剧,4.130435
越南,5.428571
越位,4.964286
越洋,5.022727
越野,5.608696
越野车,5.636364
越狱,5.428571
越狱犯,4.76
越战,4.363636
粤剧,4.92
粤语,5.625
晕倒,5.652174
晕头转向,5.833333
云彩,6.321429
云层,5.282051
云端,5.242424
云朵,5.851852
云海,4.367347
云集,3.565217
云雀,5.038462
云梯,5.086957
云雾,6.153846
云霞,5.797009
云消雾散,5.535714
云霄,5.848485
云游,5.197368
匀称,6.484848
允诺,6.25
允许,5.906875
陨落,6.416667
陨石,4.653846
陨石坑,5.25
孕妇,5.807692
孕吐,5.454545
孕育,5.807692
运程,3.434783
运筹帷幄,5.521739
运到,5.171053
运抵,3.478261
运动,6.794118
运动场,6.115385
运动会,5.952381
运动量,5.869565
运动鞋,5.833333
运动员,5.695652
运费,6.044444
运行,5.571429
运河,5.545455
运回,4.916667
运价,4.04
运力,4.375
运气,6.538462
运球,5.478261
运输,6.323529
运输业,5.478261
运送,6.382353
运算,5.695652
运往,5.431373
运营,6.074074
运用,6.742857
运载,5.884615
运转,5.866667
运作,5.545455
酝酿,6.338235
愠怒,3.671429
愠色,4.125
韵律,5.428571
韵母,4.285714
韵味,6.458333
韵致,5.205882
蕴藏,6.029412
蕴含,6.433333
熨斗,5.625
匝道,3.612245
咂嘴,4.222222
杂草,5.76
杂费,5.0
杂技,5.84
杂技团,5.315789
杂交,6.0
杂乱,6.029412
杂乱无章,4.814286
杂念,6.542857
杂色,4.64
杂食,4.836735
杂芜,3.916667
杂务,4.964286
杂物,5.836735
杂志,6.24
杂志社,5.521739
杂质,5.384615
砸碎,5.478261
砸中,5.769231
咋舌,4.809524
灾害,5.555556
灾祸,4.814815
灾民,5.153846
灾难,6.296296
灾情,5.48
灾区,5.535714
栽培,6.111111
栽赃,5.304348
栽种,5.785714
仔细,5.995625
载歌载舞,5.666667
载货,5.08
载客,4.571429
载入,5.625
载体,6.266667
载有,4.272727
载重,5.75
宰割,4.96
宰杀,5.59375
宰相,5.24359
再次,6.346154
再会,5.375
再婚,5.521739
再见,6.815476
再接再厉,5.333333
再三,5.1875
再审,4.535714
再生,5.529412
再现,5.535714
再造,5.75
在场,6.2
在岗,5.678571
在行,5.333333
在乎,6.461538
在即,4.363636
在家,6.545455
在建,4.44
在劫难逃,5.666667
在世,5.82
在所不惜,5.5
在逃,4.869565
在望,4.391304
在位,5.47619
在先,4.24
在线,6.464286
在校,6.230769
在押,3.416667
在意,6.107143
在职,5.72
在座,5.776316
咱们,6.727513
攒动,4.868421
暂定,5.52
暂行,5.190476
暂缓,5.52
暂且,6.424242
暂时,6.409341
暂停,6.533333
暂住,5.666667
赞不绝口,5.371429
赞成,6.538462
赞成票,5.791667
赞歌,5.571429
赞美,6.538324
赞美诗,5.04
赞赏,5.730769
赞颂,5.235294
赞叹,6.6
赞同,6.62963
赞许,6.606061
赞扬,6.481481
赞誉,6.305952
赞助,6.392857
赞助商,5.708333
赃款,4.96
赃物,5.166667
脏话,6.24
脏器,4.583333
葬礼,6.666667
葬送,6.029412
遭到,5.695652
遭际,2.62963
遭受,5.96875
遭殃,5.48
遭遇,6.323529
糟糕,6.444444
糟践,5.444444
糟粕,4.884615
糟蹋,5.857143
早报,4.956522
早餐,6.740741
早操,6.6
早产,5.510204
早晨,6.8
早春,6.464286
早点,6.36
早饭,6.846154
早教,4.829787
早年,6.111111
早盘,4.434211
早期,5.0
早起,6.304348
早上,6.730769
早晚,6.346154
早已,5.346154
早于,5.727273
澡堂,5.958333
灶台,5.909091
造成,6.115385
造船,5.73913
造反,5.8
造访,5.357143
造福,5.923077
造化,5.0
造假,6.176471
造价,5.208333
造就,5.59188
造林,4.708333
造孽,5.714286
造势,4.48
造物主,5.333333
造型,6.607143
造血,5.25
造谣,5.142857
造诣,5.571429
造纸,5.375
噪声,5.583333
噪音,6.038462
燥热,6.5
躁动,5.2
责备,6.175408
责编,3.78
责成,3.36
责罚,5.565217
责怪,6.08
责令,5.416667
责任,6.653571
责任感,5.875
责无旁贷,5.478261
择偶,5.956522
择校,4.571429
择业,4.75
择优,5.090909
贼船,4.666667
贼头贼脑,5.447368
怎么,6.227273
怎么样,6.042857
怎样,6.433333
增补,4.333333
增产,4.565217
增持,4.484848
增大,5.608696
增多,6.12
增发,5.478261
增幅,5.306122
增高,5.62
增光,5.444444
增加,6.381818
增减,5.46
增进,5.538462
增量,4.742857
增派,3.653846
增配,4.666667
增强,6.441176
增设,4.818182
增生,5.5
增收,5.962963
增速,4.88172
增添,6.212121
增效,5.0
增压,4.681818
增援,5.521739
增长,6.458333
增值,5.590909
增资,4.608696
憎恶,5.818182
憎恨,6.166667
锃亮,5.382353
赠品,5.913043
赠送,6.369505
赠与,5.230769
扎堆,5.08
扎根,4.88
扎实,5.766667
渣土,3.708333
渣滓,4.285714
札记,4.64
闸门,5.48
眨巴,5.69697
眨眼,5.96
诈骗,6.407407
栅栏,6.266667
炸弹,5.892857
炸鸡,5.956522
炸伤,4.73913
炸药,5.954545
蚱蜢,5.0
榨取,4.925926
斋戒,4.212121
摘除,5.5
摘得,4.333333
摘掉,5.478261
摘录,5.55102
摘牌,4.73913
摘取,5.666667
摘要,6.041667
摘自,5.791667
宅门,4.95
宅男,5.414286
宅院,5.478261
窄小,6.294118
债权,5.0
债权人,4.642857
债券,5.578947
债市,3.628571
债台高筑,3.771429
债务,5.6
债主,5.347826
寨主,4.892857
沾染,5.818182
沾沾自喜,5.787879
毡帽,4.259259
粘膜,5.25
粘贴,6.157895
粘土,5.18
粘液,4.857143
瞻前顾后,5.347826
瞻仰,6.114286
斩草除根,5.673469
斩钉截铁,5.0
斩首,5.681818
展板,4.785714
展翅高飞,5.458333
展出,5.72
展馆,4.428571
展会,5.142857
展开,6.407407
展览,6.392857
展览馆,5.8
展览会,4.971429
展露,4.863636
展品,5.22
展区,5.394737
展示,6.916667
展台,5.043478
展厅,5.909091
展望,5.779091
展位,4.173913
展现,6.37037
展销,4.04
展演,4.857143
展映,3.956522
崭露头角,5.36
崭新,6.264706
辗转,6.107143
辗转反侧,6.047619
占便宜,5.434783
占卜,4.708333
占到,5.75
占地,5.041667
占据,5.909091
占领,6.515152
占领区,5.0
占星,3.961538
占星术,4.032258
占用,5.666667
占优,3.913043
占有,6.485714
占有率,5.041667
栈道,4.175258
战罢,4.25
战报,5.0
战备,6.0
战场,6.037037
战车,4.166667
战斗,5.92
战斗力,5.857143
战法,3.695652
战国,6.541667
战果,4.897959
战火,4.666667
战火纷飞,5.25
战祸,4.28
战机,5.30303
战绩,5.73913
战舰,5.461538
战将,4.12
战局,5.0
战栗,5.409091
战乱,5.304348
战略,6.133333
战幕,4.576923
战袍,5.409091
战平,2.913043
战区,4.918367
战胜,5.8125
战士,5.665954
战事,4.190476
战术,5.571429
战无不胜,5.857143
战线,4.88
战役,6.235294
战友,6.148148
战战兢兢,4.757143
战争,6.571429
站点,5.12
站岗,5.882353
站立,6.32
站牌,5.307692
站台,6.433333
站位,5.382979
站稳,5.782609
站长,5.636364
绽放,5.851852
绽开,5.885714
湛蓝,5.16
张灯结彩,5.608696
张冠李戴,5.428571
张开,6.043478
张口,5.64
张口结舌,4.916667
张力,4.52381
张罗,5.730769
张贴,6.061905
张望,6.393939
张牙舞爪,5.428571
张扬,5.857143
张嘴,5.904762
章程,4.5
章节,5.608696
章鱼,6.074074
彰显,5.625
樟脑,4.04
蟑螂,5.44
长辈,6.714286
长成,5.590909
长城,6.196875
长处,6.423077
长传,2.791667
长达,5.428571
长大,6.541667
长笛,5.409091
长度,6.714286
长短,6.6
长发,6.363636
长方形,6.24
长官,5.73913
长河,5.666667
长话短说,5.407407
长假,5.92
长进,5.52
长颈鹿,5.56
长久,6.470588
长卷,4.28
长空,5.666667
长裤,5.826087
长廊,5.34
长矛,4.904762
长眠,6.205882
长命百岁,5.380952
长年,5.75
长年累月,5.28
长跑,5.625
长篇,5.619048
长期,5.730769
长青,3.657143
长驱直入,3.96
长裙,6.384615
长势,4.384615
长寿,5.703704
长途,6.746324
长途跋涉,5.541667
长相,6.0
长效,4.923077
长啸,4.772727
长袖善舞,4.772727
长吁短叹,4.956522
长夜,6.4
长幼有序,5.0
长于,4.139785
长远,5.76
长者,6.181818
长征,6.5
长治久安,5.708333
长子,5.625
长足,3.657895
涨潮,6.457143
涨跌,5.217391
涨幅,4.913043
涨价,6.181818
涨势,5.285714
涨停,5.190476
掌舵,4.782609
掌故,4.676471
掌管,5.952381
掌柜,5.966667
掌控,6.222222
掌门人,5.393939
掌权,5.5
掌声,6.352941
掌纹,4.957143
掌握,5.888889
丈夫,5.518519
丈量,4.676471
仗势欺人,5.814815
仗义,5.807692
仗义疏财,4.897959
仗义执言,5.1
帐号,6.130435
帐户,5.973684
帐幕,3.708333
帐篷,6.045455
帐子,5.090909
账本,5.608696
账单,6.0
账号,6.71875
账户,6.6
账面,4.434783
账目,4.892857
障碍,5.818182
瘴气,3.826087
招标,4.878917
招兵,4.92
招兵买马,5.061224
招待,5.76
招工,5.347826
招供,5.407407
招股,3.96
招呼,6.307692
招考,4.6
招徕,3.230769
招揽,5.794118
招录,4.583333
招募,5.846154
招牌,6.535714
招聘,6.791667
招聘会,5.710526
招惹,6.148148
招认,4.347826
招商,5.964286
招生,5.708333
招收,5.852941
招手,6.607143
招数,5.642963
招摇,4.708333
招摇过市,5.346939
招摇撞骗,5.434783
招引,5.571429
招致,4.371429
招租,4.72
昭然若揭,3.842105
昭示,5.0
昭雪,4.309524
昭彰,3.962963
爪牙,5.217391
爪子,6.481481
找到,5.87234
找回,5.521739
找寻,5.1875
找找,5.318182
沼气,5.125
沼泽,6.321429
召唤,6.25
召回,5.777778
召集,6.321429
召集人,4.782609
召见,4.333333
召开,6.411765
召募,5.030303
兆头,5.043478
照搬,5.851852
照办,5.32
照本宣科,4.521739
照常,6.37037
照顾,6.892857
照旧,6.166667
照看,5.733333
照例,5.59375
照亮,6.291667
照料,5.769231
照猫画虎,4.723404
照明,6.142857
照明灯,5.925926
照片,6.818182
照射,5.777778
照相,6.78125
照样,6.2
照耀,6.470588
照应,6.470588
照着,5.64
肇事,4.964286
遮蔽,5.464286
遮丑,5.458333
遮挡,5.56
遮风挡雨,5.4
遮盖,5.772727
遮天蔽日,5.178571
遮掩,6.366667
遮阳,5.75
遮住,5.047619
折叠,5.866667
折断,5.434783
折返,5.615385
折服,6.708333
折合,4.557143
折价,5.037037
折旧,4.821429
折扣,6.515152
折磨,5.68
折射,5.833333
折算,4.877551
折损,4.703704
折腾,5.954545
哲理,6.3125
哲学,6.178571
哲学系,5.521739
蛰伏,4.083333
褶皱,4.8
这般,5.102041
这边,6.36
这个,6.037037
这里,6.153846
这么,6.428571
这些,6.576923
这样,6.535714
这种,6.043478
蔗糖,5.6
鹧鸪,3.208333
着火,6.308824
着急,6.25
着力,5.6
着凉,6.291667
着陆,6.625
着落,5.772727
着迷,5.75
着色,4.884615
着实,5.964286
着手,6.352941
着想,5.545455
着眼,5.888889
着眼点,4.555556
着重,5.36
着装,5.142857
贞操,5.5
贞洁,5.821429
针对,6.466667
针锋相对,4.871429
针灸,6.0
针孔,5.428571
针线,5.884615
侦办,4.346939
侦查,5.428571
侦察,5.090909
侦破,5.0
侦探,5.764706
珍爱,4.952381
珍宝,6.041667
珍藏,6.714286
珍贵,6.037037
珍品,5.291667
珍奇,5.545455
珍视,6.107143
珍惜,6.148148
珍稀,5.5625
珍异,4.279375
珍重,6.606061
珍珠,5.88
真才实学,5.608696
真诚,6.633333
真谛,6.029412
真话,6.227273
真迹,5.565217
真假,6.272727
真菌,5.045455
真空,5.769231
真理,5.92
真面目,5.863636
真皮,5.653846
真凭实据,5.969697
真切,6.214286
真情,6.2
真人,5.55102
真实,6.727273
真伪,5.583333
真相,6.407407
真心,6.04
真心实意,5.385714
真正,5.53125
真知灼见,3.652174
真挚,5.583333
砧板,5.185185
斟酌,5.5
甄别,4.961538
甄选,4.952381
榛子,4.16
箴言,3.571429
诊断,6.514286
诊疗,5.2
诊室,4.904762
诊所,6.1875
诊治,5.042857
枕头,6.7
缜密,5.043478
阵地,4.962963
阵风,4.956522
阵脚,5.25
阵容,6.065934
阵势,5.888889
阵痛,5.521739
阵亡,4.962963
阵型,4.423077
阵营,6.457143
阵雨,5.485714
振荡,4.454545
振动,5.541667
振奋,6.3
振奋人心,5.615385
振兴,6.342857
振振有词,5.208333
振作,6.441176
震颤,6.264706
震荡,6.12704
震动,6.227273
震耳欲聋,5.6
震感,4.929825
震撼,6.066667
震惊,6.606061
震怒,5.678571
震慑,6.228571
震源,4.125
震中,3.818182
镇定,6.708333
镇静,6.433333
镇静剂,4.869565
镇守,4.821429
镇痛,4.869565
镇压,5.966667
镇长,5.878788
争霸,5.065789
争辩,6.133333
争吵,6.466667
争斗,5.25
争端,6.2
争夺,6.916667
争分夺秒,4.904762
争风吃醋,5.391304
争冠,5.3
争光,5.740741
争论,6.296296
争鸣,5.318182
争气,5.238095
争抢,5.545455
争取,6.481481
争权夺利,5.178571
争先,6.264706
争先恐后,5.73913
争相,5.571429
争议,6.555556
争议性,5.571429
争执,6.04
征兵,5.391304
征兵制,4.541667
征程,5.461538
征得,5.478261
征地,4.0
征服,6.366667
征管,3.086957
征婚,5.478261
征集,6.264706
征求,6.454545
征收,4.9375
征税,4.75
征途,5.029412
征文,6.545455
征询,4.695652
征用,5.434783
征战,5.130435
征兆,4.785714
狰狞,5.666667
睁开,5.736842
蒸发,5.9425
蒸馏,5.26087
蒸汽,5.306122
蒸汽机,5.304348
蒸蒸日上,5.952381
拯救,5.96875
整版,4.25
整备,4.515152
整顿,5.88
整改,5.125
整个,6.047619
整合,6.366667
整机,2.5
整洁,6.460956
整理,6.678571
整齐,6.357143
整容,6.205882
整数,6.148148
整套,5.407407
整体,6.529412
整天,5.869565
整形,5.041667
整修,5.535714
整整,5.964286
整治,6.107143
整装待发,5.36
正版,6.407407
正本清源,4.090909
正比,5.014286
正步,6.266667
正餐,6.148148
正常,6.791667
正大光明,5.36
正当,6.178571
正道,5.454545
正方,5.5
正方体,6.030303
正方形,6.105263
正逢,5.315789
正负,5.608696
正规,6.558824
正规军,4.285714
正轨,5.704082
正好,6.392857
正襟危坐,4.730769
正经,6.382222
正门,5.36
正面,5.666667
正名,4.76
正派,5.88
正品,5.913043
正气,6.147059
正气凛然,4.958333
正巧,5.3125
正确,6.705882
正人君子,5.592105
正色,4.909091
正式,6.136364
正视,6.147059
正是,5.296296
正数,5.47619
正统,5.653846
正文,6.107143
正午,6.464286
正义,6.56
正义感,6.0
正月,6.392857
正在,6.423077
正着,4.869565
正直,6.36
正值,5.583333
正职,5.107143
正中,4.36
正中下怀,4.897959
正宗,5.730769
证词,5.136364
证号,5.037037
证件,6.7
证据,6.666667
证明,5.888889
证券,4.884615
证券业,3.666667
证人,5.333333
证实,6.535714
证书,6.644831
证物,5.061224
证言,5.347826
证照,5.142857
郑重,6.294118
政变,5.136364
政策,6.0
政党,5.470588
政敌,5.111111
政府,6.3
政府部门,6.384615
政纪,5.26087
政绩,5.166667
政见,4.842105
政界,4.791667
政局,4.897959
政客,5.208333
政权,5.65625
政坛,4.809524
政通人和,3.875
政务,5.272727
政协,5.666667
政要,4.25
政治,6.12
政治局,5.416667
挣钱,6.566667
挣脱,6.214286
挣扎,6.353704
症结,4.0
症状,5.846154
之后,6.566667
之际,3.56
之间,6.392857
之类,5.227273
之前,6.346154
之所以,5.130435
支部,4.772727
支撑,6.166667
支持,6.647059
支持率,6.0
支出,6.166667
支点,5.484848
支队,4.36
支付,6.68
支行,5.26087
支架,5.583333
支教,5.52381
支离破碎,4.657143
支流,6.454545
支农,2.555556
支配,6.515152
支票,5.695652
支票簿,4.538462
支气管,5.484848
支取,4.73913
支使,5.323529
支吾,5.909091
支线,4.32
支援,5.954545
支招,4.969697
支柱,5.65625
只得,5.407407
只顾,6.1
只管,6.107143
只好,6.228571
只见,4.342857
只身,5.428571
只是,6.733333
只言片语,5.5
只要,6.5
只用,5.363636
只有,6.54881
汁液,5.151709
芝麻,5.545455
芝士,6.0
枝繁叶茂,5.708333
枝节,5.304348
枝条,6.038462
枝丫,5.454545
枝叶,6.15625
知道,6.75
知恩图报,5.923077
知法犯法,5.814815
知会,3.791667
知己,6.4
知己知彼,5.333333
知觉,6.0
知了,6.205882
知名,5.875
知难而进,4.576923
知难而退,5.652174
知情,6.16
知趣,6.321429
知识,6.36
知识分子,6.423077
知晓,5.967708
知心,5.813725
知心人,4.761905
知音,6.5
知足,6.357143
知足常乐,5.608696
肢解,5.966667
肢体,5.595238
织布,5.27027
织物,4.90625
脂肪,6.16
脂粉,5.357143
蜘蛛,6.407407
执笔,5.434783
执导,4.969697
执法,6.214286
执行,5.90625
执黑,3.47619
执教,5.038462
执迷不悟,4.958333
执拗,5.269231
执勤,5.204082
执业,4.711111
执掌,6.424242
执照,5.84
执着,6.0
执政,6.142857
执政党,4.961538
执著,4.666667
直白,5.521739
直奔,4.888889
直播,6.038462
直达,5.888889
直到,6.125
直观,5.228571
直航,3.5
直击,5.083333
直降,4.538462
直角,5.96
直觉,6.6
直接,6.5
直截了当,5.083333
直径,5.153846
直立,5.492165
直流,4.347826
直流电,5.090909
直率,6.371429
直面,5.5
直升机,5.897959
直视,5.695652
直属,5.0
直爽,6.533333
直挺挺,4.230769
直通,4.333333
直辖市,5.434783
直线,5.814815
直销,4.48
直选,4.1
直言,5.347826
直言不讳,4.96
直译,4.26
直至,6.035714
侄女,6.382353
侄子,6.363636
值班,6.481481
值得,6.657143
值钱,6.294118
值勤,6.541667
值日,6.392857
值守,4.969697
职场,5.909091
职称,5.6
职工,6.542857
职级,4.166667
职能,6.5
职权,5.32
职位,5.64
职务,6.484848
职业,6.444444
职业病,6.0
职员,6.545455
职责,6.346154
植被,6.392857
植入,5.333333
植树,6.0
植物,6.714286
植物园,5.625
殖民,4.833333
殖民地,5.619048
止步,5.347826
止跌,3.434783
止咳,5.875
止渴,5.44
止痛,4.628571
止痛药,5.776316
止血,5.636364
止住,5.30303
旨意,5.086957
旨在,4.363636
纸杯,5.657143
纸币,6.617647
纸袋,5.66
纸巾,6.714286
纸上谈兵,5.531915
纸条,6.733333
纸箱,5.73913
纸业,4.653846
纸张,6.636364
纸质,5.88
纸醉金迷,5.041667
指标,6.266667
指出,5.171429
指导,6.657143
指点,6.259259
指定,6.285714
指挥,6.4
指挥棒,5.25
指甲,6.818182
指尖,6.166667
指教,6.666667
指控,5.25
指令,5.24
指鹿为马,5.714286
指名,5.375
指明,4.857143
指南,6.4
指南针,5.75
指派,5.157895
指认,5.772727
指日可待,4.851852
指桑骂槐,5.521739
指使,5.0
指示,5.65625
指手画脚,5.68
指数,5.24
指头,6.411765
指望,5.821429
指纹,6.541667
指向,6.038462
指引,6.037037
指责,6.411765
指摘,2.363636
指针,5.846154
趾高气扬,5.217391
至宝,5.272727
至此,5.166667
至高无上,5.4
至关重要,5.384615
至极,5.541667
至今,5.90625
至理名言,5.5
至亲,6.142857
至上,4.14
至少,6.7
至死不渝,5.708333
至友,5.08
至于,6.407407
至尊,4.47619
志气,5.794118
志趣,6.166667
志同道合,5.666667
志向,6.185185
志愿,5.92
志愿军,5.75
志愿者,6.2
制裁,5.52
制成,5.043478
制订,5.576923
制定,6.2
制动,4.647059
制毒,4.164948
制度,6.558824
制伏,4.5
制服,6.214286
制衡,5.0
制剂,3.791667
制假,4.866667
制冷,5.478261
制片,5.363636
制品,5.34
制胜,5.0
制式,3.607143
制售,4.4
制图,4.680851
制药,5.0
制衣厂,5.28
制约,5.53125
制造,6.0625
制造商,5.928571
制止,6.222222
制作,6.540741
质变,5.347826
质地,5.730769
质感,5.076923
质检,4.740741
质量,6.307692
质料,4.333333
质朴,6.142857
质朴无华,4.814815
质问,6.441176
质询,4.68
质疑,6.058824
炙热,5.214286
炙手可热,5.26087
治安,6.3
治本,5.0
治标,4.826087
治病,6.642857
治病救人,5.48
治国,5.5
治理,6.545455
治疗,6.153846
治水,5.333333
治污,4.346154
治学,4.986842
治愈,6.296296
挚爱,5.414286
挚友,5.703704
桎梏,2.904762
致癌,5.704082
致癌物,5.44
致病,4.833333
致残,4.636364
致辞,5.518519
致电,5.26087
致富,5.962963
致函,3.846154
致敬,6.72619
致力,6.12
致命,5.4
致歉,5.961538
致使,6.035714
致死,5.791667
致谢,5.966667
致信,5.521739
致以,4.962963
致意,6.151515
秩序,5.961538
掷地有声,4.98
痔疮,5.423077
窒息,6.321429
智多星,5.26087
智慧,6.666667
智库,3.521739
智力,6.074074
智能,5.857143
智商,6.678571
智勇双全,5.652174
智障,6.035714
智者,5.666667
滞后,6.090909
滞留,6.1
滞销,4.923077
置办,5.148148
置换,4.740741
置若罔闻,4.26087
置身,5.212121
置身事外,5.26087
置业,3.826087
置于,5.173913
置之不理,5.608696
置之度外,4.727273
稚嫩,6.357143
稚气,6.0
中饱私囊,4.592593
中标,5.181818
中餐,6.848485
中层,5.291667
中产,4.916667
中弹,5.304348
中等,5.64
中毒,6.178571
中断,5.555556
中队,5.130435
中方,5.208333
中风,5.26
中锋,5.576923
中国,6.807692
中国人,6.08
中华,6.481481
中华民族,6.481481
中级,6.625
中坚,4.6
中间,6.628571
中间人,5.52
中奖,6.363636
中介,4.814815
中肯,4.961538
中立,5.958333
中流砥柱,5.761905
中年,5.84375
中盘,3.875
中签,3.708333
中秋,6.678571
中秋节,6.25
中式,5.12
中枢,4.782609
中枢神经,4.740741
中暑,5.68
中水,2.826087
中途,5.925926
中外,5.40625
中卫,4.468085
中文,6.742857
中午,6.576923
中下游,5.692308
中线,5.04
中邪,5.409091
中心,6.115385
中型,5.428571
中性,5.24
中学,6.732955
中旬,5.851852
中央,6.533333
中药,6.53125
中医,6.0
中意,5.47619
中庸,4.68
中雨,5.818182
中原,5.311875
中职,4.666667
中止,5.045455
中指,5.75
中转,5.434783
忠诚,6.678571
忠告,5.869565
忠厚,6.16
忠魂,5.75
忠烈,5.814815
忠实,6.333333
忠孝,5.695652
忠心,5.269231
忠心耿耿,5.911111
忠言逆耳,4.846154
忠义,5.291667
忠于,5.37037
忠贞,6.323529
终场,3.904762
终点,6.095238
终端,4.583333
终归,4.92
终极,4.956522
终结,6.5
终究,6.392857
终了,5.62963
终年,3.923077
终日,5.933333
终身,5.884615
终审,4.458333
终生,6.04
终于,6.785714
终止,6.685714
钟爱,5.652174
钟表,5.73913
钟点,5.178571
钟楼,5.12
钟情,5.652174
钟乳石,4.904762
钟声,6.529412
钟意,5.083333
衷心,6.575758
肿瘤,4.461538
肿胀,5.34
种地,5.851852
种类,6.038462
种粮,4.782609
种群,4.84
种田,6.148148
种业,4.0
种植,6.424242
种子,6.333333
种子选手,4.809524
种族,6.382353
种族歧视,5.22
仲裁,4.72
仲夏,4.56
众多,5.740741
众目睽睽,5.888889
众人,6.455026
众生,5.0
众所周知,6.041667
众星拱月,5.619048
众志成城,5.461538
重磅,5.041667
重病,5.5
重播,5.26087
重创,5.22
重大,6.37037
重担,5.954545
重蹈覆辙,5.686275
重地,4.808511
重点,6.821429
重叠,6.428571
重度,5.956522
重罚,5.230769
重返,6.477941
重犯,5.083333
重逢,5.818182
重负,4.916667
重复,6.558824
重合,5.5
重回,5.608696
重婚,5.217949
重见天日,4.962963
重建,5.047619
重金,5.185185
重金属,5.591837
重力,5.875
重量,6.444444
重启,6.074074
重庆,5.692308
重拳,5.16
重任,5.605263
重伤,5.173913
重赏,5.2
重申,5.705882
重审,5.173913
重生,5.772727
重拾,5.060606
重视,6.771429
重塑,5.62963
重托,5.333333
重温,5.351351
重现,5.642857
重霄,3.28
重心,6.628571
重新,6.566667
重型,4.028571
重压,4.791667
重演,5.809524
重阳,6.208042
重要,6.958333
重用,5.454545
重于泰山,5.54386
重灾区,5.571429
重在,4.32
重振,5.391304
重镇,4.090909
重整,4.625
重整旗鼓,4.925926
重症,5.368421
重组,5.375
州长,4.48
周报,5.347826
周边,5.538462
周到,5.692308
周而复始,5.625
周刊,5.178571
周密,6.148148
周末,6.823529
周年,6.633333
周期,6.04
周期表,4.68
周全,5.692308
周围,6.240714
周薪,4.333333
周旋,5.703704
周游,5.461538
周折,5.25
周转,5.521739
洲际,4.363636
轴承,4.521739
轴距,4.217391
轴心,3.913043
肘弯,3.458333
咒骂,5.933333
咒语,6.294118
昼间,4.576923
昼夜,6.25
皱巴巴,5.384615
皱眉,6.222222
皱纹,5.769231
骤变,4.521739
骤降,4.448718
骤然,6.058824
骤雨,4.878788
朱红,4.863636
朱砂,4.782609
侏儒,4.961538
珠宝,5.48
珠峰,4.555556
珠光宝气,4.814815
珠联璧合,5.074074
株连,4.26087
诸多,5.185185
诸侯,4.238095
诸如,4.608696
诸位,6.285714
猪脚,6.060606
猪肉,6.541667
蛛丝马迹,5.25
蛛网,5.434783
竹竿,6.176471
竹简,5.685714
竹林,6.142857
竹排,3.928571
竹签,5.583333
竹笋,6.037037
竹叶,5.458333
竹子,6.469792
逐步,6.636364
逐出,4.8
逐个,6.117647
逐渐,6.598485
逐年,5.318182
逐一,5.785714
烛光,5.84
主板,5.04
主办,5.428571
主编,5.521739
主播,6.130435
主裁,4.0
主菜,6.090909
主场,5.54
主唱,5.96
主持,5.948718
主持人,5.47619
主厨,5.88
主创,5.636364
主打,5.434783
主导,6.090909
主动,6.542857
主队,5.434783
主犯,4.666667
主妇,5.111111
主干,6.255348
主攻,5.06
主顾,4.5
主观,6.481481
主管,4.92
主婚,4.791667
主机,5.809524
主见,5.409091
主将,4.314286
主讲,5.285714
主角,6.72
主考官,5.72
主力,6.192308
主流,6.542857
主路,4.755102
主脑,4.371429
主仆,4.666667
主权,5.84
主人,5.28
主人公,6.041667
主任,6.485714
主食,6.481481
主使,4.77551
主帅,4.84
主题,6.56
主体,6.142857
主席,6.529412
主线,5.347826
主修,5.285714
主演,6.617647
主要,6.25
主业,5.347826
主页,5.913043
主义,6.235294
主意,5.538462
主因,5.130435
主营,4.714286
主宰,4.925926
主张,6.271164
主政,4.269231
主旨,5.347826
煮饭,5.833333
嘱咐,6.6
嘱托,5.764706
瞩目,5.36
伫立,4.481481
助残,4.884615
助产士,4.904762
助词,5.444444
助攻,5.875
助教,5.64
助理,6.25
助人为乐,5.857143
助手,6.106643
助推,4.8
助威,5.892857
助兴,6.342857
助学,6.266667
助学金,5.76
助长,5.473684
助阵,4.666667
助纣为虐,4.98
住持,4.291667
住处,6.461538
住房,5.961538
住户,5.22449
住口,5.913043
住所,5.666667
住宿,6.12
住院,6.12
住宅,6.153846
住宅区,6.071429
住址,6.36
贮藏,4.962963
贮存,5.166667
注册,6.664815
注定,6.571429
注解,5.222222
注明,5.565217
注目,5.0
注入,5.037037
注射,4.961538
注射器,5.0
注视,5.92
注释,6.185185
注水,5.416667
注销,6.42619
注意,6.05698
注意力,5.782609
注重,6.542857
注资,4.208333
驻地,4.142857
驻华,4.514286
驻军,4.52381
驻留,4.333333
驻守,5.423077
驻外,4.0
驻扎,5.970588
驻足,6.166667
柱子,6.0
祝福,6.37037
祝贺,6.407407
祝寿,4.904762
祝愿,6.481481
著称,5.9
著名,6.192308
著书,4.708333
著作,6.35
铸就,4.892857
铸造,5.619505
筑巢,4.877551
抓捕,5.708333
抓耳挠腮,5.12
抓好,6.045455
抓获,5.538462
抓紧,5.84
抓拍,4.8
抓起,5.5
抓手,4.92
抓住,5.894737
专案,4.434783
专场,5.416667
专车,5.46
专程,6.192308
专电,4.307692
专断,5.0
专访,5.461538
专稿,4.72
专攻,5.083333
专柜,5.695652
专横,3.923077
专户,4.028571
专机,4.64
专辑,6.25
专家,5.814815
专科,5.291667
专款,4.086957
专栏,5.461538
专利,6.428571
专列,5.04
专卖,5.583333
专门,6.117647
专区,4.7
专人,5.043478
专属,5.782609
专题,5.772727
专线,4.78
专项,5.16
专心,6.875
专心致志,5.734694
专业,6.607143
专一,5.75
专营,4.88
专用,6.148148
专有,5.08
专员,5.434783
专长,6.25
专政,5.555556
专职,5.217391
专制,5.423077
专注,6.555556
专著,5.045455
砖块,5.652174
砖墙,5.809524
砖头,6.081633
砖瓦,5.818182
转包,4.565217
转变,6.36
转播,6.2
转播权,3.913043
转车,4.592593
转达,6.571429
转到,4.92
转动,6.352941
转发,6.181818
转给,5.510638
转行,4.409091
转化,6.545455
转换,5.777778
转会,3.6
转机,6.12
转嫁,4.52
转交,5.214286
转卖,5.473684
转念,5.865385
转暖,4.56
转盘,5.688889
转让,6.185185
转入,5.681818
转身,6.791667
转手,4.565217
转瞬,5.857143
转瞬即逝,5.428571
转送,5.428571
转速,5.185185
转投,4.4
转弯,6.272727
转弯抹角,4.761905
转危为安,4.727273
转为,5.24
转向,5.392857
转型,5.047619
转学,6.545455
转眼,6.133333
转业,5.25
转移,6.6
转悠,5.541667
转院,4.25
转运,5.222222
转载,6.166667
转战,4.851852
转账,6.653846
转折,5.76
转折点,6.0
转诊,5.217391
转正,5.833333
转转,4.423077
转租,5.306122
赚钱,6.3
赚取,5.460526
撰稿,4.44
撰文,4.952381
撰写,5.24
篆刻,4.515152
妆容,6.115385
庄家,4.66
庄稼,6.5
庄严,6.142857
庄园,5.423077
庄重,5.192308
庄子,5.695652
装扮,6.607143
装备,6.575758
装车,5.0
装点,4.634615
装订,6.393939
装疯卖傻,5.535714
装潢,5.833333
装机,3.666667
装甲,4.821429
装甲车,4.66
装聋作哑,5.423077
装满,5.769231
装模作样,4.8
装配,6.424242
装腔作势,5.1
装入,5.26087
装傻,5.64
装神弄鬼,5.52
装饰,5.851852
装饰品,6.153846
装束,5.888889
装卸,5.4
装修,6.411765
装有,4.652174
装载,5.884615
装在,4.08
装置,6.514286
壮大,5.153846
壮丁,5.4
壮观,6.115385
壮举,5.772727
壮阔,5.851852
壮丽,6.178571
壮烈,5.148148
壮美,5.583333
壮年,6.111111
壮实,6.153846
壮士,5.444444
壮硕,5.911765
状告,5.545455
状况,6.464286
状态,6.357143
状元,5.88
撞车,5.5
撞倒,6.0
撞击,5.346154
撞见,6.034074
撞伤,5.304348
追本溯源,4.875
追兵,4.628571
追捕,6.606061
追查,4.923077
追悼,5.561772
追悼会,4.875
追赶,5.96
追高,3.787234
追回,5.56
追击,5.875
追加,5.636364
追缴,5.130435
追究,5.941176
追捧,5.619048
追求,6.875
追思,5.62963
追溯,6.458333
追随,6.107143
追尾,5.681818
追问,6.058824
追寻,6.117647
追忆,6.147059
追逐,5.88
追踪,5.538462
锥形,5.183673
锥子,5.384615
坠毁,5.54
坠机,5.391304
坠落,6.323529
坠入,5.368421
准备,6.307692
准确,6.6
准确度,5.88
准入,5.173913
准绳,4.28125
准时,6.916667
准许,6.115385
准则,6.25463
拙劣,5.318182
捉奸,5.086957
捉襟见肘,4.695652
捉迷藏,6.086957
捉摸,4.846154
捉拿,6.0
捉拿归案,4.757143
捉弄,5.772727
捉住,5.12
桌布,5.765957
桌面,6.590909
桌椅,5.986842
桌子,6.76
灼热,5.375
茁壮,6.25
卓尔不群,4.5
卓越,6.466931
卓著,4.961538
酌情,5.318571
啄食,5.029412
琢磨,6.0
孜孜不倦,5.25
咨询,6.428571
姿容,5.6
姿色,5.68
姿势,6.0
姿态,6.458333
资本,6.606061
资本论,4.083333
资本主义,5.939394
资产,5.296296
资费,5.227273
资格,6.620238
资金,5.727273
资历,5.875
资料,5.962963
资料库,5.5
资深,6.178571
资讯,5.434783
资源,6.470588
资质,6.142857
资助,6.08
滋补,6.424242
滋扰,4.136364
滋润,5.545455
滋生,5.52
滋事,5.454545
滋味,6.233333
滋养,5.84
滋长,5.016382
锱铢必较,3.96
子弹,5.214286
子弟,5.085106
子弟兵,4.416667
子宫,5.791667
子爵,3.954545
子民,5.608696
子女,6.5
子嗣,4.642857
子孙,6.464286
子午线,4.380952
子虚乌有,5.217391
子夜,4.052632
姊妹,5.444444
紫红,6.178571
紫色,6.636364
紫砂,4.625
紫外光,5.5
自拔,4.909091
自暴自弃,5.608696
自卑,6.28
自备,4.925926
自惭形秽,4.96
自查,4.956522
自嘲,5.5
自称,6.176471
自筹,4.541667
自传,5.076923
自创,5.434783
自吹自擂,5.458333
自此,4.708333
自从,6.264706
自大,5.631579
自动,6.647059
自动化,5.666667
自发,5.08
自费,6.444444
自负,5.481481
自高自大,5.291667
自告奋勇,5.478261
自给自足,5.565217
自古,6.296296
自顾不暇,5.0
自行车,6.244898
自豪,6.617647
自己,6.75
自荐,5.428571
自觉,6.40625
自尽,4.714286
自救,5.173913
自控,5.851852
自理,6.076923
自力更生,5.652174
自立,6.575758
自律,5.86
自满,5.6
自鸣得意,5.75
自欺欺人,5.333333
自强,5.695652
自强不息,5.12
自然,6.423077
自然而然,5.619048
自然规律,5.428571
自然界,5.842105
自燃,5.26087
自如,5.941176
自杀,6.757576
自上而下,5.64
自身,6.742857
自省,5.666667
自食其果,5.727273
自食其力,5.636364
自食其言,4.72
自始至终,5.583333
自首,6.264706
自述,4.92
自私,5.962963
自私自利,5.291667
自投罗网,5.521739
自卫,5.65625
自我,6.588235
自习,5.986842
自相残杀,5.652174
自相矛盾,5.385965
自信,6.4
自信心,5.714286
自诩,4.954545
自选,5.114286
自学,6.142857
自寻烦恼,5.076923
自言自语,6.08
自以为是,5.956522
自营,5.565217
自用,5.678571
自由,6.666667
自由自在,5.75
自圆其说,4.914894
自怨自艾,4.8
自愿,6.6875
自在,5.769231
自责,5.730769
自知之明,5.0
自制,6.148148
自治,4.818182
自重,4.96
自主,6.7
自主性,5.458333
自助,6.333333
自助餐,6.083333
自尊,6.12
自尊心,6.217391
自作聪明,5.671053
自作多情,6.185185
自作自受,5.818182
字典,6.185185
字号,5.222222
字画,6.285714
字迹,5.595745
字里行间,5.5
字母,6.529412
字幕,5.74
字数,6.444444
字体,6.030303
字帖,6.25
字形,5.074074
字眼,5.583333
字样,5.166667
字义,5.2
字斟句酌,4.346154
恣意,4.0
宗教,6.148148
宗派,5.458333
宗师,5.382353
宗旨,6.6
宗族,5.391304
综合,6.318182
综上所述,5.208333
综述,5.538462
棕榈,4.380952
棕色,6.16
踪迹,5.884615
踪影,5.375
总部,5.592105
总裁,5.424242
总督,4.52
总队,3.88
总额,5.958333
总分,5.6
总共,6.727273
总管,5.326531
总行,4.6
总和,6.0
总计,6.038462
总价,6.0
总监,5.64
总结,6.666667
总经理,5.333333
总局,5.148936
总理,6.542857
总量,5.962963
总是,6.375
总数,6.0
总算,6.529412
总体,5.913043
总统,6.42381
总统府,4.708333
总务,5.238095
总站,4.510638
总长,4.36
总之,6.575758
总值,4.652174
总装,3.44
纵观,5.541667
纵横,4.888889
纵横交错,5.851852
纵火,5.454545
纵览,5.352941
纵情,3.863636
纵然,4.8
纵容,6.382353
纵深,4.153846
纵使,4.911765
纵向,5.035714
粽子,6.65625
走边,3.956522
走遍,5.962963
走低,4.478261
走动,6.571429
走读,5.826087
走访,5.307692
走高,4.282051
走狗,4.75
走过,5.961538
走红,5.727273
走街串巷,5.571429
走捷径,5.961538
走进,6.24
走近,5.782609
走开,5.46
走廊,6.617647
走漏,6.466667
走路,6.285714
走马灯,4.552632
走马观花,5.095238
走马上任,5.190476
走南闯北,5.761905
走强,3.428571
走俏,3.541667
走人,5.75
走散,5.545455
走神,6.208333
走失,6.0
走势,5.478261
走私,6.1
走私货,5.26
走投无路,5.75
走向,6.176471
走秀,5.857143
走运,5.68
走走,5.4
奏乐,4.666667
奏响,5.086957
奏效,5.34375
租房,5.347826
租户,5.708333
租界,4.727273
租借,6.330882
租金,5.73913
租客,5.272727
租赁,6.111111
租下,5.575758
租用,5.553191
租约,5.02
租住,5.378378
足不出户,5.962963
足额,4.086957
足够,6.558824
足迹,6.571429
足金,4.2
足球,6.441176
足球队,5.4
足坛,5.565217
足以,5.037037
足智多谋,5.76
族谱,5.040816
族群,5.12
族人,5.035714
诅咒,6.2
阻碍,6.606061
阻挡,6.318182
阻断,5.115385
阻隔,5.111111
阻击,5.607143
阻拦,6.833333
阻力,5.4
阻挠,6.117647
阻塞,6.375
阻止,6.771429
阻滞,4.916667
组别,5.0
组成,6.666667
组队,5.939394
组合,6.166667
组件,5.727273
组建,6.571429
组团,5.714286
组长,5.4
组织,6.407407
组装,6.4
祖辈,6.185185
祖传,5.75
祖父,5.740741
祖国,6.720588
祖籍,5.881579
祖母,5.954545
祖先,6.558824
祖宗,6.0
祖祖辈辈,5.461538
钻戒,5.916667
钻井,5.095238
钻孔,5.24
钻石,6.633333
钻探,3.612245
钻头,5.0
钻研,5.730769
嘴巴,6.705882
嘴唇,6.617647
嘴角,6.384615
嘴脸,5.25
最爱,6.121212
最初,6.125
最好,6.764706
最后,6.318182
最佳,6.095238
最近,6.727273
最先,5.114286
最终,6.592593
罪大恶极,5.32
罪恶,6.484848
罪犯,6.142857
罪过,5.148148
罪行,6.3
罪魁祸首,5.68
罪名,5.010753
罪人,5.64
罪有应得,5.6
罪证,5.636364
罪状,6.083333
醉汉,5.48
醉驾,6.037037
醉拳,5.363636
醉生梦死,5.227273
醉心,4.25
醉醺醺,5.666667
尊称,6.02963
尊崇,5.3275
尊贵,6.071429
尊敬,6.44
尊享,4.52381
尊严,6.875
尊重,6.818182
遵从,6.222222
遵命,5.970588
遵守,6.423077
遵循,6.392857
遵照,5.409091
鳟鱼,3.153846
昨天,6.958333
昨晚,6.625
左侧,5.826087
左顾右盼,5.4
左脚,6.032258
左邻右舍,5.565217
左手,6.375
左腿,5.956522
左翼,4.291667
左右,6.318182
左右逢源,4.84
左右开弓,4.913043
左右手,5.795455
佐证,4.5
作案,5.434783
作弊,6.457143
作出,5.592593
作答,5.958333
作对,6.205882
作恶多端,5.772727
作坊,4.62963
作废,5.227273
作风,5.75
作怪,5.769231
作画,5.52
作家,6.25
作假,5.872593
作价,3.130435
作茧自缚,4.814815
作乐,5.24
作乱,5.434783
作品,6.535714
作品展,5.347826
作曲,5.407407
作威作福,5.043478
作为,6.2
作文,6.36
作物,5.607143
作息,5.939394
作响,4.185185
作秀,5.958333
作业,6.592593
作揖,5.0
作用,6.166667
作战,6.176471
作者,6.307692
作证,5.32
作主,5.644737
坐标,5.5
坐标轴,6.0
坐等,5.708333
坐垫,6.347826
坐而论道,4.313725
坐井观天,5.666667
坐牢,5.652174
坐立不安,4.928571
坐落,6.235294
坐失良机,4.666667
坐收渔利,5.22449
坐下,5.52
坐享其成,5.652174
坐以待毙,5.285714
坐椅,5.857143
坐镇,4.385714
座标,5.545455
座垫,5.48
座机,5.37037
座驾,4.695652
座落,4.76
座谈,5.884615
座位,6.344017
座无虚席,5.245614
座椅,6.24
座右铭,4.666667
做菜,6.184211
做成,5.25
做出,6.115385
做到,5.592593
做东,5.875
做法,6.733333
做饭,6.227273
做工,5.24
做客,6.678571
做空,4.285714
做梦,6.36
做人,6.571429
做生意,5.652174
做事,6.75
做手脚,5.304348
做贼心虚,5.727273
做证,6.433333
做主,5.622222
做作,5.26087
