word,aoa
阿胶,14.55
阿谀奉承,14.35
哀悼,14.25
哀号,12.25925925925926
哀求,12.37037037037037
哀伤,10.826086956521738
哀思,12.333333333333334
哀痛,11.0
挨打,7.7368421052631575
挨饿,6.88
挨近,10.434782608695652
挨着,8.818181818181818
癌细胞,14.578947368421053
癌症,12.0
矮小,8.95
爱戴,10.045454545454545
爱国,9.0
爱好,10.5
爱护,7.375
爱美,7.476190476190476
爱民如子,13.461538461538462
爱情,14.619047619047619
爱犬,9.461538461538462
爱人,10.6875
爱上,13.375
爱心,7.7272727272727275
爱意,14.238095238095237
隘口,13.818181818181818
碍眼,13.115384615384615
暧昧,16.571428571428573
安定,11.631578947368421
安顿,11.8
安放,11.166666666666666
安分,10.736842105263158
安抚,13.75
安家,12.68421052631579
安静,8.11111111111111
安居,13.166666666666666
安康,13.789473684210526
安乐死,16.91304347826087
安眠药,12.576923076923077
安宁,10.238095238095237
安排,12.285714285714286
安全,7.473684210526316
安全带,11.461538461538462
安然,12.4210526
安然无恙,12.4
安睡,10.884615384615385
安危,12.130434782608695
安慰,10.454545454545455
安稳,14.4
安详,11.761904761904763
安祥,10.44
安享晚年,13.136363636363637
安心,10.5
安逸,12.263157894736842
安葬,11.5
安置,13.043478260869565
安装,9.863636363636363
鹌鹑,10.136363636363637
岸边,8.666666666666666
按键,9.608695652173912
按揭,18.555555555555557
按铃,7.52
按摩,10.588235294117647
按摩椅,15.26086956521739
按捺,13.736842105263158
按钮,7.863636363636363
按时,9.0
按压,12.4285714
按照,9.666666666666666
案发,12.95
案件,12.19047619047619
案卷,14.4375
案例,13.782608695652174
案情,13.047619047619047
案头,12.625
案子,10.318181818181818
暗藏,12.45
暗淡,11.434782608695652
暗访,15.15
暗号,11.0
暗流,14.45
暗杀,12.736842105263158
暗示,11.238095238095237
暗算,13.333333333333334
暗笑,10.64
暗喻,12.615384615384615
黯淡,14.166666666666666
黯然,12.578947368421053
肮脏,10.095238095238095
昂贵,12.3888889
昂首,12.45
昂扬,13.9
盎然,12.285714285714286
盎司,16.96153846153846
凹凸,11.954545454545455
凹陷,11.631578947368421
遨游,12.454545454545455
熬夜,11.318181818181818
翱翔,11.5
鏖战,14.333333333333334
傲慢,10.652173913043478
奥秘,13.25
奥妙,10.045454545454545
奥运,13.363636363636363
奥运会,11.2
澳元,15.8
懊恼,12.5
八股文,14.333333333333334
八卦,11.952380952380953
八面玲珑,14.130434782608695
八强,13.666666666666666
巴结,11.428571428571429
巴士,9.176470588235293
巴掌,7.875
扒手,13.434782608695652
芭蕾,9.227272727272727
芭蕾舞,11.592592592592593
疤痕,12.19047619047619
拔掉,10.142857142857142
拔河,7.857142857142857
拔尖,11.842105263157896
跋涉,12.4
把柄,12.038461538461538
把持,14.055555555555555
把关,14.1
把脉,10.631578947368421
把手,7.2105263157894735
把守,13.166666666666666
把握,11.61111111111111
把戏,12.521739130434783
靶场,11.26923076923077
罢工,14.947368421052632
罢课,12.0
罢免,14.80952380952381
罢休,13.571428571428571
霸道,11.473684210526315
霸气,13.4210526
霸权,13.826086956521738
霸王,12.909090909090908
霸占,13.45
霸主,11.476190476190476
掰开,8.461538461538462
白菜,7.5
白吃,12.23076923076923
白痴,9.391304347826088
白发,7.368421052631579
白饭,8.0
白费,12.5
白干,13.25
白骨,10.64
白话,12.0
白话文,12.576923076923077
白金,13.5
白酒,9.304347826086957
白兰地,16.26923076923077
白领,13.818181818181818
白鹭,11.227272727272727
白马,8.421052631578947
白内障,15.619047619047619
白棋,10.466666666666667
白热,13.76
白人,11.681818181818182
白色,6.684210526315789
白糖,7.7727272727272725
白天,5.814814814814815
白兔,6.148148148148148
白雪,7.19047619
白血病,12.666666666666666
白眼,8.925925925925926
白衣天使,9.692307692307692
白蚁,9.681818181818182
白银,10.333333333333334
白云,6.714285714285714
白纸,8.25
百分比,10.391304347826088
百合,10.130434782608695
百花,10.35
百货,10.681818181818182
百看不厌,11.36
百科,11.35
百科全书,10.409090909090908
百姓,9.45
柏油,10.84
摆布,11.904761904761905
摆动,10.75
摆渡,14.157894736842104
摆放,12.0
摆设,10.555555555555555
摆摊,9.157894736842104
摆脱,10.523809523809524
败北,13.80952380952381
败坏,14.1
败军,11.434782608695652
败类,12.105263157894736
败诉,16.0
败者,10.9
拜访,9.909090909090908
拜见,10.615384615384615
拜金,16.04
拜年,6.368421052631579
拜师,11.136363636363637
拜托,9.75
扳倒,11.26923076923077
扳回,11.736842105263158
扳平,12.217391304347826
班车,10.7
班次,10.125
班底,14.789473684210526
班房,15.95
班机,15.833333333333334
班级,6.095238095238095
班长,10.0
班主任,7.076923076923077
班子,12.9375
班组,10.6666667
颁布,13.428571428571429
颁发,11.666666666666666
颁给,12.380952380952381
颁奖,8.947368421052632
斑驳,14.0
斑鸠,12.19047619047619
斑斓,12.529411764705882
斑马,8.15
斑纹,12.0
搬到,8.11111111111111
搬家,9.11111111111111
搬进,9.222222222222221
搬迁,11.578947368421053
搬运,9.238095238095237
搬走,9.238095238095237
板材,14.947368421052632
板凳,6.21052632
板房,14.347826086956522
板斧,10.72
板块,14.19047619047619
版本,15.15
版画,11.428571428571429
版块,13.08695652173913
版面,13.578947368421053
版权,14.444444444444445
版图,13.695652173913043
办案,11.761904761904763
办报,13.346153846153847
办成,9.782608695652174
办法,8.210526315789474
办公,13.352941176470589
办公室,9.76923076923077
办理,12.0
办起,13.333333333333334
办事,11.2857143
办事处,15.0
办学,12.523809523809524
办证,12.904761904761905
半场,13.1875
半成品,12.814814814814815
半程,12.217391304347826
半岛,12.952380952380953
半价,10.136363636363637
半径,10.7
半空,11.185185185185185
半路,11.4
半球,11.88888888888889
半区,16.142857142857142
半生,12.368421052631579
半数,10.5
半衰期,17.22222222222222
半死,10.88888888888889
半天,7.2272727272727275
半信半疑,11.88
半夜,8.181818181818182
半夜三更,8.2
半圆,9.409090909090908
半圆形,9.736842105263158
半自动,14.076923076923077
伴唱,11.25925925925926
伴郎,13.545454545454545
伴侣,13.166666666666666
伴随,9.368421052631579
伴有,10.526315789473685
伴奏,12.0
绊倒,10.45
扮演,11.2
邦交,13.772727272727273
帮帮,9.15
帮扶,13.157894736842104
帮会,12.125
帮忙,8.590909090909092
帮派,11.5
帮手,9.75
帮凶,12.380952380952381
帮助,8.7
绑定,12.91304347826087
绑匪,11.653846153846153
绑架,14.125
榜单,12.4
榜首,13.0
榜样,9.523809523809524
棒球,10.619047619047619
傍晚,9.090909090909092
磅礴,14.153846153846153
包办,13.117647058823529
包包,10.875
包庇,12.545454545454545
包场,12.947368421052632
包抄,14.761904761904763
包车,14.142857142857142
包袱,11.578947368421053
包裹,10.2
包含,10.722222222222221
包机,16.57894736842105
包括,9.368421052631579
包揽,13.5
包容,12.722222222222221
包围,12.052631578947368
包厢,12.80952380952381
包扎,10.952380952380953
包装,8.947368421052632
包装纸,9.318181818181818
包子,7.57894737
孢子,15.578947368421053
胞弟,12.576923076923077
褒奖,12.391304347826088
薄薄,10.526315789473685
薄冰,11.818181818181818
薄饼,10.0
薄荷,10.727272727272727
薄膜,14.523809523809524
薄情,14.444444444444445
薄弱,13.142857142857142
薄雾,10.807692307692308
饱尝,12.052631578947368
饱含,11.590909090909092
饱和,14.173913043478262
饱满,12.894736842105264
饱受,11.647058823529411
宝宝,7.636363636363637
宝贝,7.15
宝藏,10.571428571428571
宝地,10.5
宝贵,8.68421052631579
宝石,9.722222222222221
宝物,8.714285714285714
宝座,12.434782608695652
保安,10.421052631578947
保安员,10.88888888888889
保本,16.227272727272727
保镖,11.952381
保持,10.0
保存,9.761904761904763
保底,14.25
保管,10.347826086956522
保护,9.619047619047619
保护色,11.545454545454545
保级,14.6
保荐,13.578947368421053
保健,12.85
保健品,13.65
保洁,13.55
保龄,14.31578947368421
保龄球,13.192307692307692
保留,9.157894736842104
保密,11.090909090909092
保姆,9.055555555555555
保暖,8.157894736842104
保全,12.571428571428571
保释,16.52173913043478
保守,14.0
保送,14.9
保卫,11.8
保温,9.047619047619047
保鲜,10.263157894736842
保险,13.272727272727273
保险箱,9.863636363636363
保修,11.7
保养,15.0
保有,14.318181818181818
保佑,9.6
保障,13.875
保障金,18.26086956521739
保证,10.4
保值,15.1875
保住,10.952380952380953
鸨母,16.666666666666668
堡垒,11.714285714285714
报案,11.764705882352942
报表,16.1875
报仇,9.814814814814815
报酬,12.181818181818182
报答,10.952380952380953
报到,9.80952380952381
报道,10.210526315789474
报端,16.4375
报恩,11.153846153846153
报废,13.944444444444445
报复,13.8
报告,9.157894736842104
报关,17.38888888888889
报国,11.777777777777779
报价,13.68421052631579
报价单,15.333333333333334
报警,8.333333333333334
报刊,9.619047619047619
报考,12.894736842105264
报料,14.3684211
报名,8.0
报批,17.63157894736842
报请,17.157894736842106
报社,11.047619047619047
报失,12.526315789473685
报收,13.80952380952381
报送,13.947368421052632
报销,13.666666666666666
报业,15.047619047619047
报纸,7.636363636363637
抱病,13.73076923076923
抱负,12.782608695652174
抱歉,9.789473684210526
抱团,15.0
抱怨,11.277777777777779
豹子,8.181818181818182
鲍鱼,10.409090909090908
暴跌,16.272727272727273
暴发,12.8095238
暴发户,13.428571428571429
暴富,15.15
暴光,11.473684210526315
暴君,12.0
暴力,11.047619047619047
暴利,13.8125
暴露,10.782608695652174
暴晒,10.761904761904763
暴雪,9.090909090909092
暴雨,7.85
暴躁,12.05
暴涨,15.15
爆出,12.789473684210526
爆发,12.714285714285714
爆料,14.055555555555555
爆裂,12.842105263157896
爆满,10.476190476190476
爆棚,16.7
爆破,12.05
爆胎,15.2
爆炸,10.0
爆竹,8.0
杯赛,15.0
杯水车薪,13.409090909090908
杯子,7.85
卑鄙,12.48
卑劣,12.863636363636363
卑职,14.458333333333334
悲哀,9.9
悲惨,10.954545454545455
悲愤,11.761904761904763
悲观,14.375
悲剧,11.65
悲情,13.0
悲伤,8.952380952380953
悲叹,12.954545454545455
悲天悯人,13.8
悲痛,9.904761904761905
悲壮,11.764705882352942
碑文,13.16
北岸,12.363636363636363
北半球,11.2
北斗,12.0625
北方,10.851851851851851
北风,8.909090909090908
北极光,12.772727272727273
北极熊,11.136363636363637
北路,13.777777777777779
北门,9.8
北面,10.296296296296296
北区,10.222222222222221
北上,14.95
北纬,13.222222222222221
北洋,15.823529411764707
贝壳,7.473684210526316
备案,15.11111111111111
备份,14.722222222222221
备考,12.578947368421053
备课,12.75
备受,13.285714285714286
备忘录,12.6
备选,13.476190476190476
备用,12.526315789473685
备战,14.0526316
备注,12.782608695652174
背包,9.636363636363637
背部,7.85
背负,12.761904761904763
背光,13.307692307692308
背后,8.136363636363637
背脊,11.173913043478262
背景,11.25
背离,13.631578947368421
背面,8.444444444444445
背囊,12.208333333333334
背叛,12.217391304347826
背弃,12.333333333333334
背诵,7.545454545454546
背心,7.0
背信弃义,11.75
背影,10.263157894736842
背着,9.9375
倍感,14.31578947368421
倍受,12.80952380952381
倍数,10.9047619
倍增,11.619047619047619
悖论,15.142857142857142
被捕,11.375
被单,9.173913043478262
被动,12.130434782608695
被告,12.047619047619047
被害,12.636363636363637
被迫,12.4
被褥,8.35
被套,10.0
被窝,6.2
被子,5.631578947368421
辈分,9.846153846153847
辈子,13.285714285714286
奔波,12.333333333333334
奔驰,12.0
奔放,11.095238095238095
奔赴,13.55
奔跑,7.8
奔腾,13.7
奔走,10.590909090909092
本案,15.526315789473685
本部,14.952380952380953
本地,9.05
本队,11.473684210526315
本分,12.608695652173912
本该,13.0625
本行,13.0
本金,16.1
本剧,12.75
本刊,12.8125
本科,13.904761904761905
本科生,14.65
本来,8.73913043478261
本领,9.380952380952381
本末倒置,13.0
本能,12.411764705882353
本年,11.4
本钱,12.8125
本人,8.181818181818182
本色,14.571428571428571
本身,11.904761904761905
本省,10.157894736842104
本事,9.05
本土,13.833333333333334
本文,10.55
本息,15.105263157894736
本乡,12.185185185185185
本校,9.444444444444445
本性,12.947368421052632
本意,10.904761904761905
本院,15.5
本职,15.578947368421053
本质,11.9473684
本周,7.7272727272727275
本子,6.478260869565218
笨蛋,6.6521739130434785
笨重,9.423076923076923
笨拙,10.173913043478262
崩溃,14.181818181818182
崩盘,19.8
崩塌,10.714285714285714
绷带,11.454545454545455
泵站,14.25
迸发,13.631578947368421
逼供,13.444444444444445
逼近,12.043478260869565
逼迫,11.954545454545455
逼上梁山,12.48
逼真,11.434782608695652
鼻孔,5.684210526315789
鼻梁,7.157894736842105
鼻涕,5.588235294117647
鼻炎,13.526315789473685
鼻子,4.909090909090909
鼻祖,15.4285714
匕首,10.095238095238095
比对,10.428571428571429
比方,10.9375
比分,9.826086956521738
比划,10.047619047619047
比价,12.272727272727273
比肩,12.842105263157896
比较,9.181818181818182
比例,10.75
比率,13.0
比拟,12.210526315789474
比拼,11.954545454545455
比如,9.5
比赛,9.055555555555555
比试,10.272727272727273
比武,9.526315789473685
比喻,8.761904761904763
比照,13.3157895
比重,12.65
比作,11.333333333333334
彼岸,11.636363636363637
笔划,8.08
笔记,9.210526315789474
笔迹,10.666666666666666
笔录,13.227272727272727
笔名,12.5
笔墨,8.1
笔试,12.25
笔下,11.304347826086957
笔者,14.1875
笔直,9.523809523809524
鄙人,13.346153846153847
鄙视,12.35
币值,14.473684210526315
币种,13.0625
必败,10.142857142857142
必备,10.619047619047619
必定,10.692307692307692
必经,12.0
必然,11.380952380952381
必胜,10.529411764705882
必修,13.92
必修课,14.0
必须,9.08695652173913
必需,10.375
必要,10.142857142857142
毕竟,10.454545454545455
毕生,15.0
毕业,11.571428571428571
闭关,11.619047619047619
闭路电视,12.347826086956522
闭幕,11.68421052631579
闭塞,13.181818181818182
庇护,13.55
庇佑,13.944444444444445
陛下,11.863636363636363
毙命,12.695652173913043
婢女,12.333333333333334
蓖麻,12.590909090909092
裨益,15.764705882352942
碧波,13.0
碧绿,8.92
碧水,14.75
弊病,15.0
弊端,11.842105263157896
壁虎,8.590909090909092
壁画,12.894736842105264
壁垒,13.095238095238095
壁球,14.9
避讳,15.80952380952381
避开,9.736842105263158
避雷针,10.863636363636363
避免,11.9473684
避难,12.608695652173912
避让,12.363636363636363
避暑,11.2
避险,12.523809523809524
避孕,17.136363636363637
避重就轻,13.16
臂膀,11.037037037037036
边防,12.521739130434783
边锋,14.9375
边际,12.277777777777779
边疆,12.304347826086957
边界,12.727272727272727
边境,13.08695652173913
边框,10.947368421052632
边路,15.0
边沿,13.0
边缘,13.31578947368421
边缘化,15.578947368421053
边远,11.571428571428571
编成,13.6190476
编程,15.285714285714286
编导,13.285714285714286
编队,12.875
编号,10.173913043478262
编辑,12.380952380952381
编剧,12.772727272727273
编录,13.65
编码,14.05
编排,12.05
编曲,13.35
编写,11.631578947368421
编译,13.590909090909092
编造,12.833333333333334
编者,11.421052631578947
编织,11.666666666666666
编制,17.8
编撰,14.55
编纂,15.6
蝙蝠,7.318181818181818
鞭策,14.526315789473685
鞭打,11.136363636363637
鞭炮,6.318181818181818
贬低,11.64
贬值,14.3
扁平,10.045454545454545
扁平足,14.625
变成,9.2
变得,8.619047619047619
变动,12.952380952380953
变革,15.428571428571429
变更,11.842105263157896
变故,11.15
变化,9.055555555555555
变幻,13.3
变换,9.631578947368421
变脸,12.222222222222221
变量,14.352941176470589
变卖,13.105263157894736
变暖,8.952380952380953
变迁,14.523809523809524
变色,10.526315789473685
变身,11.3684211
变数,12.26086956521739
变态,12.863636363636363
变通,15.9
变为,9.85
变现,15.25
变相,14.421052631578947
变形,9.5
变性,16.91304347826087
变压器,13.454545454545455
变异,13.590909090909092
变质,10.26086956521739
便餐,10.454545454545455
便当,14.444444444444445
便道,12.578947368421053
便服,13.318181818181818
便壶,11.636363636363637
便捷,11.826086956521738
便利,12.6875
便秘,15.0
便民,11.8125
便衣,11.904761904761905
便宜,8.380952380952381
便于,10.529411764705882
遍布,10.68421052631579
遍地,9.705882352941176
遍及,11.473684210526315
辨别,10.181818181818182
辨认,11.2380952
辩才,13.954545454545455
辩护,12.666666666666666
辩解,10.714285714285714
辩论,11.3125
辩证,15.409090909090908
标榜,13.380952380952381
标本,9.954545454545455
标兵,12.35
标尺,10.55
标的,16.8125
标点,9.423076923076923
标段,16.0
标竿,12.736842105263158
标杆,12.409090909090908
标记,10.277777777777779
标价,10.736842105263158
标明,10.285714285714286
标牌,13.05
标配,15.85
标签,12.3
标枪,13.714285714285714
标识,12.0
标示,12.263157894736842
标题,10.545454545454545
标线,12.31578947368421
标语,10.5
标志,10.782608695652174
标致,13.375
标注,13.55
标准,10.75
标准时,12.647058823529411
飙车,13.380952380952381
飙升,13.761904761904763
飙涨,13.941176470588236
镖客,15.210526315789474
表白,14.125
表层,11.772727272727273
表达,11.285714285714286
表带,10.884615384615385
表弟,7.296296296296297
表格,11.761904761904763
表决,11.105263157894736
表露,11.65
表率,13.277777777777779
表面,9.44
表明,12.25
表皮,11.157894736842104
表亲,11.045454545454545
表情,9.222222222222221
表示,10.833333333333334
表述,11.947368421052632
表态,12.0
表现,10.80952380952381
表象,11.947368421052632
表演,9.68421053
表演者,9.80952380952381
表扬,8.826086956521738
表彰,12.863636363636363
表征,15.777777777777779
别称,10.409090909090908
别出心裁,14.727272727272727
别国,12.0
别离,12.192307692307692
别名,11.391304347826088
别扭,10.761904761904763
别人,6.153846153846154
别墅,11.416666666666666
别说,8.947368421052632
别提,10.61111111111111
别样,12.347826086956522
别针,9.05
别致,12.818181818181818
蹩脚,11.884615384615385
宾馆,11.478260869565217
宾客,11.631578947368421
缤纷,11.764705882352942
槟榔,12.090909090909092
濒临,14.578947368421053
濒危,12.954545454545455
殡仪,12.962962962962964
殡葬,13.952381
冰雹,9.19047619047619
冰川,10.571428571428571
冰点,12.625
冰雕,10.384615384615385
冰冻,8.695652173913043
冰毒,14.095238095238095
冰块,7.5
冰冷,8.4
冰凉,8.95
冰面,8.35
冰淇淋,6.857142857142857
冰糖,6.842105263157895
冰糖葫芦,6.809523809523809
冰箱,9.954545454545455
冰雪,8.555555555555555
冰镇,11.26923076923077
兵法,12.37037037037037
兵家,11.92
兵力,11.157894736842104
兵器,9.952380952380953
兵团,14.95
兵役,14.380952380952381
秉承,15.35
秉持,14.8
秉公,13.481481481481481
秉性,14.321428571428571
饼干,5.7272727272727275
禀告,12.6
并存,13.578947368421053
并购,16.318181818181817
并行,12.619047619047619
并行不悖,18.058823529411764
并肩,13.08695652173913
并肩作战,10.904761904761905
并进,12.4
并举,14.555555555555555
并联,14.869565217391305
并列,11.625
并且,9.0
并入,13.421052631578947
并网,16.0
并用,12.11111111111111
并重,14.526315789473685
病变,13.941176470588236
病床,9.5
病毒,11.681818181818182
病房,9.380952380952381
病患,11.619047619047619
病菌,9.473684210526315
病理,15.85
病历,12.222222222222221
病例,14.65
病魔,11.263157894736842
病情,11.722222222222221
病区,15.555555555555555
病人,9.368421052631579
病入膏肓,13.363636363636363
病史,12.714285714285714
病逝,11.523809523809524
病榻,13.904761904761905
病态,13.227272727272727
病痛,10.157894736842104
病危,11.8947368
病因,12.043478260869565
病友,12.681818181818182
病原体,15.5
病院,11.045454545454545
病症,13.55
病种,12.55
摒弃,13.565217391304348
拨打,8.842105263157896
拨付,13.705882352941176
拨款,15.217391304347826
拨通,10.142857142857142
波动,12.521739130434783
波段,15.529411764705882
波及,14.411764705882353
波澜,14.052631578947368
波浪,8.5
波纹,11.08695652173913
波长,15.2
波折,12.1428571
玻璃,6.428571428571429
玻璃杯,8.153846153846153
剥夺,12.619047619047619
剥离,13.0625
剥削,11.222222222222221
菠菜,6.714285714285714
菠萝,6.636363636363637
播报,11.4
播出,10.6
播发,16.88235294117647
播放,7.947368421052632
播音,12.590909090909092
播映,11.869565217391305
播种,9.944444444444445
伯父,10.074074074074074
伯乐,13.04
驳斥,12.736842105263158
驳回,13.904761904761905
泊车,16.0
泊位,13.88888888888889
铂金,17.5
脖子,6.3478260869565215
博爱,13.095238095238095
博彩,15.68421052631579
博彩业,16.68421052631579
博大,12.863636363636363
博大精深,12.523809523809524
博得,11.35
博客,15.8
博览,12.681818181818182
博取,13.8125
博士,14.05
博士生,13.12
博文,13.857142857142858
博物,13.380952380952381
博物馆,9.307692307692308
博学,12.074074074074074
博弈,12.904761904761905
博弈论,15.130434782608695
博主,16.476190476190474
搏斗,10.470588235294118
搏击,14.1875
补偿,10.631578947368421
补充,10.65
补丁,12.5
补给,14.65
补救,12.31578947368421
补考,13.736842105263158
补课,10.0
补品,11.538461538461538
补缺,13.055555555555555
补时,15.133333333333333
补贴,12.571428571428571
补习,11.0
补习班,10.045454545454545
补助,12.894736842105264
补足,14.1052632
捕获,11.521739130434783
捕捞,12.045454545454545
捕猎,10.695652173913043
捕食,11.12
捕头,10.631578947368421
捕鱼,9.15
捕捉,11.619047619047619
哺乳,12.090909090909092
哺乳类,11.727272727272727
不安,10.833333333333334
不便,11.68421052631579
不错,8.61111111111111
不当,12.652173913043478
不得要领,12.761904761904763
不等,11.3
不动产,17.333333333333332
不动声色,12.1
不对,7.0
不乏,12.88888888888889
不法,13.0
不凡,12.526315789473685
不菲,13.0
不服,10.5714286
不符,9.857142857142858
不甘,11.619047619047619
不甘寂寞,13.777777777777779
不公,10.8125
不够,7.826086956521739
不顾,10.55
不顾一切,12.478260869565217
不行,7.555555555555555
不好,7.0
不合,11.210526315789474
不和,11.3
不惑之年,16.296296296296298
不及,12.157894736842104
不计,13.722222222222221
不见,9.590909090909092
不解,11.166666666666666
不久,9.368421052631579
不均,11.909090909090908
不可思议,11.045454545454545
不快,11.26086956521739
不了了之,12.526315789473685
不理,9.473684210526315
不利,9.952380952380953
不良,12.7
不料,11.0
不满,9.55
不毛之地,14.434782608695652
不免,12.285714285714286
不妙,10.210526315789474
不明,11.19047619047619
不能,7.409090909090909
不配,11.636363636363637
不切实际,11.869565217391305
不忍,11.05
不容,13.3
不如,10.08695652173913
不善,13.5625
不少,10.368421052631579
不慎,12.5625
不省人事,11.23076923076923
不适,10.0
不说,6.65
不俗,13.8125
不速之客,12.615384615384615
不通,10.2857143
不同,8.045454545454545
不妥,13.0
不畏,13.35
不息,12.631578947368421
不惜,11.1
不详,12.0
不祥,12.590909090909092
不屑,13.95
不懈,11.210526315789474
不幸,9.666666666666666
不休,14.105263157894736
不朽,13.523809523809524
不锈钢,11.214285714285714
不许,8.85
不一,13.277777777777779
不一会,7.68
不宜,10.6666667
不易,10.869565217391305
不翼而飞,11.0
不予,14.3
不育,17.4
不孕,15.047619047619047
不再,9.0
不争,10.956521739130435
不知,7.2631578947368425
不知所措,11.461538461538462
不止,9.666666666666666
不治之症,11.285714285714286
不中,11.9
不住,11.11111111111111
不准,6.434782608695652
不足,10.210526315789474
布点,15.0
布丁,9.2
布告,13.5
布告栏,12.0
布景,13.894736842105264
布局,14.590909090909092
布料,9.95238095
布满,10.2
布匹,10.074074074074074
布施,14.461538461538462
布鞋,7.4
布衣,11.368421052631579
布展,15.421052631578947
布阵,12.25
布置,8.956521739130435
步兵,10.615384615384615
步道,15.1875
步伐,8.545454545454545
步行,6.2
步履,12.518518518518519
步枪,9.9
步入,13.0
步骤,10.105263157894736
步子,9.0
部队,8.473684210526315
部分,9.476190476190476
部件,14.5
部落,11.95
部门,14.75
部署,12.571428571428571
部位,9.473684210526315
部下,11.772727272727273
部长,13.88888888888889
擦亮,10.35
擦伤,10.15
擦拭,10.73913043478261
猜测,13.875
猜忌,14.461538461538462
猜想,11.85
才干,11.210526315789474
才华,12.5
才华横溢,12.76
才俊,12.142857142857142
才貌,12.652173913043478
才能,11.04
才女,12.952380952380953
才气,11.8
才艺,9.882352941176471
才子,12.375
材料,10.909090909090908
材质,14.380952380952381
财产,12.761904761904763
财富,11.368421052631579
财经,14.789473684210526
财力,12.7
财迷心窍,12.26086956521739
财神,10.38888888888889
财团,18.3
财务,13.105263157894736
财物,11.11111111111111
财险,16.555555555555557
财政,14.263157894736842
财主,12.05
裁定,14.333333333333334
裁缝,10.884615384615385
裁剪,10.857142857142858
裁决,15.380952380952381
裁判,10.578947368421053
裁员,17.5789474
采编,14.347826086956522
采访,13.090909090909092
采风,15.789473684210526
采购,13.19047619047619
采光,12.625
采集,11.68421052631579
采掘,12.619047619047619
采矿,11.555555555555555
采纳,13.782608695652174
采暖,13.045454545454545
采取,11.0
采写,14.411764705882353
采样,13.764705882352942
采用,10.947368421052632
采摘,9.681818181818182
彩灯,10.5714286
彩电,8.285714285714286
彩虹,7.285714285714286
彩绘,12.3125
彩民,13.8
彩排,10.285714285714286
彩票,11.772727272727273
彩色,7.75
踩点,12.0
踩踏,10.95
菜场,7.368421052631579
菜单,11.272727272727273
菜刀,7.888888888888889
菜地,7.526315789473684
菜价,9.142857142857142
菜苗,8.272727272727273
菜鸟,15.5
菜农,9.55
菜品,12.8
菜谱,10.181818181818182
菜肴,9.789473684210526
菜园,7.909090909090909
参拜,13.73076923076923
参半,13.75
参保,15.263157894736842
参差,12.454545454545455
参差不齐,11.91304347826087
参股,17.272727272727273
参观,10.0625
参会,14.444444444444445
参加,7.4375
参见,11.703703703703704
参军,11.476190476190476
参考,10.428571428571429
参谋,11.705882352941176
参评,15.1875
参赛,8.545454545454545
参赛者,9.6
参事,17.428571428571427
参数,16.238095238095237
参选,12.105263157894736
参演,10.55
参与,10.5
参与感,13.136363636363637
参赞,16.88235294117647
参展,11.555555555555555
参战,12.11111111111111
参照,11.61111111111111
餐馆,10.421052631578947
餐具,6.476190476190476
餐厅,10.0
餐饮,9.947368421052632
餐桌,6.26315789
残兵败将,12.523809523809524
残存,13.590909090909092
残骸,14.391304347826088
残疾,9.227272727272727
残酷,13.65
残留,10.714285714285714
残缺,10.333333333333334
残忍,10.631578947368421
残杀,11.863636363636363
残余,11.652173913043478
残障,12.5
蚕豆,8.5
蚕食,16.08695652173913
惭愧,10.727272727272727
惨案,12.782608695652174
惨败,12.157894736842104
惨淡,12.294117647058824
惨叫,10.115384615384615
惨剧,12.421052631578947
惨烈,12.136363636363637
惨痛,12.0952381
惨遭,13.6
惨重,12.523809523809524
灿烂,10.0
仓储,13.608695652173912
仓促,13.047619047619047
仓惶,14.64
仓库,8.181818181818182
仓鼠,9.884615384615385
仓位,17.842105263157894
苍白,11.3
苍穹,14.181818181818182
苍蝇,5.1
沧海,12.95
沧海桑田,15.318181818181818
藏家,15.588235294117647
藏匿,11.5
藏品,12.722222222222221
藏身,9.947368421052632
藏书,11.095238095238095
藏族,10.714285714285714
操办,14.7
操场,9.25
操控,13.75
操练,10.952380952380953
操盘,16.428571428571427
操守,14.947368421052632
操心,10.545454545454545
操纵,12.6
操作,12.05
糙米,13.115384615384615
嘈杂,10.826086956521738
草案,16.6875
草场,11.25
草丛,7.75
草地,7.761904761904762
草稿,9.727272727272727
草根,15.19047619047619
草菅人命,13.461538461538462
草芥,14.80952380952381
草率,11.352941176470589
草莓,6.0625
草木,8.772727272727273
草皮,13.952380952380953
草坪,10.095238095238095
草书,11.607142857142858
草图,12.904761904761905
草鞋,9.608695652173912
草药,11.045454545454545
草原,8.736842105263158
草纸,9.272727272727273
册封,14.727272727272727
厕所,7.05
侧面,8.84
侧身,8.95
侧重,12.833333333333334
测定,12.0
测绘,15.88888888888889
测量,12.666666666666666
测评,14.31578947368421
测试,10.333333333333334
测算,13.380952380952381
测验,8.842105263157896
策动,16.45
策划,13.9473684
策略,13.695652173913043
层层,11.25
层次,13.6
层级,13.0
层面,13.25
曾经,10.434782608695652
曾祖,11.2
插班,10.904761904761905
插班生,9.826086956521738
插队,11.052631578947368
插曲,11.777777777777779
插入,10.956521739130435
插手,12.045454545454545
插图,11.26086956521739
插嘴,9.894736842105264
插座,8.736842105263158
茶杯,8.615384615384615
茶点,11.925925925925926
茶馆,9.631578947368421
茶壶,8.36
茶花,10.363636363636363
茶几,10.095238095238095
茶水,10.45
茶叶,8.15
茶园,12.2
查案,12.545454545454545
查办,12.470588235294118
查出,10.894736842105264
查处,14.909090909090908
查到,10.6666667
查访,13.925925925925926
查封,12.952380952380953
查核,14.8
查获,12.285714285714286
查看,10.4375
查扣,13.695652173913043
查明,12.238095238095237
查清,10.363636363636363
查实,13.55
查问,10.8
查询,10.25
查验,12.7
查阅,9.947368421052632
查找,12.272727272727273
查证,14.722222222222221
察觉,10.227272727272727
察看,11.105263157894736
岔开,11.1
岔路,10.652173913043478
刹车,11.421052631578947
刹那,10.857142857142858
刹那间,12.130434782608695
诧异,12.272727272727273
差别,10.4
差错,11.7
差额,13.565217391304348
差价,14.375
差劲,9.636363636363637
差距,9.95
差事,12.181818181818182
差异,9.5
差役,13.384615384615385
拆除,10.428571428571429
拆掉,8.047619047619047
拆分,12.8125
拆毁,11.263157894736842
拆解,12.0
拆借,17.047619047619047
拆开,10.80952380952381
拆迁,14.428571428571429
拆卸,9.947368421052632
柴火,9.785714285714286
柴油,10.0
豺狼,10.681818181818182
掺杂,13.722222222222221
搀扶,9.95
搀杂,14.653846153846153
谗言,13.181818181818182
馋嘴,7.464285714285714
禅师,13.473684210526315
禅修,17.48148148148148
孱弱,14.25
缠绵,14.619047619047619
缠绕,10.555555555555555
缠身,13.833333333333334
蝉联,14.944444444444445
蝉鸣,10.521739130434783
蟾蜍,10.454545454545455
产出,11.714285714285714
产地,13.05
产妇,12.789473684210526
产假,16.136363636363637
产科,12.8888889
产量,11.521739130434783
产品,11.954545454545455
产区,15.65
产权,16.142857142857142
产生,9.541666666666666
产物,13.052631578947368
产销,14.722222222222221
产业,14.608695652173912
产值,14.636363636363637
谄媚,16.0
铲除,12.652173913043478
阐明,14.157894736842104
阐释,14.352941176470589
阐述,12.578947368421053
忏悔,13.227272727272727
颤抖,10.1428571
颤栗,13.115384615384615
昌盛,12.08695652173913
猖獗,13.571428571428571
猖狂,11.31578947368421
娼妓,15.1
肠道,12.952380952380953
肠胃,9.631578947368421
尝尝,6.2
尝到,11.0
尝试,12.1
常规,12.842105263157896
常见,9.571428571428571
常客,13.0
常理,10.789473684210526
常人,11.6842105
常任,12.909090909090908
常识,11.090909090909092
常事,13.277777777777779
常态,12.047619047619047
常温,9.74074074074074
常务,14.782608695652174
常用,8.68421052631579
常驻,12.833333333333334
偿付,15.222222222222221
偿还,13.277777777777779
偿债,13.166666666666666
徜徉,14.363636363636363
嫦娥,8.590909090909092
厂房,11.26086956521739
厂家,12.894736842105264
厂区,13.647058823529411
厂商,13.789473684210526
厂长,11.095238095238095
厂子,10.454545454545455
场场,11.8666667
场次,11.619047619047619
场地,9.904761904761905
场馆,11.8
场合,11.91304347826087
场景,11.285714285714286
场面,11.454545454545455
场所,11.5
场站,12.1
敞开,12.2
怅然,14.631578947368421
畅快,9.947368421052632
畅谈,12.818181818181818
畅通,11.444444444444445
畅享,12.68421052631579
畅想,11.666666666666666
畅销,13.35
畅游,13.85
倡导,12.2
倡议,12.772727272727273
唱段,14.38888888888889
唱歌,6.5
唱片,11.3
唱腔,13.55
唱戏,9.772727272727273
抄查,12.555555555555555
抄底,16.375
抄家,11.894736842105264
抄袭,10.95
抄写,8.090909090909092
钞票,8.25
绰号,8.5
超薄,11.380952380952381
超标,13.142857142857142
超常,11.588235294117647
超车,13.0625
超出,9.136363636363637
超大,10.714285714285714
超跌,19.1875
超额,11.210526315789474
超高,9.4
超过,9.333333333333334
超乎,13.842105263157896
超级,10.454545454545455
超龄,13.476190476190476
超模,14.523809523809524
超前,13.157894736842104
超强,10.833333333333334
超群,14.222222222222221
超人,10.578947368421053
超声,14.476190476190476
超市,7.947368421052632
超速,16.142857142857142
超新星,16.0
超音速,15.666666666666666
超员,12.842105263157896
超越,9.94736842
超载,11.73913043478261
超支,13.545454545454545
超值,13.772727272727273
超重,12.95
朝拜,12.65
朝不保夕,14.076923076923077
朝代,10.652173913043478
朝方,13.764705882352942
朝见,13.73913043478261
朝气,11.666666666666666
朝圣,15.476190476190476
朝廷,10.842105263157896
朝夕,11.047619047619047
朝鲜,9.76
朝向,10.166666666666666
朝阳,10.73913043478261
朝着,9.272727272727273
嘲讽,11.782608695652174
嘲笑,9.947368421052632
潮流,11.0
潮湿,9.157894736842104
潮水,10.090909090909092
潮汐,11.777777777777779
吵架,6.04761905
吵闹,6.571428571428571
炒菜,7.666666666666667
炒饭,8.5
炒股,15.875
炒鱿鱼,13.28
炒作,14.26086956521739
车程,11.5
车窗,6.9
车次,12.0
车道,10.95
车灯,6.2105263157894735
车队,9.863636363636363
车费,9.555555555555555
车行,15.176470588235293
车祸,8.842105263157896
车间,14.761904761904763
车库,12.7894737
车况,13.736842105263158
车辆,9.8
车流,11.80952380952381
车轮,7.2631578947368425
车轮战,13.444444444444445
车门,8.545454545454545
车迷,12.8
车牌,10.4
车票,10.043478260869565
车身,11.25
车市,17.736842105263158
车手,13.8125
车速,10.476190476190476
车胎,8.909090909090908
车体,13.0
车头,8.0
车尾,11.0
车位,12.227272727272727
车厢,12.952380952380953
车箱,11.272727272727273
车型,13.166666666666666
车友,15.15
车载,14.444444444444445
车站,8.95
车长,11.80952380952381
车主,11.68421052631579
车子,9.61111111111111
扯谎,10.285714285714286
扯皮,13.5
彻查,14.526315789473685
彻底,11.565217391304348
掣肘,16.19047619047619
撤兵,10.73076923076923
撤出,13.142857142857142
撤回,14.761904761904763
撤离,11.421052631578947
撤诉,17.1578947
撤退,11.173913043478262
撤销,13.090909090909092
撤职,16.45
撤走,11.666666666666666
臣服,15.4
臣民,12.04
尘埃,10.875
尘封,13.052631578947368
尘土,9.166666666666666
沉船,11.173913043478262
沉淀,12.909090909090908
沉浮,14.043478260869565
沉积,14.68421052631579
沉寂,13.764705882352942
沉降,15.0
沉浸,13.409090909090908
沉静,11.952381
沉没,11.142857142857142
沉闷,11.476190476190476
沉迷,12.6875
沉默,10.73913043478261
沉睡,10.19047619047619
沉思,11.454545454545455
沉痛,13.65
沉稳,11.8
沉着,13.210526315789474
沉重,11.7
沉醉,13.181818181818182
陈腐,13.884615384615385
陈旧,11.38888888888889
陈列,11.842105263157896
陈列室,11.090909090909092
陈年,13.523809523809524
陈皮,13.363636363636363
陈设,14.8
陈述,10.2
晨报,12.65
晨练,10.409090909090908
晨曦,11.68421052631579
衬衫,8.782608695652174
衬托,12.75
衬衣,9.55
趁火打劫,12.772727272727273
趁机,10.736842105263158
称霸,11.875
称道,11.761904761904763
称号,9.619047619047619
称呼,8.294117647058824
称为,9.5
称谓,10.090909090909092
称心,12.238095238095237
称赞,9.55
称职,14.428571428571429
称作,10.842105263157896
撑腰,9.55
成败,11.5
成倍,11.8
成本,12.421052631578947
成才,11.666666666666666
成分,12.052631578947368
成功,8.428571428571429
成果,13.619047619047619
成行,15.176470588235293
成吉思汗,12.038461538461538
成绩,7.842105263157895
成家,16.1052632
成见,14.346153846153847
成交,11.869565217391305
成就,12.954545454545455
成立,12.1
成名,10.047619047619047
成名作,13.052631578947368
成年,11.5
成年人,11.592592592592593
成片,13.052631578947368
成品,11.444444444444445
成亲,12.409090909090908
成全,12.956521739130435
成群,10.454545454545455
成群结队,10.0
成人,10.826086956521738
成色,14.263157894736842
成熟,14.117647058823529
成套,12.263157894736842
成为,8.363636363636363
成像,13.0
成效,12.428571428571429
成形,12.6875
成型,13.19047619047619
成衣,13.48
成因,11.80952380952381
成瘾,13.409090909090908
成语,7.6
成员,9.7
成长,10.166666666666666
成竹在胸,12.217391304347826
丞相,11.772727272727273
呈报,14.909090909090908
呈现,11.7
诚恳,12.4375
诚实,9.3
诚信,10.875
诚意,11.523809523809524
诚挚,11.904761904761905
承办,14.0
承包,14.181818181818182
承包商,16.576923076923077
承保,15.529411764705882
承担,10.789473684210526
承兑,12.736842105263158
承继,13.263157894736842
承建,16.3
承接,14.95
承揽,16.263157894736842
承蒙,13.652173913043478
承诺,10.227272727272727
承认,10.789473684210526
承受,12.136363636363637
承受力,12.727272727272727
承运,13.210526315789474
承载,12.1
承租,15.045454545454545
城堡,9.058823529411764
城池,11.666666666666666
城际,15.0714286
城建,15.409090909090908
城郊,13.952380952380953
城楼,11.857142857142858
城门,9.789473684210526
城墙,9.7
城区,11.61111111111111
城市,10.9
城乡,11.052631578947368
城镇,11.055555555555555
乘车,8.833333333333334
乘船,11.263157894736842
乘法,8.227272727272727
乘机,13.476190476190476
乘客,10.619047619047619
乘数,9.222222222222221
乘虚而入,14.148148148148149
乘员,11.736842105263158
乘坐,9.73684211
程度,12.0
程式,15.19047619047619
程序,13.894736842105264
惩处,12.434782608695652
惩罚,10.5
惩戒,14.45
惩治,13.714285714285714
澄清,13.61111111111111
橙色,8.043478260869565
橙汁,9.761904761904763
逞强,11.789473684210526
秤砣,9.304347826086957
吃法,11.047619047619047
吃饭,4.956521739130435
吃喝玩乐,11.31578947368421
吃紧,13.894736842105264
吃惊,10.470588235294118
吃苦,10.526315789473685
吃亏,10.772727272727273
吃力,12.4285714
吃水,8.75
嗤之以鼻,14.045454545454545
痴呆,11.142857142857142
痴迷,12.5
痴情,16.14814814814815
痴心,12.545454545454545
痴心妄想,14.045454545454545
池水,8.2
池塘,7.826086956521739
池子,9.31578947368421
弛缓,13.75
驰骋,12.909090909090908
驰名,13.95
迟迟,10.6
迟到,7.85
迟钝,9.894736842105264
迟缓,11.590909090909092
迟疑,12.277777777777779
迟早,9.666666666666666
持仓,17.63157894736842
持股,15.952380952380953
持久,13.25
持平,11.4
持枪,12.6
持球,12.9
持械,13.615384615384615
持续,12.105263157894736
持续性,12.72
持有,13.454545454545455
持证,11.95
尺寸,9.6
尺度,12.347826086956522
齿轮,14.8125
耻辱,11.95
耻笑,11.826086956521738
叱咤风云,13.72
斥责,11.1875
斥资,14.19047619047619
赤道,12.11111111111111
赤脚,8.851851851851851
赤裸,12.789473684210526
赤贫,15.0
赤子,14.565217391304348
赤字,18.68421052631579
赤足,11.272727272727273
炽热,12.318181818181818
翅膀,6.764705882352941
冲刺,12.578947368421053
冲动,11.523809523809524
冲锋,12.476190476190476
冲高,18.526315789473685
冲击,11.5263158
冲击波,13.368421052631579
冲劲,11.782608695652174
冲浪,12.434782608695652
冲力,14.105263157894736
冲破,12.571428571428571
冲刷,12.578947368421053
冲天,11.578947368421053
冲突,12.541666666666666
冲洗,8.578947368421053
冲撞,11.777777777777779
冲走,10.130434782608695
充斥,14.9333333
充当,10.909090909090908
充电,13.523809523809524
充电器,11.157894736842104
充分,12.523809523809524
充公,14.44
充饥,11.19047619047619
充军,12.0
充满,9.052631578947368
充沛,11.4
充气,10.222222222222221
充塞,12.96
充实,13.6
充血,13.84
充裕,11.526315789473685
充值,11.333333333333334
充足,11.555555555555555
憧憬,12.727272727272727
虫卵,11.136363636363637
虫子,5.217391304347826
崇拜,10.894736842105264
崇高,11.5
崇敬,11.789473684210526
崇尚,12.772727272727273
宠爱,9.71428571
宠儿,12.476190476190476
宠物,7.571428571428571
抽查,11.4375
抽出,9.409090909090908
抽搐,12.80952380952381
抽风,13.545454545454545
抽检,14.7
抽奖,10.2
抽筋,10.85
抽空,10.947368421052632
抽签,10.090909090909092
抽取,11.444444444444445
抽水,11.631578947368421
抽屉,6.714285714285714
抽调,13.272727272727273
抽象,15.15
抽血,9.9
抽烟,8.95
抽样,14.571428571428571
仇恨,10.578947368421053
仇人,11.222222222222221
仇视,11.75
惆怅,14.272727272727273
绸缎,11.304347826086957
酬劳,11.631578947368421
愁苦,11.555555555555555
筹办,13.863636363636363
筹备,12.7
筹措,14.833333333333334
筹划,12.91304347826087
筹集,15.6875
筹建,15.6
筹款,14.75
筹码,13.333333333333334
筹资,16.047619047619047
踌躇,14.409090909090908
踌躇满志,14.454545454545455
丑八怪,7.333333333333333
丑化,12.074074074074074
丑话,10.863636363636363
丑陋,9.882352941176471
丑事,11.31578947368421
丑态,11.526315789473685
丑态百出,11.23076923076923
丑闻,14.625
臭气,8.363636363636363
臭味,8.19047619047619
臭氧,14.26086956521739
臭氧层,13.681818181818182
出版,12.761904761904763
出版社,12.217391304347826
出殡,13.318181818181818
出兵,11.307692307692308
出彩,11.473684210526315
出差,11.05
出产,12.666666666666666
出厂,13.95
出场,9.263157894736842
出车,13.444444444444445
出城,11.38888888888889
出丑,11.909090909090908
出处,11.473684210526315
出错,8.666666666666666
出道,15.571428571428571
出动,11.578947368421053
出发,8.73684211
出访,13.608695652173912
出风头,11.24
出港,14.409090909090908
出轨,17.3
出国,11.904761904761905
出海,10.791666666666666
出行,10.80952380952381
出航,11.44
出乎,10.722222222222221
出击,11.722222222222221
出家,11.956521739130435
出价,10.695652173913043
出嫁,11.863636363636363
出界,12.565217391304348
出警,12.944444444444445
出境,14.470588235294118
出镜,15.789473684210526
出局,13.772727272727273
出具,14.3684211
出口,9.476190476190476
出力,9.4
出炉,11.6875
出路,12.428571428571429
出马,13.869565217391305
出卖,11.380952380952381
出没,10.954545454545455
出门,7.95
出面,10.75
出名,11.4
出纳员,16.304347826086957
出品,13.052631578947368
出奇,12.636363636363637
出勤,13.590909090909092
出去,7.388888888888889
出让,12.263157894736842
出人头地,12.909090909090908
出任,12.238095238095237
出入,10.55
出入境,13.5
出色,9.45
出山,14.2
出身,11.909090909090908
出神入化,11.263157894736842
出生,7.0
出生率,14.851851851851851
出使,11.85
出示,12.045454545454545
出世,11.423076923076923
出事,9.2
出手,11.05
出售,9.782608695652174
出台,15.4
出逃,10.75
出庭,14.0625
出头,11.571428571428571
出土,12.666666666666666
出席,11.588235294117647
出现,8.375
出线,12.7
出血,6.904761904761905
出演,9.947368421052632
出游,8.25
出于,10.352941176470589
出狱,12.210526315789474
出浴,12.222222222222221
出院,9.0
出战,11.222222222222221
出诊,11.277777777777779
出征,12.263157894736842
出众,11.523809523809524
出资,16.75
出自,11.578947368421053
出走,10.7894737
出租,11.956521739130435
初版,13.0
初步,11.863636363636363
初次,9.095238095238095
初稿,15.5
初级,9.952380952380953
初具,12.5
初恋,12.947368421052632
初赛,9.11111111111111
初审,16.782608695652176
初试,11.863636363636363
初选,11.521739130434783
初中,10.148148148148149
初中生,10.043478260869565
初衷,13.526315789473685
除草,9.37037037037037
除掉,10.692307692307692
除恶,10.368421052631579
除非,9.307692307692308
除去,9.588235294117647
除外,10.157894736842104
除夕,8.666666666666666
厨房,7.045454545454546
厨师,8.04761905
厨艺,11.523809523809524
锄头,8.105263157894736
雏菊,12.818181818181818
雏鸟,10.428571428571429
雏形,12.142857142857142
橱窗,11.3125
橱柜,8.318181818181818
储备,11.904761904761905
储藏,9.045454545454545
储存,11.55
储户,15.4
储君,13.962962962962964
储量,13.555555555555555
储物,13.173913043478262
储蓄,11.68421052631579
楚歌,14.26086956521739
处罚,8.833333333333334
处方,12.736842105263158
处分,11.047619047619047
处级,17.0526316
处警,15.307692307692308
处境,13.65
处理,11.476190476190476
处理器,16.272727272727273
处女,13.869565217391305
处女作,13.052631578947368
处世,16.636363636363637
处事,13.0
处心积虑,13.523809523809524
处刑,14.04
处以,14.526315789473685
处于,10.95
处在,11.31578947368421
处长,14.136363636363637
处置,12.434782608695652
畜牧,11.3125
畜牧业,12.692307692307692
畜禽,8.476190476190476
畜生,10.19047619047619
触底,16.375
触电,11.35
触动,13.375
触发,11.476190476190476
触犯,12.95
触及,13.411764705882353
触角,12.5
触觉,12.478260869565217
触摸,9.863636363636363
触碰,12.333333333333334
触手,11.68421052631579
矗立,12.15
揣测,13.68421052631579
揣摩,13.05
川菜,12.38888888888889
川剧,16.0
川流不息,13.714285714285714
穿插,11.210526315789474
穿戴,10.055555555555555
穿过,11.833333333333334
穿行,11.380952380952381
穿梭,12.368421052631579
穿透,12.904761904761905
穿衣,6.0
穿越,13.8947368
传遍,11.434782608695652
传播,12.095238095238095
传唱,13.2
传承,14.0
传出,10.625
传达,11.789473684210526
传单,11.222222222222221
传导,13.565217391304348
传到,10.863636363636363
传递,10.391304347826088
传动,14.470588235294118
传给,11.266666666666667
传呼机,13.047619047619047
传唤,13.944444444444445
传回,13.380952380952381
传记,12.6190476
传开,10.6
传来,10.15
传令,12.5
传媒,13.625
传票,16.52173913043478
传奇,11.19047619047619
传球,10.857142857142858
传染,10.3
传染病,11.545454545454545
传热,12.62962962962963
传人,11.95
传入,11.0
传世,12.0
传授,11.818181818181818
传输,13.0
传说,8.263157894736842
传送,11.047619047619047
传颂,13.192307692307692
传统,13.05
传闻,11.1
传销,17.25
传言,10.954545454545455
传真,14.210526315789474
传中,15.823529411764707
传宗接代,13.363636363636363
船舶,9.05
船舱,9.91304347826087
船队,10.0
船票,11.384615384615385
船体,12.75
船坞,12.727272727272727
船员,10.85
船长,9.15
船只,8.5
船主,11.333333333333334
喘息,10.761904761904763
串连,13.130434782608695
串联,13.761904761904763
串门,9.235294117647058
串通,13.4375
窗户,5.909090909090909
窗口,8.952380952380953
窗帘,8.238095238095237
窗台,6.894736842105263
床单,7.2
床垫,8.444444444444445
床头,7.7
床位,9.368421052631579
闯荡,12.318181818181818
闯祸,9.80952380952381
闯进,10.0
闯入,9.4
创办,13.277777777777779
创出,14.176470588235293
创建,12.0
创举,13.380952380952381
创刊,15.0
创刊号,14.0
创口,12.703703703703704
创立,12.052631578947368
创伤,10.1578947
创始,13.73913043478261
创世,14.043478260869565
创收,15.714285714285714
创下,15.368421052631579
创新,13.523809523809524
创业,17.458333333333332
创意,12.842105263157896
创造,12.11111111111111
创造力,11.521739130434783
创作,12.695652173913043
吹风机,10.423076923076923
吹牛,8.842105263157896
吹嘘,12.444444444444445
吹奏,9.695652173913043
炊具,10.863636363636363
炊烟,9.636363636363637
垂钓,11.090909090909092
垂柳,10.478260869565217
垂危,12.818181818181818
垂涎,14.5
垂直,10.304347826086957
捶背,6.8
锤炼,13.333333333333334
锤子,9.444444444444445
春风,7.823529411764706
春耕,10.526315789473685
春光,12.681818181818182
春节,6.857142857142857
春联,7.66666667
春秋,9.80952380952381
春天,8.090909090909092
春药,15.0
春游,8.095238095238095
春雨,7.875
春运,13.130434782608695
纯粹,12.619047619047619
纯洁,11.272727272727273
纯金,13.954545454545455
纯净,11.05
纯朴,10.909090909090908
纯情,13.521739130434783
纯属,13.0
纯真,10.25
纯正,11.105263157894736
唇膏,10.818181818181818
唇舌,11.909090909090908
淳朴,12.5
醇厚,13.954545454545455
蠢材,11.076923076923077
戳穿,12.736842105263158
啜泣,13.31578947368421
辍学,10.736842105263158
词典,7.9523809523809526
词汇,10.7
词语,8.9
祠堂,13.7
瓷器,10.909090909090908
瓷砖,9.894736842105264
辞别,11.52
辞典,9.5
辞令,14.647058823529411
辞去,10.75
辞世,13.25
辞退,13.045454545454545
辞职,17.8125
慈悲,12.538461538461538
慈善,12.227272727272727
磁场,14.1
磁碟,11.842105263157896
磁共振,18.46153846153846
磁力,12.8
磁铁,9.153846153846153
雌性,10.23076923076923
此行,11.2
此后,10.0
此时,9.571428571428571
次等,12.08
次货,13.285714285714286
次级,14.214285714285714
次日,9.08695652173913
次数,8.666666666666666
次席,13.333333333333334
次序,10.470588235294118
次要,11.9375
刺鼻,9.545454545454545
刺刀,10.136363636363637
刺耳,10.263157894736842
刺激,13.714285714285714
刺杀,13.0
刺伤,10.421052631578947
刺探,12.73076923076923
刺痛,10.5
刺绣,11.0
刺眼,11.55
赐福,10.954545454545455
赐教,12.636363636363637
匆匆,11.238095238095237
匆忙,10.578947368421053
聪明,8.73684211
从良,15.72
从前,8.80952380952381
从容,12.368421052631579
从容不迫,14.074074074074074
从事,14.61111111111111
从严,14.055555555555555
从业,14.736842105263158
从业员,15.0
从一而终,11.5
从长计议,14.148148148148149
从政,14.904761904761905
丛林,10.695652173913043
丛生,12.3125
丛书,13.38888888888889
凑数,10.727272727272727
粗暴,11.80952380952381
粗鄙,12.55
粗糙,11.291666666666666
粗放,12.31578947368421
粗犷,13.944444444444445
粗鲁,9.5
粗略,12.08695652173913
粗俗,11.590909090909092
粗心,7.821428571428571
粗野,11.478260869565217
粗枝大叶,11.909090909090908
促成,12.909090909090908
促进,12.956521739130435
促使,13.631578947368421
促销,14.470588235294118
猝死,16.555555555555557
醋意,14.666666666666666
簇拥,12.590909090909092
窜改,13.285714285714286
篡改,14.3333333
催促,9.333333333333334
催化,13.619047619047619
催泪弹,14.192307692307692
催眠,11.35
催生,13.8125
摧毁,11.909090909090908
摧枯拉朽,14.238095238095237
璀璨,12.666666666666666
脆弱,10.590909090909092
翠绿,8.818181818181818
翠玉,12.592592592592593
村村,10.947368421052632
村官,15.3
村级,12.117647058823529
村落,10.5
村民,8.777777777777779
村寨,10.157894736842104
村长,9.65
村镇,9.904761904761905
村庄,10.85
村子,6.9
存储,14.0
存单,15.3
存档,12.818181818181818
存放,9.894736842105264
存活,11.863636363636363
存货,12.25
存款,10.9
存量,15.142857142857142
存入,11.5
存亡,12.272727272727273
存疑,13.6
存有,12.285714285714286
存在,9.666666666666666
存折,12.0
搓洗,10.894736842105264
磋商,15.3125
撮合,14.875
蹉跎,13.884615384615385
蹉跎岁月,14.846153846153847
挫败,14.181818181818182
挫伤,14.238095238095237
挫折,12.80952380952381
措辞,12.473684210526315
措施,11.45
锉刀,14.333333333333334
错案,14.823529411764707
错别字,8.173913043478262
错峰,16.61111111111111
错怪,11.681818181818182
错过,10.0
错觉,12.277777777777779
错失,11.0
错位,13.105263157894736
错误,6.523809523809524
搭车,10.695652173913043
搭乘,13.761904761904763
搭档,11.0
搭建,10.6315789
搭救,12.555555555555555
搭配,12.826086956521738
搭讪,15.954545454545455
搭载,14.473684210526315
达标,12.047619047619047
达成,11.916666666666666
达到,9.947368421052632
达观,13.875
达官贵人,14.142857142857142
达人,13.722222222222221
答案,8.565217391304348
答辩,14.681818181818182
答道,10.176470588235293
答复,10.842105263157896
答卷,8.823529411764707
答谢,8.631578947368421
答疑,12.045454545454545
答应,7.0
打败,7.9523809523809526
打扮,10.238095238095237
打包,13.625
打草惊蛇,10.894736842105264
打车,11.043478260869565
打成,11.555555555555555
打打,8.3125
打倒,9.15
打点,11.0
打电话,8.24
打动,11.15
打斗,8.947368421052632
打赌,8.25
打断,9.954545454545455
打发,9.777777777777779
打法,11.578947368421053
打分,7.619047619047619
打更,12.80952380952381
打工,13.7
打鼓,7.909090909090909
打滑,11.1
打火,9.807692307692308
打火机,7.434782608695652
打击,12.1
打架,7.2727272727272725
打交道,11.863636363636363
打劫,10.173913043478262
打开,6.421052631578948
打蜡,15.722222222222221
打捞,12.545454545454545
打雷,6.3478260869565215
打理,12.5
打量,12.2
打乱,10.826086956521738
打骂,10.1875
打磨,13.7
打闹,8.090909090909092
打拍子,10.0
打牌,9.75
打拼,11.666666666666666
打破,9.25
打起,10.76923076923077
打气,11.9375
打球,8.227272727272727
打趣,13.952380952380953
打拳,9.555555555555555
打扰,12.238095238095237
打入,11.68421052631579
打扫,7.65
打手,11.636363636363637
打算,11.666666666666666
打碎,10.25
打探,11.421052631578947
打听,11.61111111111111
打通,13.555555555555555
打下,12.294117647058824
打响,11.666666666666666
打消,13.476190476190476
打压,12.736842105263158
打烊,13.391304347826088
打印,12.6842105
打印机,12.19047619047619
打游击,12.772727272727273
打造,12.217391304347826
打仗,10.454545454545455
打折,14.9
打针,8.857142857142858
打中,9.416666666666666
打字,10.105263157894736
打坐,13.592592592592593
大爱,14.222222222222221
大巴,10.434782608695652
大坝,11.761904761904763
大班,8.565217391304348
大半,9.444444444444445
大便,5.882352941176471
大不了,10.043478260869565
大步,8.631578947368421
大部,12.5625
大餐,10.4285714
大肠,12.19047619047619
大潮,13.5
大车,8.75
大臣,11.217391304347826
大单,14.476190476190476
大胆,8.545454545454545
大道,11.6
大地,8.1
大典,13.2
大动脉,15.076923076923077
大都会,13.238095238095237
大豆,7.7894736842105265
大队,11.095238095238095
大多数,9.052631578947368
大方,11.055555555555555
大风,7.578947368421052
大夫,9.857142857142858
大概,8.807692307692308
大干,15.1578947
大纲,10.85
大关,13.375
大观,13.380952380952381
大国,11.473684210526315
大过,12.25
大海,7.8
大海捞针,11.318181818181818
大好,11.222222222222221
大号,9.434782608695652
大河,9.125
大亨,14.95
大红,8.5
大户,11.619047619047619
大会,10.0
大火,5.9411764705882355
大计,14.0769231
大忌,11.884615384615385
大家,8.136363636363637
大江,10.952380952380953
大将,13.35
大奖,9.052631578947368
大街,5.65
大局,14.055555555555555
大军,11.1
大开眼界,10.73913043478261
大考,12.31578947368421
大牢,9.904761904761905
大力,10.11111111111111
大力士,8.421052631578947
大梁,13.555555555555555
大量,11.421052631578947
大龄,14.095238095238095
大楼,9.095238095238095
大路,7.368421052631579
大麻,13.0
大门,5.521739130434782
大米,6.2727272727272725
大名,11.35
大漠,11.45
大脑,9.291666666666666
大脑皮层,15.23076923076923
大牌,14.368421052631579
大盘,14.75
大炮,8.043478260869565
大棚,10.818181818181818
大片,13.434782608695652
大气,11.210526315789474
大气层,11.736842105263158
大器晚成,13.565217391304348
大钱,10.785714285714286
大桥,6.947368421052632
大权,12.7142857
大全,11.0
大热,13.222222222222221
大人,4.9523809523809526
大赛,10.25
大厦,11.0
大声,6.0
大胜,11.19047619047619
大师,12.363636363636363
大使,14.65
大使馆,13.863636363636363
大势,14.25
大事,9.9
大树,4.947368421052632
大水,7.454545454545454
大蒜,7.444444444444445
大堂,10.578947368421053
大体,11.19047619047619
大厅,9.35
大同,11.375
大头,9.736842105263158
大腿,6.9
大腕,14.714285714285714
大王,8.157894736842104
大雾,9.409090909090908
大戏,11.35
大象,8.08695652173913
大小,8.4375
大型,11.6
大兴土木,13.166666666666666
大修,14.466666666666667
大选,13.80952380952381
大学,12.19047619047619
大雪,7.352941176470588
大洋,12.0666667
大业,14.75
大衣,11.476190476190476
大义,13.19047619047619
大义凛然,13.173913043478262
大意,10.652173913043478
大于,8.380952380952381
大鱼,7.2105263157894735
大雨,6.25
大院,11.222222222222221
大运,15.61111111111111
大展,12.6875
大战,12.722222222222221
大众,12.11111111111111
大专,15.473684210526315
大字,10.421052631578947
大宗,16.0
大作,13.631578947368421
呆板,13.434782608695652
呆滞,11.68421052631579
歹毒,11.636363636363637
歹徒,11.1052632
逮捕,12.375
代办,12.73913043478261
代笔,13.476190476190476
代表,12.772727272727273
代表团,11.846153846153847
代步,15.8
代代相传,13.826086956521738
代工,16.85
代购,16.17391304347826
代管,13.578947368421053
代号,12.38888888888889
代价,12.217391304347826
代课,10.772727272727273
代劳,12.727272727272727
代理,14.826086956521738
代理商,16.56
代码,18.105263157894736
代替,12.117647058823529
代销,16.22222222222222
代谢,12.636363636363637
代言,15.1428571
代用,13.521739130434783
代用品,12.476190476190476
带兵,11.363636363636363
带病,9.380952380952381
带到,8.75
带电,9.25
带动,11.521739130434783
带队,10.55
带给,9.5
带回,9.7
带宽,13.578947368421053
带来,8.55
带领,9.526315789473685
带路,9.238095238095237
带入,12.409090909090908
带伤,9.444444444444445
带头,9.368421052631579
带薪,14.857142857142858
带有,12.3
带走,8.15
殆尽,13.25
贷款,14.789473684210526
待定,13.15
待命,12.363636363636363
待人,9.894736842105264
待续,12.227272727272727
待业,15.428571428571429
待遇,12.772727272727273
怠慢,12.923076923076923
袋鼠,9.851851851851851
袋子,7.3478260869565215
丹田,13.954545454545455
担保,16.130434782608695
担当,12.863636363636363
担负,12.869565217391305
担纲,15.1875
担架,11.294117647058824
担任,10.444444444444445
担心,9.045454545454545
担忧,10.952381
担子,12.666666666666666
单薄,10.6875
单边,14.210526315789474
单场,11.761904761904763
单车,7.619047619047619
单程,11.588235294117647
单纯,11.75
单词,8.227272727272727
单打,13.428571428571429
单刀,14.473684210526315
单独,6.9
单方,12.222222222222221
单方面,13.5
单杆,11.9
单个,7.947368421052632
单机,13.61111111111111
单价,10.38888888888889
单据,14.157894736842104
单亲,12.047619047619047
单曲,13.19047619047619
单身,13.578947368421053
单体,15.375
单调,9.736842105263158
单位,12.26086956521739
单向,12.909090909090908
单项,11.5
单一,9.904761904761905
单元,9.583333333333334
单月,11.833333333333334
单子,10.833333333333334
耽搁,12.65
耽误,12.5625
胆固醇,16.714285714285715
胆怯,11.538461538461538
胆识,12.962962962962964
胆小,7.565217391304348
胆战心惊,12.08695652173913
胆子,8.91304347826087
但是,8.363636363636363
但愿,10.76923076923077
诞辰,12.047619047619047
诞生,8.954545454545455
淡薄,12.714285714285714
淡出,13.11111111111111
淡淡,9.894736842105264
淡定,12.80952380952381
淡化,14.75
淡漠,14.074074074074074
淡然,13.9
淡水,11.1
淡忘,12.25925925925926
弹弓,7.608695652173913
弹簧,7.55
弹头,11.304347826086957
弹匣,13.11111111111111
弹性,11.4
弹药,11.4
弹奏,9.052631578947368
蛋白,11.454545454545455
蛋白质,12.130434782608695
蛋糕,6.7894736842105265
蛋黄,6.5
蛋卷,9.434782608695652
蛋壳,7.318181818181818
当班,12.9
当兵,12.25
当差,13.173913043478262
当场,11.08695652173913
当成,12.9375
当初,9.842105263157896
当代,11.76923076923077
当地,11.25
当官,11.5
当红,11.952380952380953
当家,13.333333333333334
当家作主,12.636363636363637
当局,13.470588235294118
当局者迷,13.434782608695652
当权,15.0
当时,8.142857142857142
当事人,13.727272727272727
当心,10.125
当选,13.727272727272727
当着,10.647058823529411
当真,12.285714285714286
当值,15.2
当中,9.615384615384615
当众,13.222222222222221
当作,10.25
挡风,11.0
挡路,7.964285714285714
挡住,10.6
档案,12.736842105263158
档次,12.777777777777779
档期,14.5
党报,14.294117647058824
党风,17.0
党籍,15.222222222222221
党派,14.947368421052632
党史,13.666666666666666
党首,16.764705882352942
党务,16.157894736842106
党校,14.7368421
党性,16.40909090909091
党羽,13.409090909090908
党员,13.818181818181818
党政,16.25
党组,15.8
荡妇,13.925925925925926
荡漾,10.75
刀光剑影,12.952380952380953
刀剑,10.523809523809524
刀具,9.0
刀枪不入,11.76923076923077
刀刃,10.434782608695652
刀伤,9.807692307692308
刀子,7.0
导弹,12.294117647058824
导电,13.19047619047619
导读,11.947368421052632
导航,15.136363636363637
导航灯,11.64
导入,13.6190476
导师,13.619047619047619
导向,13.19047619047619
导言,15.181818181818182
导演,12.875
导游,12.217391304347826
导语,12.095238095238095
导致,12.136363636363637
岛屿,10.9
捣毁,11.227272727272727
捣乱,5.7368421052631575
捣碎,11.608695652173912
倒闭,12.0
倒车,12.05
倒戈,13.9
倒挂,12.68421052631579
倒立,7.846153846153846
倒卖,12.636363636363637
倒霉,7.944444444444445
倒入,8.736842105263158
倒数,8.952380952380953
倒塌,12.25
倒贴,13.818181818181818
倒退,9.4
倒下,9.45
倒叙,11.56
倒影,9.952380952380953
祷告,12.518518518518519
到场,10.0
到处,8.869565217391305
到此为止,10.578947368421053
到达,7.863636363636363
到访,9.75
到会,13.11111111111111
到货,11.782608695652174
到来,10.0
到期,11.85
到任,14.25
到时,9.857142857142858
到手,11.571428571428571
到庭,14.666666666666666
到位,12.4375
盗版,13.904761904761905
盗墓,14.857142857142858
盗抢,10.777777777777779
盗窃,7.2
盗取,11.833333333333334
盗用,12.789473684210526
盗贼,9.653846153846153
悼念,10.954545454545455
道别,9.28
道场,12.56
道德,9.157894736842104
道教,13.821428571428571
道具,11.38888888888889
道理,9.444444444444445
道路,8.526315789473685
道歉,7.380952380952381
道士,10.5
道谢,9.045454545454545
道义,16.7
稻草,8.0
稻谷,8.15789474
稻田,7.043478260869565
得病,7.863636363636363
得不偿失,11.954545454545455
得逞,14.5
得出,11.238095238095237
得当,12.25
得到,7.368421052631579
得分,7.777777777777778
得奖,8.173913043478262
得救,10.130434782608695
得力,10.5
得票,11.19047619047619
得失,12.31578947368421
得手,10.764705882352942
得体,13.105263157894736
得意,9.909090909090908
得知,9.9047619
得主,12.523809523809524
得罪,11.65
德高望重,12.181818181818182
德国,9.818181818181818
德行,10.72
德文,13.45
德语,12.5625
德育,11.590909090909092
的哥,13.571428571428571
的确,9.08
的士,9.909090909090908
灯光,6.1
灯会,10.5
灯火,6.95
灯具,7.631578947368421
灯笼,7.045454545454546
灯谜,8.88888888888889
灯泡,7.473684210526316
灯饰,10.857142857142858
灯塔,9.909090909090908
登岸,11.407407407407407
登报,11.461538461538462
登场,12.1
登顶,14.05
登峰造极,14.0
登高,10.95
登革热,19.11111111111111
登机,13.681818181818182
登记,10.842105263157896
登记处,11.777777777777779
登陆,12.0
登陆艇,14.15
登录,12.2
登门,11.2
登山,9.565217391304348
登山鞋,14.23076923076923
登台,13.1875
等待,9.8
等到,9.0625
等额,13.571428571428571
等候,8.952380952380953
等级,12.529411764705882
等价,12.285714285714286
等同,11.3125
等于,7.590909090909091
凳子,7.714285714285714
瞪视,11.454545454545455
低矮,10.619047619047619
低沉,11.31578947368421
低等,11.3
低点,11.5
低端,11.368421052631579
低分,9.666666666666666
低估,13.722222222222221
低谷,14.157894736842104
低级,10.285714285714286
低价,11.0
低开,14.705882352941176
低空,12.2105263
低廉,13.043478260869565
低落,11.227272727272727
低迷,14.15
低能,14.045454545454545
低射,15.11111111111111
低声,8.090909090909092
低俗,13.083333333333334
低速,11.473684210526315
低碳,15.38888888888889
低调,14.15
低头,7.739130434782608
低位,13.136363636363637
低温,9.0
低下,10.555555555555555
低压,13.235294117647058
低音,11.923076923076923
低于,9.421052631578947
低走,15.210526315789474
堤岸,13.11111111111111
堤坝,12.9047619
嘀咕,10.52
滴水,8.045454545454545
敌对,9.904761904761905
敌方,9.928571428571429
敌军,9.592592592592593
敌人,9.142857142857142
敌视,12.409090909090908
敌意,11.6875
嫡传,16.227272727272727
诋毁,13.521739130434783
抵偿,13.653846153846153
抵触,10.666666666666666
抵达,12.45
抵挡,10.25
抵抗,10.85
抵扣,13.727272727272727
抵赖,10.173913043478262
抵消,11.947368421052632
抵押,14.136363636363637
抵押品,13.814814814814815
抵御,11.0
抵制,11.55
底层,13.047619047619047
底价,13.681818181818182
底牌,13.954545454545455
底盘,13.842105263157896
底片,11.636363636363637
底气,11.7
底线,13.7
底薪,16.105263157894736
底蕴,12.909090909090908
底子,11.666666666666666
底座,11.0
地板,7.045454545454546
地标,14.1875
地表,12.5
地步,11.071428571428571
地产,13.571428571428571
地处,13.45
地带,11.823529411764707
地道,11.375
地点,7.954545454545454
地段,14.761904761904763
地方,8.80952380952381
地基,11.5
地级,13.666666666666666
地价,15.277777777777779
地块,13.777777777777779
地牢,12.222222222222221
地雷,7.684210526315789
地理,12.11111111111111
地利,13.05
地貌,13.055555555555555
地面,8.105263157894736
地名,7.857142857142857
地盘,12.761904761904763
地痞,12.615384615384615
地平线,12.347826086956522
地契,14.26086956521739
地球,6.842105263157895
地区,10.5789474
地势,12.043478260869565
地毯,7.909090909090909
地铁,11.56
地头,13.65
地图,8.380952380952381
地王,17.63157894736842
地位,13.842105263157896
地下水,9.714285714285714
地形,11.277777777777779
地狱,11.478260869565217
地域,11.863636363636363
地缘,17.238095238095237
地震,10.052631578947368
地址,8.529411764705882
地质,15.555555555555555
地主,10.818181818181818
地砖,11.952381
弟兄,7.0476190476190474
弟子,9.619047619047619
帝国,12.047619047619047
帝王,12.75
递给,7.173913043478261
递减,11.904761904761905
递交,11.409090909090908
递增,13.6
第三世界,15.666666666666666
第一,7.043478260869565
缔结,14.789473684210526
缔造,14.75
颠簸,10.526315789473685
颠倒,10.727272727272727
颠倒黑白,11.08695652173913
颠覆,13.055555555555555
巅峰,12.368421052631579
癫狂,14.285714285714286
癫痫,15.0
典当,14.25925925925926
典范,14.3
典故,12.25
典籍,13.4
典礼,10.318181818181818
典型,11.105263157894736
典雅,13.181818181818182
点播,12.35
点菜,9.4
点灯,7.961538461538462
点滴,10.7
点火,9.869565217391305
点击,14.4375
点将,14.045454545454545
点亮,10.9
点名,9.1875
点评,12.714285714285714
点球,13.2
点燃,8.764705882352942
点收,12.3636364
点数,10.409090909090908
点头,7.545454545454546
点位,18.142857142857142
点心,9.714285714285714
点缀,10.947368421052632
点子,9.8
碘酒,12.12
电报,11.944444444444445
电表,12.6
电波,14.038461538461538
电厂,9.947368421052632
电车,12.5
电池,8.166666666666666
电磁,14.105263157894736
电灯,5.964285714285714
电动,10.380952380952381
电镀,14.545454545454545
电费,10.523809523809524
电风扇,8.636363636363637
电工,11.421052631578947
电光,10.722222222222221
电话,8.10526316
电话亭,9.909090909090908
电机,12.956521739130435
电价,12.590909090909092
电解质,15.16
电缆,13.85
电力,12.047619047619047
电量,10.25
电疗,15.142857142857142
电流,11.578947368421053
电路,12.0
电脑,10.565217391304348
电能,12.363636363636363
电瓶,14.090909090909092
电气,12.368421052631579
电器,9.117647058823529
电式,17.46153846153846
电视,7.318181818181818
电视台,7.923076923076923
电台,11.1904762
电毯,10.375
电梯,8.904761904761905
电筒,8.333333333333334
电网,12.857142857142858
电线,8.8125
电信,12.863636363636363
电信业,16.6
电讯,13.476190476190476
电压,13.5
电影,8.95
电影节,15.318181818181818
电源,8.45
电站,13.5
电子,11.105263157894736
电子游戏,10.8
电阻,12.64
佃农,14.0
店家,12.222222222222221
店面,10.368421052631579
店铺,10.047619047619047
店员,10.85
店长,12.045454545454545
店主,9.7
玷污,13.954545454545455
垫底,10.2
垫付,13.227272727272727
垫脚,10.571428571428571
淀粉,11.5
惦记,10.473684210526315
惦念,12.88888888888889
奠定,12.5
奠基,13.4
殿堂,12.173913043478262
殿下,12.0
殿宇,13.761904761904763
刁民,11.181818181818182
刁难,13.3125
凋零,12.0
凋谢,11.157894736842104
貂皮,13.32
碉堡,11.607142857142858
雕刻,11.5
雕塑,11.0625
雕像,10.19047619047619
雕琢,13.571428571428571
吊车,8.705882352941176
吊灯,10.8
吊桥,11.61111111111111
吊销,17.5
吊唁,14.285714285714286
钓竿,9.956521739130435
钓鱼,8.363636363636363
掉包,11.703703703703704
掉换,9.714285714285714
掉落,7.285714285714286
掉头,9.4
跌倒,7.8125
跌幅,15.08695652173913
跌价,13.454545454545455
跌落,11.380952380952381
跌破,12.681818181818182
跌势,16.15
跌停,17.55
谍报,14.05
叠加,11.0
碟子,7.454545454545454
蝶泳,11.8
叮当,10.076923076923077
叮嘱,8.31578947368421
盯住,10.090909090909092
顶点,12.454545454545455
顶风,11.421052631578947
顶峰,10.428571428571429
顶级,13.8947368
顶尖,12.2
顶棚,11.105263157894736
顶替,12.227272727272727
顶住,11.578947368421053
顶撞,9.777777777777779
鼎力,13.681818181818182
鼎力相助,12.88888888888889
鼎立,13.304347826086957
鼎盛,11.25
订单,14.1
订购,12.347826086956522
订婚,16.125
订货,14.35
订价,12.678571428571429
订金,12.125
订立,12.619047619047619
订票,11.857142857142858
订书机,8.35
订阅,12.0
订制,13.5
钉鞋,12.818181818181818
钉子,5.555555555555555
定点,11.636363636363637
定夺,14.0
定额,16.238095238095237
定格,11.789473684210526
定价,10.7
定金,13.38888888888889
定居,12.5
定局,12.421052631578947
定量,14.444444444444445
定论,12.944444444444445
定律,13.722222222222221
定名,13.68421052631579
定期,12.428571428571429
定神,12.12
定时,9.421052631578947
定调,16.904761904761905
定投,17.736842105263158
定为,12.5882353
定位,13.043478260869565
定位仪,15.695652173913043
定下,12.0
定向,15.631578947368421
定型,12.666666666666666
定性,12.304347826086957
定义,9.894736842105264
定于,11.833333333333334
定制,14.347826086956522
定罪,12.545454545454545
铤而走险,13.391304347826088
丢掉,7.869565217391305
丢脸,9.130434782608695
丢弃,10.0
丢人,8.882352941176471
丢失,9.631578947368421
东部,10.105263157894736
东道主,12.681818181818182
东方,9.321428571428571
东风,10.454545454545455
东家,14.85
东经,13.3
东路,13.882352941176471
东门,11.0625
东南亚,13.052631578947368
东西,7.869565217391305
东洋,12.363636363636363
东张西望,8.851851851851851
冬菇,11.227272727272727
冬瓜,7.9523809523809526
冬季,7.2272727272727275
冬眠,9.944444444444445
冬天,5.157894736842105
冬训,12.727272727272727
冬荫功,18.772727272727273
冬泳,11.461538461538462
冬至,9.91304347826087
冬装,7.842105263157895
董事,14.4
董事长,16.217391304347824
懂得,10.45
懂事,8.75
动车,15.31578947368421
动词,11.565217391304348
动弹,12.136363636363637
动荡,13.944444444444445
动荡不安,13.608695652173912
动感,11.0
动工,11.80952380952381
动画,8.4
动机,13.45
动静,9.25
动力,10.545454545454545
动乱,12.296296296296296
动脉,13.0
动漫,9.818181818181818
动能,12.8
动迁,14.105263157894736
动情,14.130434782608695
动人,11.625
动容,13.2
动手,7.875
动态,11.047619047619047
动听,9.523809523809524
动物,6.294117647058823
动物园,6.592592592592593
动向,13.25
动心,12.681818181818182
动摇,12.142857142857142
动议,17.352941176470587
动因,13.11111111111111
动用,10.95
动员,11.777777777777779
动作,9.0
冻结,12.631578947368421
冻肉,11.423076923076923
洞察,13.227272727272727
洞房,14.307692307692308
洞窟,11.0
洞穴,9.666666666666666
恫吓,13.777777777777779
胴体,15.925925925925926
都城,14.88888888888889
都行,9.3
都市,11.68421052631579
兜风,11.652173913043478
兜售,15.571428571428571
抖动,9.5
抖擞精神,12.391304347826088
陡峭,12.8
斗牛,10.576923076923077
斗殴,11.523809523809524
斗气,11.285714285714286
斗士,12.842105263157896
斗争,11.1052632
斗志,10.73913043478261
斗嘴,10.521739130434783
豆腐,6.142857142857143
豆浆,7.708333333333333
豆类,7.473684210526316
豆奶,9.523809523809524
豆芽,7.7727272727272725
逗号,8.363636363636363
逗留,11.055555555555555
逗笑,8.071428571428571
督办,15.347826086956522
督查,13.863636363636363
督察,14.217391304347826
督促,13.263157894736842
督导,13.235294117647058
嘟囔,11.142857142857142
毒打,10.52
毒贩,13.052631578947368
毒计,10.45
毒箭,10.777777777777779
毒品,12.954545454545455
毒气,11.409090909090908
毒素,14.047619
毒性,10.333333333333334
毒药,10.0
独裁,14.045454545454545
独唱,10.6
独处,10.166666666666666
独创,12.25
独到,12.368421052631579
独家,13.363636363636363
独居,13.555555555555555
独具,12.052631578947368
独力,12.636363636363637
独立,10.714285714285714
独门,14.15
独善其身,15.434782608695652
独生子,9.789473684210526
独特,11.7
独一无二,10.227272727272727
独有,13.05
独占,11.181818181818182
独资,17.05263157894737
独自,9.136363636363637
独奏,12.636363636363637
读本,9.714285714285714
读出,8.0625
读书,6.913043478260869
读物,9.619047619047619
读音,8.565217391304348
读者,9.454545454545455
渎职,16.8
笃定,13.666666666666666
堵车,11.7
堵塞,11.8
堵住,10.26086956521739
赌博,12.5
赌场,13.75
赌徒,12.76
杜鹃,8.6875
杜绝,10.80952380952381
杜撰,15.125
肚脐,5.4
肚子,5.809523809523809
妒忌,10.555555555555555
度过,10.176470588235293
度假,10.5
度日,11.545454545454545
度日如年,11.695652173913043
度数,11.26086956521739
渡过,13.142857142857142
渡口,13.142857142857142
渡轮,12.722222222222221
镀铬,15.529411764705882
镀金,13.545454545454545
端倪,13.4
端午节,8.296296296296296
端详,12.1
端正,12.166666666666666
端庄,15.35
短处,10.0
短促,10.44
短道,13.470588235294118
短短,9.882352941176471
短发,9.222222222222221
短见,13.68
短裤,9.157894736842104
短路,12.619047619047619
短跑,8.785714285714286
短片,12.523809523809524
短期,9.4
短缺,11.473684210526315
短途,9.89473684
短线,12.478260869565217
短信,12.590909090909092
短袖,7.4
短暂,11.952380952380953
段落,9.291666666666666
段子,14.473684210526315
断层,13.5
断电,9.91304347826087
断定,12.636363636363637
断交,12.727272727272727
断绝,11.347826086956522
断裂,10.894736842105264
断面,13.5
断言,14.368421052631579
断章取义,14.0
缎带,11.777777777777779
锻炼,9.681818181818182
锻造,13.8571429
堆放,10.0
堆肥,13.583333333333334
堆积,10.333333333333334
堆积如山,12.0
堆满,11.4375
队列,8.80952380952381
队伍,10.272727272727273
队形,9.772727272727273
队医,13.263157894736842
队友,9.65
队员,10.05
队长,9.956521739130435
对岸,8.947368421052632
对白,13.227272727272727
对比,10.444444444444445
对不起,7.181818181818182
对策,11.052631578947368
对称,9.80952380952381
对冲,17.25
对打,9.526315789473685
对待,10.1
对等,11.636363636363637
对方,8.210526315789474
对付,11.045454545454545
对攻,11.31578947368421
对话,8.3
对讲机,13.23076923076923
对角,12.0
对角线,10.407407407407407
对接,13.652173913043478
对局,15.5625
对决,13.0
对抗,11.25
对口,13.380952380952381
对垒,15.45
对立,11.529411764705882
对立面,12.545454545454545
对联,8.3125
对流,13.714285714285714
对骂,9.44
对内,12.263157894736842
对手,10.714285714285714
对调,13.5
对象,14.619047619047619
对应,10.0
对于,10.68421052631579
对照,10.1
对阵,13.5
对症下药,12.65
对峙,15.55
对准,8.0
对子,11.0
兑付,14.88888888888889
兑换,12.526315789473685
兑奖,10.523809523809524
兑现,13.761904761904763
敦促,14.526315789473685
蹲点,14.8947368
盾牌,9.1
顿悟,13.052631578947368
多边,12.2
多变,13.473684210526315
多彩,8.761904761904763
多发,11.666666666666666
多方,13.11111111111111
多管闲事,10.185185185185185
多亏,10.88888888888889
多情,12.2
多事,9.909090909090908
多数,9.391304347826088
多头,13.421052631578947
多谢,7.909090909090909
多心,11.777777777777779
多样,9.956521739130435
多赢,15.833333333333334
多于,8.75
多余,9.0
多元,14.952380952380953
多元化,15.11111111111111
多云,9.42857143
多种,8.461538461538462
多嘴,9.0
夺得,10.380952380952381
夺冠,10.857142857142858
夺金,14.625
夺目,12.043478260869565
夺取,11.333333333333334
躲避,8.272727272727273
躲藏,7.85
舵手,13.380952380952381
堕落,13.95
惰性,11.9
跺脚,8.76923076923077
婀娜,14.038461538461538
俄国,11.818181818181818
俄语,12.25
峨眉,11.863636363636363
鹅蛋,8.19047619047619
鹅蛋脸,13.6
额度,16.0
额头,7.954545454545454
额外,11.166666666666666
厄运,13.695652173913043
扼杀,12.578947368421053
扼要,13.407407407407407
恶霸,11.454545454545455
恶臭,8.952380952380953
恶毒,10.071428571428571
恶搞,14.45
恶果,12.045454545454545
恶化,12.2
恶劣,12.6
恶梦,8.227272727272727
恶魔,11.772727272727273
恶心,8.318181818181818
恶性,13.052631578947368
恶意,12.090909090909092
恶运,11.26923076923077
恶作剧,10.521739130434783
饿死,8.368421052631579
遏止,14.653846153846153
遏制,13.1
噩耗,13.333333333333334
噩梦,12.6875
鳄鱼,10.55
恩爱,13.625
恩赐,14.157894736842104
恩典,12.75
恩惠,11.653846153846153
恩人,10.571428571428571
恩师,10.80952380952381
恩怨,12.058823529411764
儿歌,6.681818181818182
儿科,8.625
儿女,8.363636363636363
儿孙,12.952380952380953
儿孙满堂,12.26086956521739
儿童,6.380952380952381
儿童节,7.1923076923076925
而今,10.75
耳朵,6.052631578947368
耳光,9.1
耳环,9.24
耳机,10.055555555555555
耳聋,10.0
耳鸣,12.454545454545455
耳膜,12.346153846153847
耳目,11.178571428571429
耳濡目染,12.115384615384615
二次大战,13.818181818181818
二分法,14.76
二胡,8.68421052631579
二话不说,11.956521739130435
二审,17.0
二手,13.277777777777779
二手车,14.32
二线,14.777777777777779
二氧化碳,13.318181818181818
二重奏,14.192307692307692
发案,14.65
发报,12.047619047619047
发表,13.0
发病,9.894736842105264
发布,12.8947368
发布会,14.608695652173912
发财,12.304347826086957
发车,13.272727272727273
发愁,13.3
发出,10.142857142857142
发达,11.208333333333334
发呆,8.263157894736842
发电,11.222222222222221
发电站,12.0
发动,12.0
发抖,8.909090909090908
发放,11.73913043478261
发福,14.678571428571429
发稿,15.631578947368421
发给,10.533333333333333
发根,10.923076923076923
发功,12.470588235294118
发光,9.789473684210526
发行,14.9375
发行量,15.181818181818182
发慌,9.0
发挥,10.954545454545455
发火,8.818181818181818
发货,13.952381
发髻,13.130434782608695
发觉,10.19047619047619
发酵,11.904761904761905
发掘,12.5
发卡,9.91304347826087
发狂,12.727272727272727
发蜡,15.304347826086957
发牢骚,11.954545454545455
发愣,11.909090909090908
发力,11.523809523809524
发亮,9.681818181818182
发令,10.666666666666666
发霉,9.0
发明,10.6
发明家,9.476190476190476
发票,13.75
发妻,14.956521739130435
发起,11.25
发起人,12.925925925925926
发球,8.578947368421053
发热,8.590909090909092
发人深省,13.571428571428571
发散,12.444444444444445
发烧,7.0
发射,10.857142857142858
发生,10.35
发声,9.05
发誓,10.8
发售,11.761904761904763
发送,10.68421052631579
发帖,14.636363636363637
发威,10.35
发文,14.526315789473685
发问,10.869565217391305
发现,9.5
发泄,12.6
发型,10.0
发芽,8.047619047619047
发言,8.882352941176471
发炎,10.3125
发扬,10.545454545454545
发音,9.571428571428571
发育,12.857142857142858
发源地,10.4
发展,10.736842105263158
发展商,15.476190476190476
发自,10.789473684210526
发作,11.666666666666666
乏力,13.45
乏味,12.105263157894736
伐木,9.2
罚单,13.666666666666666
罚金,13.277777777777779
罚款,10.842105263157896
罚球,12.428571428571429
阀门,14.333333333333334
法案,16.894736842105264
法宝,10.5263158
法定,13.652173913043478
法官,12.136363636363637
法规,14.2
法国,9.894736842105264
法国人,9.428571428571429
法警,14.0
法理,14.333333333333334
法力,11.19047619047619
法令,13.333333333333334
法律,11.277777777777779
法人,17.17391304347826
法师,13.476190476190476
法式,15.761904761904763
法术,11.923076923076923
法庭,13.368421052631579
法网,13.941176470588236
法文,13.523809523809524
法务,16.944444444444443
法学,15.909090909090908
法学院,16.526315789473685
法医,15.3809524
法语,12.333333333333334
法院,12.428571428571429
法则,12.375
法制,13.130434782608695
法治,12.761904761904763
法子,10.954545454545455
砝码,13.6
帆布,11.615384615384615
帆船,9.0
番茄,6.45
翻版,14.962962962962964
翻车,9.368421052631579
翻番,14.523809523809524
翻滚,10.444444444444445
翻过,8.368421052631579
翻红,16.5
翻开,8.6
翻看,11.25
翻录,15.1
翻拍,15.2
翻盘,13.590909090909092
翻山越岭,11.318181818181818
翻身,9.526315789473685
翻新,13.681818181818182
翻译,11.0
翻阅,10.4
翻越,10.217391304347826
翻转,13.0625
凡尔赛宫,15.117647058823529
凡夫俗子,13.727272727272727
凡间,13.6
凡人,11.75
凡士林,13.35
凡事,11.846153846153847
烦恼,11.4375
烦心,10.476190476190476
烦忧,10.88
烦躁,11.285714285714286
繁多,10.705882352941176
繁复,14.875
繁华,10.363636363636363
繁忙,13.571428571428571
繁荣,13.904761904761905
繁琐,11.789473684210526
繁衍,11.95
繁育,14.222222222222221
繁杂,14.15
繁殖,13.31578947368421
繁重,12.777777777777779
反败为胜,11.238095238095237
反驳,12.722222222222221
反哺,14.263157894736842
反差,12.380952380952381
反常,12.952380952380953
反弹,12.052631578947368
反导,16.2352941
反对,10.434782608695652
反对派,12.523809523809524
反方,10.636363636363637
反腐,16.2
反感,12.7
反攻,11.952380952380953
反观,12.347826086956522
反光,9.473684210526315
反光镜,11.285714285714286
反悔,9.61111111111111
反击,12.08695652173913
反间计,12.714285714285714
反抗,10.772727272727273
反恐,15.391304347826088
反馈,14.473684210526315
反派,12.882352941176471
反叛,12.272727272727273
反扑,14.842105263157896
反射,11.909090909090908
反省,12.1904762
反思,10.476190476190476
反锁,9.523809523809524
反贪,16.74074074074074
反胃,11.894736842105264
反问,10.25
反响,13.409090909090908
反向,12.428571428571429
反应,10.454545454545455
反应堆,15.2
反映,12.15
反转,13.0
返程,12.25
返工,13.238095238095237
返还,12.909090909090908
返航,12.263157894736842
返回,8.277777777777779
返乡,11.31578947368421
返校,9.333333333333334
犯案,12.173913043478262
犯错,9.9
犯法,11.074074074074074
犯规,10.25
犯人,9.75
犯罪,9.954545454545455
犯罪率,12.4
饭菜,6.2727272727272725
饭店,7.85
饭馆,7.95
饭盒,10.357142857142858
饭局,13.695652173913043
饭桶,8.777777777777779
饭碗,11.3125
饭桌,7.3
泛滥,12.947368421052632
泛指,11.4
泛舟,11.785714285714286
范本,12.25
范畴,12.0
范例,11.80952380952381
范围,9.117647058823529
贩毒,15.4375
贩卖,11.636363636363637
贩子,13.095238095238095
方案,14.714285714285714
方便,8.947368421052632
方便面,8.521739130434783
方寸,13.24
方法,6.75
方法论,14.105263157894736
方可,13.136363636363637
方块,8.227272727272727
方略,14.823529411764707
方面,12.31578947368421
方式,10.526315789473685
方糖,12.428571428571429
方位,12.0
方向,9.166666666666666
方向感,12.777777777777779
方形,8.68421052631579
方言,9.666666666666666
方圆,12.0
方丈,10.84
方针,13.555555555555555
方阵,12.3157895
方舟,13.681818181818182
芳龄,13.592592592592593
芳香,9.136363636363637
芳心,13.357142857142858
防备,13.1
防病,13.055555555555555
防盗,10.5
防冻液,16.263157894736842
防毒,11.157894736842104
防毒面具,13.652173913043478
防范,12.473684210526315
防风,12.222222222222221
防腐,12.478260869565217
防腐剂,12.956521739130435
防寒,10.136363636363637
防洪,12.173913043478262
防护,12.263157894736842
防火,10.647058823529411
防空,14.421052631578947
防空洞,11.368421052631579
防控,14.818181818181818
防身,12.869565217391305
防守,10.9047619
防水,9.0
防伪,12.333333333333334
防卫,11.4375
防务,15.35
防线,13.047619047619047
防汛,12.05
防疫,13.95
防御,11.65
防灾,11.052631578947368
防震,11.421052631578947
防止,10.047619047619047
防治,12.88888888888889
妨碍,10.421052631578947
妨害,12.095238095238095
房产,15.35
房车,13.0
房地,13.470588235294118
房地产,14.65
房东,13.5
房价,14.578947368421053
房间,7.2727272727272725
房客,11.65
房款,16.3
房门,9.391304347826088
房屋,11.5625
房源,17.15
房主,13.1875
房子,7.095238095238095
房租,13.571428571428571
仿佛,10.952380952380953
仿古,13.823529411764707
仿冒,12.789473684210526
仿生,14.894736842105264
仿效,11.869565217391305
仿制,13.625
仿制品,12.80952380952381
访华,11.952380952380953
访美,14.272727272727273
访谈,15.238095238095237
访问,12.523809523809524
纺织,10.9
纺织业,12.28
放出,10.11111111111111
放大,11.8
放大镜,8.545454545454545
放贷,15.421052631578947
放荡,15.4
放倒,11.5
放飞,11.555555555555555
放过,12.210526315789474
放行,11.666666666666666
放缓,12.857142857142858
放火,11.0
放假,8.157894736842104
放开,11.1578947
放宽,11.695652173913043
放款,16.473684210526315
放量,17.473684210526315
放慢,10.285714285714286
放牧,10.23076923076923
放弃,9.956521739130435
放权,17.157894736842106
放任,12.88888888888889
放入,9.652173913043478
放射,13.0
放射性,16.285714285714285
放生,12.652173913043478
放手,10.894736842105264
放水,11.705882352941176
放松,10.631578947368421
放下,8.590909090909092
放心,9.71428571
放学,7.523809523809524
放眼,11.25
放羊,7.478260869565218
放映,11.227272727272727
放在,10.0
放置,10.818181818181818
放逐,14.956521739130435
放纵,14.0
飞奔,9.45
飞车,13.0
飞弛,11.391304347826088
飞驰,11.105263157894736
飞船,11.666666666666666
飞弹,12.142857142857142
飞抵,13.333333333333334
飞碟,10.136363636363637
飞赴,12.631578947368421
飞过,9.523809523809524
飞行,10.0
飞机,8.95
飞机场,10.909090909090908
飞快,8.6
飞禽,9.727272727272727
飞禽走兽,10.476190476190476
飞人,11.65
飞身,13.75
飞逝,12.789473684210526
飞速,10.894736842105264
飞天,11.772727272727273
飞往,9.05
飞吻,9.0
飞舞,10.0
飞翔,8.043478260869565
飞扬,13.1
飞跃,10.4375
飞越,11.285714285714286
非常,8.909090909090908
非法,12.476190476190476
非凡,10.941176470588236
非礼,13.181818181818182
非议,14.125
非洲,9.6
菲薄,14.368421052631579
绯红,13.923076923076923
绯闻,14.5
扉页,14.692307692307692
肥料,11.19047619047619
肥胖,9.333333333333334
肥肉,6.684210526315789
肥沃,10.421052631578947
肥皂,6.2
肥壮,10.5
匪徒,9.12
诽谤,14.5
斐然,17.210526315789473
翡翠,12.052631578947368
肺癌,14.157894736842104
肺部,10.055555555555555
肺腑,13.090909090909092
肺腑之言,14.434782608695652
肺活量,11.75
肺炎,12.73913043478261
废除,11.666666666666666
废话,9.0
废旧,11.555555555555555
废料,13.473684210526315
废品,9.0
废气,14.80952380952381
废弃,11.894736842105264
废水,9.44444444
废物,8.652173913043478
废墟,11.772727272727273
废止,14.277777777777779
废纸,6.9523809523809526
废置,12.045454545454545
沸水,8.73076923076923
沸腾,10.217391304347826
费解,12.272727272727273
费劲,10.173913043478262
费力,10.210526315789474
费率,16.071428571428573
费神,11.964285714285714
费时,11.68421052631579
费心,12.0
费用,10.090909090909092
分贝,14.863636363636363
分辨,10.3809524
分布,10.80952380952381
分部,13.473684210526315
分层,11.75
分成,14.181818181818182
分寸,12.380952380952381
分担,10.380952380952381
分得,9.25
分店,13.6
分段,11.05
分队,9.68421052631579
分发,9.789473684210526
分赴,13.8
分割,11.444444444444445
分隔,10.68421052631579
分工,9.571428571428571
分管,15.7
分行,13.73913043478261
分红,14.0
分化,13.7
分会,14.05
分获,14.411764705882353
分级,12.590909090909092
分家,10.65
分解,13.2
分居,13.5
分局,14.625
分开,10.35
分类,10.375
分离,9.714285714285714
分量,12.15
分列,12.117647058823529
分裂,13.0
分流,12.952380952380953
分泌,15.571428571428571
分娩,15.952380952380953
分秒,8.25
分明,11.736842105263158
分母,11.04
分内,13.157894736842104
分派,12.6
分配,12.333333333333334
分批,13.0
分期,16.05263157894737
分期付款,17.043478260869566
分歧,14.38888888888889
分清,10.666666666666666
分区,14.052631578947368
分散,10.380952380952381
分身,11.777777777777779
分神,10.181818181818182
分手,14.047619047619047
分属,13.11111111111111
分数,8.89473684
分水岭,15.136363636363637
分摊,14.043478260869565
分外,11.576923076923077
分为,10.631578947368421
分析,14.45
分析员,14.80952380952381
分享,12.523809523809524
分销,14.434782608695652
分校,12.105263157894736
分心,11.666666666666666
分支,13.818181818181818
分钟,7.826086956521739
分子,12.695652173913043
分组,9.0
芬芳,9.772727272727273
吩咐,10.318181818181818
纷繁,14.647058823529411
纷扰,13.608695652173912
纷争,13.947368421052632
氛围,11.7142857
坟地,8.636363636363637
坟墓,10.380952380952381
焚化,13.047619047619047
焚化炉,13.75
焚烧,10.380952380952381
粉笔,6.72
粉尘,11.3125
粉红,6.478260869565218
粉末,9.619047619047619
粉嫩,10.576923076923077
粉色,7.363636363636363
粉身碎骨,12.476190476190476
粉饰,15.692307692307692
粉刷,10.15
粉丝,11.85
粉碎,12.45
份额,13.722222222222221
份量,9.12
奋斗,13.863636363636363
奋进,10.222222222222221
奋力,8.842105263157896
奋起,10.666666666666666
奋勇,13.35
奋战,11.45
粪便,5.894736842105263
愤慨,13.1
愤怒,7.7727272727272725
愤世嫉俗,16.291666666666668
丰富,9.636363636363637
丰功,12.294117647058824
丰厚,9.9
丰满,13.05
丰盛,10.0
丰收,10.1875
丰硕,12.4
丰衣足食,11.538461538461538
丰盈,13.045454545454545
丰韵,15.545454545454545
风暴,10.5625
风波,12.142857142857142
风采,11.714285714285714
风潮,13.411764705882353
风车,7.125
风吹雨打,8.954545454545455
风挡,14.1
风电,14.476190476190476
风度,14.857142857142858
风度翩翩,12.842105263157896
风帆,12.272727272727273
风范,13.055555555555555
风格,12.05
风光,12.222222222222221
风化,13.333333333333334
风景,9.4
风景画,10.071428571428571
风景区,11.173913043478262
风浪,9.789473684210526
风力,11.833333333333334
风凉话,10.681818181818182
风铃,9.56
风流,14.11111111111111
风貌,13.473684210526315
风靡,14.904761904761905
风能,15.857142857142858
风气,12.894736842105264
风情,14.5263158
风趣,10.782608695652174
风骚,14.35
风沙,9.681818181818182
风扇,5.8
风尚,14.476190476190476
风神,13.0
风声,10.736842105263158
风湿,13.961538461538462
风水,14.61111111111111
风俗,12.608695652173912
风速,11.727272727272727
风头,11.565217391304348
风味,12.368421052631579
风险,12.235294117647058
风向,10.631578947368421
风雪,8.818181818181818
风雨,7.38095238
风月,13.954545454545455
风云,11.571428571428571
风云人物,13.478260869565217
风韵犹存,15.863636363636363
风筝,7.428571428571429
枫叶,9.5
封闭,11.0625
封存,13.130434782608695
封地,12.909090909090908
封顶,14.285714285714286
封堵,11.818181818181818
封盖,13.473684210526315
封号,15.0
封建,12.55
封面,8.85
封杀,16.157894736842106
封死,11.476190476190476
封锁,12.833333333333334
封条,11.380952380952381
封印,12.714285714285714
封装,12.88888888888889
疯传,12.428571428571429
疯癫,12.592592592592593
疯狗,9.777777777777779
疯狂,12.2
疯子,9.65
峰会,17.65
峰值,13.45
烽火,13.894736842105264
锋利,9.5
锋芒,12.2
锋线,15.222222222222221
蜂巢,10.91304347826087
蜂蜜,9.130434782608695
蜂鸟,12.238095238095237
蜂拥,14.25
逢迎,13.6
缝合,13.15
缝纫,9.368421052631579
缝隙,11.9375
讽刺,11.285714285714286
凤凰,10.047619047619047
凤梨,9.095238095238095
奉承,11.952380952380953
奉告,13.636363636363637
奉行,15.523809523809524
奉命,11.235294117647058
奉陪,12.538461538461538
奉劝,12.148148148148149
奉上,13.0625
奉献,10.954545454545455
俸禄,13.409090909090908
佛教,15.428571428571429
佛经,11.789473684210526
佛像,9.052631578947368
否定,9.35
否决,12.833333333333334
否认,11.4
否则,9.458333333333334
夫妇,9.368421052631579
夫妻,12.277777777777779
夫人,11.555555555555555
夫子,12.76
肤浅,11.964285714285714
肤色,11.578947368421053
孵化,12.666666666666666
敷衍,13.857142857142858
敷衍了事,12.423076923076923
敷药,9.68421052631579
伏笔,12.105263157894736
伏兵,12.105263157894736
伏法,13.608695652173912
伏击,12.884615384615385
伏特,14.52
扶持,14.2631579
扶贫,15.08695652173913
扶手,11.136363636363637
扶手椅,10.928571428571429
扶梯,9.9
扶植,14.80952380952381
扶助,11.583333333333334
芙蓉,11.0
拂晓,11.88
服从,11.222222222222221
服气,12.130434782608695
服侍,13.518518518518519
服饰,9.363636363636363
服输,10.347826086956522
服务,12.368421052631579
服务性,14.772727272727273
服刑,12.411764705882353
服药,9.473684210526315
服役,14.0
服用,11.5714286
服装,7.857142857142857
服装店,11.043478260869565
俘虏,11.666666666666666
浮冰,13.761904761904763
浮雕,12.066666666666666
浮动,12.136363636363637
浮夸,13.318181818181818
浮现,11.238095238095237
浮游,14.5
浮游生物,14.923076923076923
浮躁,12.181818181818182
符号,9.45
符合,10.3
符咒,13.909090909090908
幅度,14.05
辐射,14.35
福地,13.529411764705882
福分,11.952380952380953
福利,13.0
福气,11.277777777777779
福音,13.421052631578947
福祉,14.761904761904763
抚摸,10.6
抚慰,15.0
抚恤金,15.391304347826088
抚养,10.454545454545455
斧头,7.954545454545454
府第,14.142857142857142
府上,14.444444444444445
俯冲,11.692307692307692
俯瞰,12.631578947368421
俯视,10.923076923076923
俯卧,10.666666666666666
辅导,9.5
辅导员,11.153846153846153
辅道,14.578947368421053
辅料,13.0
辅路,14.565217391304348
辅以,15.375
辅音,11.461538461538462
辅助,13.35
腐败,13.8125
腐烂,11.19047619047619
腐蚀,12.142857142857142
腐蚀性,15.16
腐朽,12.703703703703704
父爱,8.647058823529411
父辈,10.25
父老,11.346153846153847
父母,5.681818181818182
父女,8.666666666666666
父亲,3.857142857142857
父子,4.684210526315789
付出,9.35
付费,11.11111111111111
付给,10.789473684210526
付款,8.894736842105264
付钱,7.2631578947368425
付清,12.38888888888889
付息,14.61111111111111
付账,11.0
付诸,14.368421052631579
负担,12.7894737
负荷,12.869565217391305
负面,13.272727272727273
负伤,11.1
负数,11.380952380952381
负心,14.32
负心人,14.807692307692308
负有,12.68421052631579
负于,12.095238095238095
负责,11.105263157894736
负责人,12.136363636363637
负债,12.61111111111111
负重,13.869565217391305
妇科,15.238095238095237
妇女,9.80952380952381
妇人,10.894736842105264
妇孺,12.636363636363637
附带,12.454545454545455
附和,13.346153846153847
附加,10.956521739130435
附加费,14.0
附件,16.105263157894736
附近,7.352941176470588
附录,13.772727272727273
附上,13.0
附属,12.142857142857142
附有,12.3888889
附着,13.45
附注,12.592592592592593
驸马,12.04
赴宴,13.73913043478261
赴约,14.037037037037036
复查,12.428571428571429
复仇,11.625
复出,13.0
复读,12.380952380952381
复发,11.227272727272727
复方,14.894736842105264
复工,15.157894736842104
复古,13.55
复合,13.5
复核,16.0
复活,10.555555555555555
复牌,14.0625
复赛,10.666666666666666
复审,15.75
复式,15.55
复试,15.3
复述,10.76
复数,11.052631578947368
复苏,11.909090909090908
复习,8.68421052631579
复兴,13.272727272727273
复议,13.4
复印,11.95
复原,11.91304347826087
复杂,12.4375
复杂化,12.178571428571429
复诊,13.173913043478262
复制,13.75
复制品,11.5
副本,14.4375
副攻,12.631578947368421
副教授,13.653846153846153
副刊,13.884615384615385
副业,14.52
副职,13.142857142857142
赋诗,12.851851851851851
赋税,15.666666666666666
赋予,12.952380952380953
富贵,11.176470588235293
富含,11.7142857
富豪,11.954545454545455
富民,15.952380952380953
富强,12.476190476190476
富人,10.210526315789474
富商,12.85
富翁,11.166666666666666
富有,11.85
富于,10.875
富余,13.5
富裕,12.38888888888889
富足,13.789473684210526
腹部,10.952380952380953
腹地,13.842105263157896
腹肌,13.095238095238095
腹痛,9.89473684
腹泻,11.26086956521739
覆盖,12.5
覆盖率,14.826086956521738
该死,11.5
改版,15.263157894736842
改编,13.428571428571429
改变,9.083333333333334
改成,10.210526315789474
改动,11.88888888888889
改革,13.826086956521738
改观,12.545454545454545
改建,14.652173913043478
改进,12.631578947368421
改口,11.9375
改良,13.0
改名,10.318181818181818
改判,15.75
改签,16.571428571428573
改善,10.666666666666666
改为,9.1875
改写,10.636363636363637
改用,10.95
改造,12.0
改正,9.7
改制,13.2
改装,13.95
改组,15.117647058823529
丐帮,10.695652173913043
钙化,16.0
盖帽,13.0
盖章,11.11111111111111
盖子,7.157894736842105
概况,10.761904761904763
概括,13.05
概率,13.35
概念,11.9
甘草,12.04
甘泉,12.478260869565217
甘甜,10.5
甘心,14.238095238095237
甘油,13.789473684210526
甘于,11.263157894736842
甘蔗,7.0
肝癌,15.95
肝病,11.736842105263158
肝火,13.2
肝炎,13.777777777777779
肝脏,10.5
柑橘,10.217391304347826
尴尬,12.31578947368421
杆菌,14.166666666666666
赶超,10.80952380952381
赶到,9.6
赶赴,13.631578947368421
赶回,8.94444444
赶集,8.73913043478261
赶来,10.095238095238095
赶路,9.368421052631579
赶上,11.157894736842104
赶往,9.952380952380953
赶走,8.708333333333334
敢于,10.846153846153847
感触,11.210526315789474
感到,10.11111111111111
感动,11.391304347826088
感恩,11.681818181818182
感恩节,14.210526315789474
感官,11.608695652173912
感激,9.421052631578947
感激不尽,11.26923076923077
感觉,8.058823529411764
感慨,12.631578947368421
感冒,7.090909090909091
感冒药,8.6
感情,11.3809524
感染,11.285714285714286
感染力,12.392857142857142
感人,9.571428571428571
感伤,12.5
感受,9.75
感叹,12.043478260869565
感悟,11.047619047619047
感想,10.181818181818182
感谢,7.35
感性,14.95
感言,12.15
感应,13.0
感召,14.0
感知,11.5
橄榄,10.210526315789474
橄榄油,12.318181818181818
干杯,7.526315789473684
干冰,14.347826086956522
干部,11.5
干柴,10.807692307692308
干脆,10.0
干道,14.777777777777779
干掉,10.333333333333334
干果,10.928571428571429
干旱,10.15
干涸,11.9
干活,8.347826086956522
干货,14.652173913043478
干劲,13.9375
干净,7.35
干练,14.0
干扰,11.476190476190476
干涉,12.619047619047619
干事,14.25
干爽,11.185185185185185
干洗,12.12
干洗店,13.421052631578947
干细胞,14.521739130434783
干线,16.7692308
干预,12.818181818181818
干燥,10.714285714285714
干着急,11.772727272727273
刚愎自用,14.454545454545455
刚才,8.692307692307692
刚强,11.346153846153847
刚性,13.761904761904763
刚毅,12.631578947368421
肛门,10.842105263157896
纲领,15.05
纲要,12.954545454545455
钢板,10.636363636363637
钢笔,7.84
钢材,10.4
钢厂,11.5
钢管,9.863636363636363
钢筋,13.625
钢琴,12.0
钢丝,9.4375
钢铁,9.571428571428571
岗亭,14.1052632
岗位,13.0
港币,14.095238095238095
港股,17.3125
港口,11.8125
港湾,11.227272727272727
港元,15.714285714285714
杠杆,13.476190476190476
高昂,11.789473684210526
高傲,10.25
高层,13.15
高产,15.055555555555555
高唱,11.842105263157896
高超,10.631578947368421
高潮,14.166666666666666
高处,8.722222222222221
高大,11.789473684210526
高档,12.714285714285714
高等,14.523809523809524
高低,7.473684210526316
高地,11.6315789
高度,10.454545454545455
高端,15.65
高额,13.666666666666666
高尔夫球,12.62962962962963
高分,8.652173913043478
高峰,12.368421052631579
高高,8.866666666666667
高歌,12.434782608695652
高跟鞋,10.368421052631579
高官,12.954545454545455
高贵,12.608695652173912
高寒,13.055555555555555
高喊,9.764705882352942
高呼,12.052631578947368
高级,10.545454545454545
高价,12.3809524
高架,13.2
高举,10.333333333333334
高开,16.0
高考,12.318181818181818
高丽参,12.904761904761905
高龄,12.869565217391305
高楼,9.333333333333334
高明,12.772727272727273
高能,14.31578947368421
高攀,14.05
高频,13.05
高人,12.95
高山,8.263157894736842
高尚,13.227272727272727
高烧,7.444444444444445
高升,12.0
高声,8.421052631578947
高手,10.428571428571429
高速,14.1
高速公路,10.142857142857142
高台,10.88888888888889
高调,12.434782608695652
高危,13.75
高位,14.65
高温,9.727272727272727
高息,17.94736842105263
高下,11.80952380952381
高效,10.7
高新,14.894736842105264
高薪,14.590909090909092
高兴,8.4375
高压,13.95
高压电,12.115384615384615
高雅,13.6875
高音,11.142857142857142
高于,8.523809523809524
高原,9.294117647058824
高远,12.625
高涨,12.571428571428571
高者,14.4
高枕无忧,13.181818181818182
高中,10.095238095238095
高走,15.941176470588236
羔羊,9.5
睾丸,13.952380952380953
膏药,10.538461538461538
糕点,7.421052631578948
搞定,10.2
搞怪,10.666666666666666
搞鬼,9.08695652173913
搞好,11.45
搞笑,9.789473684210526
稿酬,16.055555555555557
稿费,14.333333333333334
稿件,14.31578947368421
稿子,12.714285714285714
告白,15.285714285714286
告别,9.210526315789474
告发,12.590909090909092
告负,14.1333333
告急,12.652173913043478
告假,12.428571428571429
告诫,13.727272727272727
告破,15.736842105263158
告示,11.047619047619047
告诉,7.458333333333333
告知,10.473684210526315
告终,14.117647058823529
戈壁,13.391304347826088
戈壁沙漠,11.214285714285714
疙瘩,9.909090909090908
哥们,10.130434782608695
胳膊,6.2105263157894735
鸽子,5.882352941176471
搁浅,13.714285714285714
搁置,14.2380952
割断,9.363636363636363
割裂,14.08
割舍,13.894736842105264
歌唱,6.238095238095238
歌词,8.523809523809524
歌剧,13.9375
歌剧院,12.05
歌迷,13.565217391304348
歌曲,7.380952380952381
歌声,6.7272727272727275
歌手,10.2
歌颂,11.05
歌舞,7.95
革命,12.954545454545455
革新,13.777777777777779
革职,13.789473684210526
阁楼,10.052631578947368
阁下,13.272727272727273
格斗,11.095238095238095
格局,15.8
格式,12.5
格调,13.947368421052632
格外,10.136363636363637
格言,10.565217391304348
格栅,14.31578947368421
格子,9.181818181818182
隔壁,8.263157894736842
隔断,12.909090909090908
隔阂,12.55
隔间,12.592592592592593
隔绝,11.85
隔离,11.91304347826087
隔夜,12.5
隔音,13.31578947368421
膈膜,15.571428571428571
个案,15.9375
个别,10.047619047619047
个股,17.789473684210527
个人,8.588235294117647
个人赛,11.76923076923077
个体,12.8666667
个头,8.136363636363637
个位,11.666666666666666
个性,13.476190476190476
个子,9.052631578947368
各地,9.038461538461538
各方,11.538461538461538
各国,9.68
各级,12.95
各家,11.555555555555555
各界,14.35
各尽所能,12.807692307692308
各就各位,10.0
各人,10.818181818181818
各式,11.590909090909092
各位,8.76923076923077
各异,13.105263157894736
各种,8.2
各族,13.11111111111111
给付,14.588235294117647
给力,16.57894736842105
给予,11.523809523809524
根本,9.857142857142858
根部,11.333333333333334
根除,11.947368421052632
根基,14.3157895
根茎,10.96
根据,10.814814814814815
根据地,11.954545454545455
根源,12.695652173913043
根治,14.619047619047619
跟风,15.1
跟进,14.142857142857142
跟随,10.458333333333334
跟随者,11.631578947368421
跟帖,15.736842105263158
跟着,8.444444444444445
跟踪,11.217391304347826
耕地,9.285714285714286
耕耘,10.952380952380953
耕种,9.875
耕作,9.956521739130435
耿耿于怀,14.91304347826087
耿直,12.818181818181818
哽咽,12.19047619047619
梗塞,15.7
更迭,14.666666666666666
更改,9.782608695652174
更换,10.736842105263158
更加,8.4
更名,10.647058823529411
更年期,14.05
更替,13.578947368421053
更新,12.318181818181818
更正,10.3333333
工厂,9.636363636363637
工场,12.3
工程,12.5
工程师,13.6
工地,11.55
工蜂,11.222222222222221
工夫,11.105263157894736
工会,14.954545454545455
工价,15.0
工匠,11.055555555555555
工具,7.578947368421052
工具书,10.363636363636363
工龄,15.476190476190476
工钱,13.35
工人,7.85
工伤,15.5
工商,14.423076923076923
工头,13.555555555555555
工序,14.5
工业,11.736842105263158
工业化,12.44
工艺,12.272727272727273
工友,12.8
工种,14.65
工资,11.608695652173912
工作,12.4375
工作狂,15.227272727272727
弓箭,8.48
公安,9.45
公办,13.125
公报,11.904761904761905
公布,10.095238095238095
公厕,8.823529411764707
公车,9.1875
公尺,11.217391304347826
公道,12.0
公德,12.476190476190476
公敌,12.526315789473685
公房,16.941176470588236
公愤,12.12
公告,10.842105263157896
公共,8.9
公共场所,11.181818181818182
公关,16.555555555555557
公馆,14.526315789473685
公函,17.318181818181817
公鸡,5.96
公爵,12.894736842105264
公开,9.894736842105264
公开信,11.947368421052632
公款,15.352941176470589
公立,12.38888888888889
公路,8.894736842105264
公民,12.714285714285714
公募,18.25
公墓,10.842105263157896
公牛,8.68421053
公平,9.347826086956522
公婆,14.045454545454545
公仆,15.2
公认,11.666666666666666
公社,12.583333333333334
公示,14.578947368421053
公式,9.055555555555555
公事,12.909090909090908
公司,11.521739130434783
公私,11.636363636363637
公诉,16.636363636363637
公堂,13.818181818181818
公投,17.894736842105264
公文,14.352941176470589
公务,16.0
公务员,15.31578947368421
公信力,16.473684210526315
公演,15.272727272727273
公义,14.807692307692308
公益,13.4285714
公映,15.65
公用,10.25
公有,12.3125
公寓,12.73913043478261
公园,6.428571428571429
公约,13.0
公允,16.27777777777778
公章,14.65
公正,10.1
公证,14.68421052631579
公职,14.318181818181818
公众,11.555555555555555
公主,5.526315789473684
公子,11.714285714285714
公子哥儿,13.115384615384615
功臣,13.95
功成身退,14.695652173913043
功德,13.304347826086957
功底,14.35
功夫,9.85
功耗,14.681818181818182
功课,8.631578947368421
功劳,11.181818181818182
功力,9.85
功利,14.45
功率,13.304347826086957
功能,13.4375
功能性,12.846153846153847
功效,12.25
功勋,14.1875
功用,12.727272727272727
攻打,10.333333333333334
攻读,13.476190476190476
攻防,11.882352941176471
攻关,14.25
攻击,9.772727272727273
攻坚,15.19047619047619
攻克,14.142857142857142
攻略,12.894736842105264
攻破,12.2
攻势,11.666666666666666
攻守,12.95
攻陷,12.148148148148149
宫殿,10.782608695652174
宫女,10.814814814814815
宫廷,13.473684210526315
恭贺,10.962962962962964
恭候,12.6
恭维,14.166666666666666
恭喜,9.647058823529411
恭迎,12.192307692307692
觥筹交错,17.227272727272727
巩固,12.578947368421053
拱门,11.0
拱桥,10.454545454545455
拱手,12.090909090909092
共处,13.2380952
共存,11.761904761904763
共度,11.05
共犯,12.545454545454545
共和,13.75
共和国,10.76
共计,10.08695652173913
共建,11.857142857142858
共聚,13.833333333333334
共鸣,12.619047619047619
共谋,14.789473684210526
共商,12.6
共生,16.263157894736842
共识,14.105263157894736
共事,15.045454545454545
共同,8.833333333333334
共享,11.052631578947368
共性,12.952380952380953
共赢,16.15
共有,9.35
共振,15.9
贡品,12.714285714285714
贡献,11.818181818181818
供不应求,13.636363636363637
供词,13.9
供电,10.631578947368421
供奉,14.166666666666666
供稿,16.166666666666668
供给,13.105263157894736
供货,13.238095238095237
供暖,13.571428571428571
供气,13.166666666666666
供求,13.4210526
供热,11.565217391304348
供述,14.473684210526315
供水,10.95
供图,12.944444444444445
供销,12.173913043478262
供需,13.842105263157896
供养,12.0
供应,13.173913043478262
供应量,14.25
供职,14.095238095238095
勾当,12.74074074074074
勾画,13.210526315789474
勾结,12.318181818181818
勾勒,12.3
勾心斗角,13.909090909090908
勾引,14.08
沟渠,11.8
沟通,10.45
篝火,11.05
苟活,14.318181818181818
苟同,14.074074074074074
狗狗,6.391304347826087
枸杞,10.5625
构成,12.1
构架,13.8125
构件,14.285714285714286
构建,15.285714285714286
构思,11.941176470588236
构图,14.75
构想,11.954545454545455
构造,12.952380952380953
构筑,15.05
购车,13.05
购得,12.777777777777779
购房,13.368421052631579
购进,11.235294117647058
购买,8.444444444444445
购买欲,14.642857142857142
购票,11.722222222222221
购入,12.894736842105264
购物,9.238095238095237
购销,16.0
购置,14.31578947368421
诟病,13.235294117647058
够用,9.26315789
估计,10.521739130434783
估价,15.772727272727273
估量,15.3
估算,10.476190476190476
估值,14.608695652173912
沽名钓誉,16.047619047619047
孤单,11.826086956521738
孤岛,12.285714285714286
孤独,12.565217391304348
孤儿,9.736842105263158
孤儿寡母,11.714285714285714
孤儿院,11.045454545454545
孤寂,13.347826086956522
孤立,12.0625
孤注一掷,13.545454545454545
姑娘,7.894736842105263
姑息,15.61111111111111
姑爷,12.777777777777779
辜负,12.833333333333334
古板,11.619047619047619
古堡,11.409090909090908
古城,10.681818181818182
古道,15.8095238
古典,13.714285714285714
古典文学,13.826086956521738
古董,12.333333333333334
古都,12.25
古怪,10.652173913043478
古籍,12.318181818181818
古迹,11.619047619047619
古建筑,12.227272727272727
古老,9.75
古墓,14.3
古朴,13.75
古琴,11.157894736842104
古人,9.863636363636363
古生物,13.578947368421053
古诗,9.444444444444445
古树,9.0
古寺,10.84
古铜色,13.782608695652174
古玩,13.31578947368421
古文,10.74074074074074
古物,10.727272727272727
古语,10.958333333333334
古镇,12.476190476190476
古筝,11.65
古装,10.2
古装戏,12.095238095238095
谷仓,11.3
谷底,11.5
谷物,8.55
股本,17.94736842105263
股东,16.0
股份,15.409090909090908
股价,13.55
股民,17.45
股票,15.181818181818182
股权,17.875
股市,17.35
股数,17.333333333333332
股息,15.35
股指,19.22222222222222
骨干,11.117647058823529
骨骼,10.9375
骨灰,12.863636363636363
骨架,13.80952380952381
骨科,14.380952380952381
骨气,11.782608695652174
骨髓,11.105263157894736
骨头,6.55
骨折,10.11111111111111
骨质,16.526315789473685
鼓吹,12.947368421052632
鼓动,12.61111111111111
鼓劲,13.61111111111111
鼓励,11.473684210526315
鼓膜,13.421052631578947
鼓声,9.136363636363637
鼓手,11.08695652173913
鼓舞,12.0
鼓噪,15.38888888888889
鼓掌,8.80952380952381
固定,9.210526315789474
固化,14.3157895
固守,13.304347826086957
固体,11.0
固有,14.45
固执,11.761904761904763
故居,11.875
故里,11.736842105263158
故弄玄虚,12.777777777777779
故人,11.045454545454545
故事,6.777777777777778
故乡,10.826086956521738
故意,9.090909090909092
故障,10.478260869565217
顾及,13.263157894736842
顾忌,14.0
顾客,11.789473684210526
顾虑,12.772727272727273
顾名思义,12.68
顾念,15.904761904761905
顾全大局,14.26086956521739
顾问,15.1428571
顾问团,15.26923076923077
顾主,11.85
雇佣,13.095238095238095
雇用,12.80952380952381
雇员,12.625
雇主,14.304347826086957
瓜分,11.285714285714286
瓜葛,13.826086956521738
瓜果,8.045454545454545
瓜子,8.3
刮风,7.105263157894737
刮目相看,10.9
刮痧,15.578947368421053
寡妇,13.090909090909092
寡人,12.545454545454545
寡言,14.0
挂彩,14.518518518518519
挂车,11.95
挂断,11.3
挂钩,11.052631578947368
挂号,12.0
挂号信,11.833333333333334
挂靠,15.352941176470589
挂念,10.48
挂牌,14.421052631578947
挂失,13.714285714285714
挂帅,14.1578947
挂心,12.96
挂职,16.176470588235293
挂钟,8.23076923076923
乖乖,6.7894736842105265
乖戾,15.26086956521739
乖僻,12.578947368421053
乖巧,7.909090909090909
拐带,11.44
拐点,14.842105263157896
拐卖,11.318181818181818
拐弯,9.2
拐杖,8.65
怪诞,14.875
怪僻,12.95
怪圈,14.217391304347826
怪兽,7.625
怪物,8.2
怪异,10.75
怪罪,10.45
关爱,9.047619047619047
关闭,6.904761904761905
关掉,7.411764705882353
关乎,12.5
关怀,11.090909090909092
关机,14.571428571428571
关键,12.047619047619047
关键字,14.153846153846153
关节,8.421052631578947
关节炎,13.0
关卡,9.1
关口,14.61111111111111
关联,13.0
关门,5.631578947368421
关切,13.11111111111111
关上,6.764705882352941
关税,16.63157894736842
关停,13.9
关头,14.35
关系,10.210526315789474
关心,7.94736842
关押,10.695652173913043
关于,10.592592592592593
关照,13.454545454545455
关注,12.8
观测,10.952380952380953
观察,9.708333333333334
观察站,14.285714285714286
观点,11.421052631578947
观感,11.444444444444445
观光,12.73913043478261
观景,11.227272727272727
观看,8.043478260869565
观摩,13.473684210526315
观念,12.117647058823529
观赛,10.736842105263158
观赏,11.363636363636363
观望,12.6190476
观音,7.333333333333333
观影,11.095238095238095
观展,13.133333333333333
观战,12.565217391304348
观者,12.80952380952381
观众,7.545454545454546
观众席,10.636363636363637
官兵,9.45
官差,12.2
官场,15.75
官邸,16.6
官方,12.105263157894736
官僚,14.7
官司,14.333333333333334
官网,12.31578947368421
官员,11.619047619047619
官长,14.473684210526315
官职,12.153846153846153
棺材,12.35
馆藏,14.210526315789474
馆长,11.052631578947368
管道,11.318181818181818
管风琴,12.954545454545455
管工,14.823529411764707
管家,11.15
管教,10.9
管控,14.695652173913043
管乐,12.615384615384615
管理,15.125
管理处,13.115384615384615
管束,12.428571428571429
管网,16.647058823529413
管辖,15.6875
管线,13.473684210526315
管用,11.047619047619047
管制,13.0
管状,12.961538461538462
管子,8.33333333
贯彻,14.545454545454545
贯穿,14.333333333333334
贯通,14.285714285714286
冠军,10.4
冠名,13.7
冠心病,16.041666666666668
惯例,11.473684210526315
惯性,12.65
惯用,11.38888888888889
灌溉,11.75
灌木,11.631578947368421
灌输,11.722222222222221
灌注,11.434782608695652
罐头,8.666666666666666
光彩,12.368421052631579
光大,13.31578947368421
光电,14.15
光度,12.5
光顾,11.7368421
光棍,13.045454545454545
光滑,10.391304347826088
光环,13.772727272727273
光辉,12.7
光洁,11.545454545454545
光缆,15.666666666666666
光亮,8.652173913043478
光临,10.105263157894736
光芒,9.166666666666666
光芒四射,10.55
光明,9.217391304347826
光年,14.444444444444445
光盘,11.818181818181818
光谱仪,18.65
光圈,13.304347826086957
光荣,10.263157894736842
光速,12.863636363636363
光头,8.352941176470589
光纤,17.0
光鲜,13.045454545454545
光线,9.0
光学,12.45
光耀,13.090909090909092
光阴,11.428571428571429
光影,11.375
光源,12.043478260869565
光泽,10.761904761904763
光照,9.772727272727273
光宗耀祖,13.703703703703704
广播,8.75
广播剧,11.307692307692308
广播站,9.782608695652174
广博,13.76
广场,7.95
广大,11.2
广度,12.833333333333334
广泛,11.409090909090908
广泛性,13.619047619047619
广告,10.555555555555555
广告牌,11.88888888888889
广阔,9.473684210526315
广阔无垠,12.0
广袤,13.894736842105264
广义,14.55
逛逛,10.0
逛街,9.05
归案,13.666666666666666
归队,10.210526315789474
归功,13.818181818181818
归国,11.68421052631579
归还,9.05
归结,13.043478260869565
归咎,14.9375
归来,11.85
归类,10.4375
归纳,11.095238095238095
归去,12.368421052631579
归入,13.0
归属,14.823529411764707
归属感,13.36
归天,12.55
归途,14.526315789473685
归位,11.62962962962963
归西,12.26086956521739
归心似箭,13.074074074074074
归宿,14.1875
归依,14.409090909090908
归隐,15.0
归于,12.19047619047619
龟裂,13.962962962962964
龟缩,14.038461538461538
规避,15.333333333333334
规程,14.75
规定,9.842105263157896
规范,10.7
规格,14.11111111111111
规划,13.7
规矩,7.2105263157894735
规例,14.31578947368421
规律,11.88888888888889
规模,13.0
规则,10.736842105263158
规章,11.619047619047619
皈依,15.0
闺女,8.571428571428571
闺秀,13.523809523809524
瑰宝,13.947368421052632
瑰丽,13.52
轨道,11.2631579
轨迹,13.304347826086957
诡辩,14.333333333333334
诡计,12.74074074074074
诡异,13.727272727272727
诡诈,14.0
鬼才,14.0
鬼怪,9.434782608695652
鬼混,12.384615384615385
鬼魂,11.12
鬼节,13.346153846153847
鬼迷心窍,11.173913043478262
鬼子,9.7
柜台,9.476190476190476
柜子,7.125
贵宾,12.789473684210526
贵妃,10.555555555555555
贵金属,15.08
贵人,12.333333333333334
贵姓,10.592592592592593
贵重,10.26086956521739
贵族,10.952380952380953
桂冠,12.0
桂花,10.210526315789474
跪拜,9.826086956521738
跪地,9.176470588235293
跪下,8.227272727272727
滚蛋,8.863636363636363
滚动,9.421052631578947
滚滚,12.947368421052632
滚轮,13.761904761904763
滚水,11.428571428571429
滚烫,8.5
棍棒,8.130434782608695
聒噪,14.545454545454545
锅盖,7.185185185185185
锅炉,11.0
国宝,10.571428571428571
国策,15.473684210526315
国产,12.5
国粹,14.681818181818182
国道,14.142857142857142
国度,11.227272727272727
国防,13.65
国防部,15.391304347826088
国歌,7.5
国画,12.5
国货,14.91304347826087
国籍,10.473684210526315
国际,12.5
国际法,14.166666666666666
国际象棋,11.92
国家,6.833333333333333
国家栋梁,10.88888888888889
国脚,13.764705882352942
国界,11.428571428571429
国库,15.55
国力,14.9
国立,14.25
国门,13.142857142857142
国民,12.157894736842104
国旗,7.636363636363637
国情,12.3
国庆,6.7
国人,11.2
国手,14.818181818181818
国税,18.1875
国泰民安,12.107142857142858
国土,13.35
国王,8.1875
国务,12.904761904761905
国学,11.5
国药,12.928571428571429
国营,13.6
国有,13.863636363636363
国语,12.428571428571429
国债,17.095238095238095
果断,10.842105263157896
果敢,13.142857142857142
果酱,8.72
果农,9.5
果仁,9.318181818181818
果实,8.277777777777779
果蔬,8.9
果树,7.7894736842105265
果糖,8.391304347826088
果园,9.166666666666666
果汁,9.722222222222221
果子,9.842105263157896
过半,11.666666666666666
过程,12.285714285714286
过错,10.052631578947368
过道,9.26315789
过冬,8.434782608695652
过渡,13.380952380952381
过多,10.894736842105264
过分,10.333333333333334
过关,10.25
过户,16.736842105263158
过火,13.833333333333334
过激,12.956521739130435
过奖,12.32
过节,8.727272727272727
过境,14.818181818181818
过客,14.16
过来人,13.15
过量,11.0
过路,10.578947368421053
过滤,11.823529411764707
过滤器,13.423076923076923
过敏,11.181818181818182
过敏症,12.0
过年,6.0
过期,9.0
过去,11.74074074074074
过热,11.428571428571429
过人,12.125
过剩,11.521739130434783
过失,11.142857142857142
过时,10.5
过世,11.65
过往,11.35
过问,12.6
过夜,10.368421052631579
过瘾,12.090909090909092
过硬,12.944444444444445
过早,9.368421052631579
过招,11.761904761904763
过重,13.75
蛤蟆,8.181818181818182
还贷,16.454545454545453
还给,10.19047619047619
还魂,13.166666666666666
还击,10.904761904761905
还款,14.666666666666666
还手,9.73076923076923
还原,11.68421052631579
还债,10.8
孩童,7.2
孩子,6.85
骸骨,15.217391304347826
海岸,11.0
海岸线,11.545454545454545
海拔,12.052631578947368
海报,11.909090909090908
海参,10.3
海床,13.88888888888889
海带,9.3
海岛,9.08695652173913
海盗,12.625
海底,8.789473684210526
海风,11.1
海港,12.125
海沟,12.952380952380953
海关,13.857142857142858
海景,11.19047619047619
海军,9.176470588235293
海浪,8.625
海量,12.904761904761905
海流,12.08695652173913
海龙,14.368421052631579
海路,14.105263157894736
海马,10.105263157894736
海绵,7.25
海鸥,7.777777777777778
海派,17.833333333333332
海狮,11.074074074074074
海事,14.722222222222221
海水,8.0
海滩,8.166666666666666
海棠,12.526315789473685
海豚,8.904761904761905
海峡,12.666666666666666
海鲜,9.473684210526315
海啸,11.9473684
海选,14.130434782608695
海洋,9.047619047619047
海域,14.6
海运,13.428571428571429
海藻,11.578947368421053
骇人听闻,13.55
害虫,7.37037037037037
害怕,6.583333333333333
害人,9.61111111111111
害羞,7.444444444444445
酣睡,12.0
憨厚,12.478260869565217
憨笑,13.32
含糊,11.090909090909092
含泪,8.608695652173912
含量,13.277777777777779
含情脉脉,15.884615384615385
含蓄,13.0
含义,9.68421052631579
含意,10.727272727272727
含有,10.095238095238095
含冤,14.105263157894736
函授,18.523809523809526
函数,14.476190476190476
涵洞,15.7894737
涵盖,12.571428571428571
涵养,14.19047619047619
韩国,11.157894736842104
韩文,12.619047619047619
韩元,14.526315789473685
寒风,8.8125
寒假,6.782608695652174
寒冷,7.761904761904762
寒舍,12.045454545454545
寒酸,10.863636363636363
寒微,14.772727272727273
寒暄,11.772727272727273
寒意,12.55
罕见,12.05
喊话,10.947368421052632
喊叫,7.2592592592592595
汉堡,11.409090909090908
汉堡包,10.692307692307692
汉朝,10.0
汉奸,9.772727272727273
汉语,7.619047619047619
汉子,10.61111111111111
汉字,6.2631578947368425
汗马功劳,12.590909090909092
汗水,7.142857142857143
汗腺,15.285714285714286
旱季,12.318181818181818
旱情,13.4
旱灾,10.761904761904763
捍卫,13.1
悍匪,13.0
焊接,13.7
撼动,12.318181818181818
憾事,14.095238095238095
夯实,15.0
行车,13.75
行程,10.947368421052632
行当,13.0
行动,10.222222222222221
行规,14.72
行贿,15.35
行家,13.578947368421053
行进,12.333333333333334
行径,13.777777777777779
行李,10.894736842105264
行李箱,11.869565217391305
行列,10.238095238095237
行骗,13.476190476190476
行乞,11.0
行情,15.31578947368421
行人,8.26315789
行使,12.521739130434783
行驶,10.772727272727273
行事,15.3
行为,9.571428571428571
行星,11.0
行凶,12.578947368421053
行业,13.0
行医,13.695652173913043
行长,14.25
行政,15.227272727272727
行政区,13.461538461538462
行踪,11.217391304347826
行走,6.894736842105263
航班,12.818181818181818
航程,11.1
航道,12.4
航海,10.478260869565217
航海家,11.0
航行,9.529411764705882
航空,11.9375
航空母舰,14.777777777777779
航路,14.666666666666666
航母,14.0
航拍,15.6875
航天,10.904761904761905
航线,13.666666666666666
航运,11.875
毫发,13.307692307692308
毫米,9.192307692307692
毫无,11.904761904761905
毫无疑问,10.157894736842104
豪放,12.307692307692308
豪华,14.571428571428571
豪迈,14.333333333333334
豪门,13.736842105263158
豪气,11.85
豪情,12.61111111111111
豪爽,12.130434782608695
豪宅,15.5
壕沟,11.636363636363637
嚎哭,10.090909090909092
好比,10.421052631578947
好吃,6.611111111111111
好处,10.777777777777779
好大喜功,14.652173913043478
好动,12.052631578947368
好恶,10.5
好感,11.80952380952381
好过,12.894736842105264
好汉,10.052631578947368
好坏,8.38888889
好久,9.695652173913043
好看,7.545454545454546
好客,13.6
好评,11.761904761904763
好奇,8.5
好人,7.105263157894737
好人家,10.636363636363637
好色,13.478260869565217
好胜,10.074074074074074
好胜心,11.68421052631579
好似,10.909090909090908
好事,9.166666666666666
好事多磨,13.346153846153847
好手,11.608695652173912
好受,10.545454545454545
好听,7.526315789473684
好玩,8.117647058823529
好戏,12.368421052631579
好像,7.521739130434782
好笑,8.272727272727273
好心,8.80952381
好学,8.476190476190476
好意,9.952380952380953
好用,9.0
好友,8.391304347826088
好运,9.714285714285714
好转,10.136363636363637
好走,11.894736842105264
号称,11.15
号角,11.45
号哭,12.588235294117647
号令,11.947368421052632
号码,9.181818181818182
号牌,12.277777777777779
号啕大哭,9.44
号外,13.318181818181818
号召,11.736842105263158
号召力,12.05
耗材,15.55
耗费,10.5
耗尽,14.25
耗时,11.772727272727273
耗油量,15.545454545454545
耗资,15.0
浩大,13.192307692307692
浩荡,12.96
浩瀚,11.714285714285714
浩劫,13.607142857142858
浩气长存,14.952380952380953
呵斥,11.565217391304348
呵护,10.318181818181818
呵欠,9.333333333333334
喝彩,9.75
喝茶,8.8
喝到,7.636363636363637
喝酒,10.375
合办,13.61111111111111
合并,11.5
合唱,9.333333333333334
合成,14.047619047619047
合法,11.1875
合格,8.8125
合乎,14.090909090909092
合伙,12.619047619047619
合伙人,15.192307692307692
合计,11.238095238095237
合金,12.31578947368421
合理,10.6
合理化,13.631578947368421
合力,13.38888888888889
合谋,14.2
合拍,11.789473684210526
合情合理,11.909090909090908
合适,11.470588235294118
合同,15.166666666666666
合一,13.947368421052632
合影,8.80952380952381
合约,15.095238095238095
合照,8.307692307692308
合资,15.842105263157896
合作,10.3684211
何尝,11.0
和蔼可亲,10.666666666666666
和风,14.043478260869565
和服,14.470588235294118
和好,8.904761904761905
和解,11.636363636363637
和局,13.736842105263158
和睦,11.45
和盘托出,15.68
和平,9.619047619047619
和气,11.041666666666666
和亲,15.31578947368421
和善,10.055555555555555
和尚,8.521739130434783
和声,14.0
和谈,12.909090909090908
和谐,10.434782608695652
和约,13.73913043478261
河岸,8.421052631578947
河边,7.0
河床,13.0
河道,10.210526315789474
河堤,9.636363636363637
河段,11.95
河谷,11.61111111111111
河流,7.238095238095238
河马,7.888888888888889
河水,7.375
河豚,10.761904761904763
荷花,7.619047619047619
荷叶,9.35
核查,13.391304347826088
核弹,13.863636363636363
核电,15.619047619047619
核电站,14.863636363636363
核定,13.047619047619047
核对,12.5
核发,14.7
核辐射,15.0
核能,15.555555555555555
核实,11.947368421052632
核算,15.227272727272727
核桃,6.666666666666667
核心,12.333333333333334
核准,14.052631578947368
盒饭,11.4
盒子,7.7
贺词,12.391304347826088
贺卡,10.863636363636363
贺礼,12.454545454545455
贺信,13.210526315789474
赫然,14.5
鹤立鸡群,11.65
黑暗,8.772727272727273
黑白,8.15
黑板,8.5
黑帮,13.272727272727273
黑豹,12.333333333333334
黑车,16.5
黑道,14.571428571428571
黑洞,15.1
黑发,6.92
黑客,17.4375
黑马,12.523809523809524
黑幕,14.666666666666666
黑棋,10.647058823529411
黑钱,14.15
黑色,5.5
黑手,14.5
黑心,13.2
黑云,10.44
痕迹,15.0
很多,8.05
很快,7.684210526315789
狠毒,10.961538461538462
狠心,9.56
狠抓,13.31578947368421
恒久,11.56
恒温,13.333333333333334
恒心,11.368421052631579
恒星,12.2
横财,13.478260869565217
横冲直撞,11.047619047619047
横穿,10.105263157894736
横传,15.0
横幅,11.88888888888889
横行,11.5263158
横跨,13.421052631578947
横梁,12.142857142857142
横扫,15.238095238095237
横向,12.631578947368421
衡量,14.73913043478261
轰动,12.590909090909092
轰鸣,11.8
轰炸,11.095238095238095
烘干,10.833333333333334
烘烤,10.8
烘托,13.842105263157896
弘扬,13.38888888888889
红包,8.391304347826088
红茶,11.227272727272727
红尘,14.884615384615385
红灯,7.043478260869565
红豆,8.210526315789474
红花,6.9411764705882355
红火,11.736842105263158
红酒,11.727272727272727
红军,10.3809524
红利,16.0
红木,12.666666666666666
红娘,13.0
红牌,11.5
红旗,7.904761904761905
红人,12.523809523809524
红色,6.65
红薯,7.7
红树林,14.84
红土,10.105263157894736
红心,8.863636363636363
红星,8.444444444444445
红叶,11.136363636363637
红枣,7.944444444444445
红肿,8.368421052631579
宏大,12.285714285714286
宏观,15.55
宏伟,11.5
虹膜,15.478260869565217
洪涝,12.95
洪亮,10.535714285714286
洪流,12.590909090909092
洪水,9.0
洪灾,10.681818181818182
鸿沟,13.5
鸿毛,11.72
哄动,11.24
哄骗,10.6
侯门,14.789473684210526
喉咙,8.9
喉舌,11.444444444444445
猴子,6.478260869565218
吼叫,9.565217391304348
后备,14.1875
后背,8.25
后辈,10.875
后场,13.80952380952381
后盾,13.666666666666666
后防,14.933333333333334
后顾之忧,12.238095238095237
后果,9.25
后患无穷,12.76923076923077
后悔,10.19047619047619
后进,13.105263157894736
后劲,13.857142857142858
后空翻,10.956521739130435
后来,9.0
后轮,9.31578947368421
后门,8.65
后面,5.954545454545454
后母,10.846153846153847
后脑,11.578947368421053
后怕,13.0
后勤,15.45
后人,11.473684210526315
后市,18.0625
后事,12.444444444444445
后手,15.61111111111111
后台,13.238095238095237
后腿,9.904761904761905
后退,7.7894736842105265
后卫,13.6842105
后续,11.043478260869565
后腰,12.454545454545455
后裔,16.5
后院,11.142857142857142
后者,9.428571428571429
后座,11.25
厚爱,12.0
厚道,13.61111111111111
厚度,10.0
厚厚,8.947368421052632
厚礼,12.7
厚实,10.869565217391305
厚望,13.0
厚重,11.235294117647058
候补,11.894736842105264
候车,11.631578947368421
候机室,13.55
候鸟,10.772727272727273
候选,13.5238095
候选人,13.043478260869565
候诊,12.210526315789474
呼喊,8.0
呼唤,8.904761904761905
呼叫,8.875
呼救,9.695652173913043
呼声,11.19047619047619
呼吸,7.090909090909091
呼啸,12.25
呼吁,10.4
呼应,13.8
忽略,11.526315789473685
忽视,10.85
忽悠,12.777777777777779
囫囵,12.8
狐狸,6.84210526
弧线,9.894736842105264
弧形,9.80952380952381
胡扯,10.285714285714286
胡椒,9.052631578947368
胡闹,9.576923076923077
胡说八道,9.153846153846153
胡桃,12.363636363636363
胡同,9.95
胡言,9.904761904761905
胡子,8.5
葫芦,8.45
湖泊,8.681818181818182
湖畔,10.434782608695652
湖区,13.368421052631579
湖水,8.772727272727273
蝴蝶,7.086956521739131
糊口,12.19047619047619
糊涂,10.6
虎口,11.555555555555555
虎年,9.652173913043478
虎头蛇尾,11.5
虎穴,12.157894736842104
琥珀,12.571428571428571
互补,15.0625
互动,12.35
互访,14.125
互换,9.333333333333334
互惠,12.857142857142858
互利,13.117647058823529
互联,14.9375
互联网,14.636363636363637
互通,12.818181818181818
互为,14.05
互相,9.1
互信,14.7
互助,9.68421052631579
户户,13.625
户籍,13.555555555555555
户口,11.75
户外,12.434782608695652
户型,14.0
户主,12.333333333333334
护城河,11.35
护肤,15.055555555555555
护工,14.368421052631579
护航,14.380952380952381
护栏,10.571428571428571
护理,11.631578947368421
护盘,16.8666667
护士,9.304347826086957
护送,13.363636363636363
护卫,13.1
护照,15.047619047619047
花白,10.65
花瓣,6.368421052631579
花草,6.222222222222222
花旦,13.391304347826088
花灯,9.090909090909092
花店,9.476190476190476
花掉,9.73913043478261
花朵,5.7368421052631575
花儿,6.352941176470588
花费,10.947368421052632
花粉,9.909090909090908
花岗岩,13.043478260869565
花红,10.478260869565217
花卉,9.38095238
花甲,12.608695652173912
花椒,10.80952380952381
花篮,9.666666666666666
花里胡哨,12.090909090909092
花蜜,11.428571428571429
花木,9.933333333333334
花鸟,7.391304347826087
花盆,8.476190476190476
花瓶,8.318181818181818
花钱,8.65
花圈,9.55
花色,11.8
花生,7.105263157894737
花生酱,10.956521739130435
花市,12.0
花式,13.25925925925926
花坛,8.166666666666666
花纹,8.68421052631579
花香,8.380952380952381
花销,13.55
花絮,12.95
花言巧语,13.518518518518519
花样,11.55
花园,8.045454545454545
花展,9.80952380952381
花招,11.909090909090908
花枝招展,12.785714285714286
划拨,16.3684211
划船,8.227272727272727
划定,12.521739130434783
划分,12.090909090909092
划归,15.88888888888889
划清,11.904761904761905
划入,12.75
划伤,8.578947368421053
划时代,14.636363636363637
划算,11.555555555555555
划为,13.954545454545455
华工,16.875
华贵,12.19047619047619
华丽,11.454545454545455
华美,12.75
华侨,12.15
华人,12.227272727272727
华裔,15.125
华语,12.75
哗然,14.6
滑动,9.904761904761905
滑行,9.863636363636363
滑稽,11.0
滑落,9.294117647058824
滑坡,12.375
滑梯,6.045454545454546
滑翔伞,11.052631578947368
滑雪,11.142857142857142
化肥,10.238095238095237
化粪池,13.045454545454545
化工厂,12.04
化解,11.789473684210526
化疗,16.0
化名,11.055555555555555
化身,13.7
化石,10.473684210526315
化痰,15.565217391304348
化为,12.555555555555555
化纤,14.777777777777779
化险为夷,14.74074074074074
化学,14.473684210526315
化学家,13.076923076923077
化学武器,13.714285714285714
化验,13.0
化妆,13.047619047619047
化妆品,11.68
化作,12.578947368421053
画笔,6.636363636363637
画册,7.695652173913044
画风,13.368421052631579
画幅,12.0625
画集,10.0
画家,8.176470588235293
画卷,10.68421052631579
画廊,12.045454545454545
画面,9.9047619
画派,16.68421052631579
画蛇添足,10.666666666666666
画像,9.19047619047619
画展,12.0
画质,13.444444444444445
画作,10.26086956521739
话柄,14.047619047619047
话不投机,13.863636363636363
话费,12.428571428571429
话剧,10.454545454545455
话剧团,12.91304347826087
话说,9.0
话题,11.3
话筒,8.9
话音,9.411764705882353
话语,9.863636363636363
怀抱,10.055555555555555
怀旧,12.210526315789474
怀念,13.142857142857142
怀胎,12.807692307692308
怀疑,11.85
怀疑论,15.814814814814815
怀有,12.11111111111111
怀孕,12.35
怀着,11.476190476190476
坏处,8.863636363636363
坏人,7.2631578947368425
坏事,8.0
坏死,10.8
坏账,15.615384615384615
欢度,12.157894736842104
欢呼,9.608695652173912
欢聚,12.0625
欢快,10.6
欢乐,8.375
欢庆,10.380952380952381
欢送,9.904761904761905
欢喜,7.9523809523809526
欢笑,8.235294117647058
欢笑声,6.95
欢迎,8.625
环保,12.45
环抱,11.38888888888889
环城,16.157894736842106
环岛,14.263157894736842
环顾,12.11111111111111
环节,13.333333333333334
环境,11.421052631578947
环路,13.714285714285714
环球,14.047619047619047
环绕,11.473684210526315
环线,15.2777778
环形,11.26086956521739
寰宇,15.25
缓步,10.727272727272727
缓冲,13.863636363636363
缓和,12.75
缓解,13.095238095238095
缓慢,10.291666666666666
缓刑,14.947368421052632
幻灯,14.863636363636363
幻灯片,14.0
幻觉,11.555555555555555
幻灭,13.714285714285714
幻想,11.434782608695652
幻象,10.88
换班,13.148148148148149
换成,11.263157894736842
换乘,13.941176470588236
换代,15.631578947368421
换挡,17.5
换届,15.4285714
换气,10.333333333333334
换取,11.714285714285714
换人,9.523809523809524
换上,7.3125
换算,11.434782608695652
换位,12.0
换下,11.454545454545455
换血,14.4
换装,9.9
唤起,11.363636363636363
唤醒,10.91304347826087
涣散,13.555555555555555
浣熊,12.619047619047619
患病,9.75
患儿,11.277777777777779
患难,11.681818181818182
患难与共,13.380952380952381
患上,10.409090909090908
患有,11.444444444444445
患者,10.157894736842104
焕发,11.0
荒诞,14.25
荒岛,10.23076923076923
荒地,10.1
荒废,14.75
荒凉,10.681818181818182
荒谬,13.631578947368421
荒山,10.454545454545455
荒唐,11.35
荒芜,12.1
慌乱,9.826086956521738
慌忙,10.909090909090908
慌张,9.6875
皇帝,8.5
皇宫,9.6875
皇冠,9.952380952380953
皇后,8.857142857142858
皇家,10.588235294117647
皇上,9.375
皇室,12.454545454545455
皇族,10.807692307692308
黄豆,8.476190476190476
黄蜂,9.714285714285714
黄瓜,6.7368421052631575
黄河,9.130434782608695
黄花,9.15
黄昏,8.703703703703704
黄金,10.0
黄酒,12.4
黄牛,13.789473684210526
黄牌,14.444444444444445
黄泉,13.227272727272727
黄色,6.166666666666667
黄沙,10.842105263157896
黄土,7.428571428571429
惶恐,12.615384615384615
蝗虫,9.964285714285714
恍惚,14.714285714285714
恍如,15.136363636363637
晃动,9.736842105263158
谎称,11.6315789
谎话,8.777777777777779
谎言,8.652173913043478
幌子,14.863636363636363
灰尘,8.3
灰烬,11.25
灰色,8.047619047619047
灰心,9.666666666666666
诙谐,14.75
挥毫,13.368421052631579
挥霍,13.173913043478262
挥洒,13.68421052631579
挥手,6.529411764705882
挥舞,9.789473684210526
恢复,10.0
恢弘,15.38888888888889
恢宏,14.380952380952381
辉煌,11.272727272727273
麾下,14.2857143
徽章,11.130434782608695
回报,9.857142857142858
回报率,15.961538461538462
回避,11.428571428571429
回程,11.625
回传,13.4
回答,7.333333333333333
回荡,10.454545454545455
回到,8.3
回访,13.55
回放,9.894736842105264
回复,11.590909090909092
回购,16.333333333333332
回顾,9.68421052631579
回归,11.333333333333334
回国,12.2
回合,12.45
回击,12.75
回家,6.5
回扣,16.0
回馈,13.5
回礼,13.217391304347826
回流,12.65
回笼,13.15
回路,10.85
回落,14.043478260869565
回暖,13.6875
回迁,16.15
回升,13.4375
回声,10.08695652173913
回收,10.571428571428571
回首,14.571428571428571
回调,14.789473684210526
回头,7.823529411764706
回吐,13.0
回望,12.772727272727273
回味,14.428571428571429
回乡,12.380952380952381
回想,10.421052631578947
回信,9.35
回旋,13.0
回忆,12.15
回音,10.263157894736842
回应,12.11111111111111
回赠,11.789473684210526
茴香,11.869565217391305
蛔虫,10.545454545454545
悔改,10.26923076923077
悔过书,12.185185185185185
悔恨,13.055555555555555
悔罪,14.473684210526315
毁坏,10.35
毁灭,11.045454545454545
毁约,12.8
汇报,11.619047619047619
汇合,12.666666666666666
汇集,12.31578947368421
汇价,16.5882353
汇聚,11.73913043478261
汇款,14.136363636363637
汇率,17.9
汇票,16.15
汇入,12.625
汇演,12.526315789473685
汇总,13.0
会场,12.545454545454545
会费,13.727272727272727
会馆,13.705882352941176
会合,12.529411764705882
会计,15.526315789473685
会计师,15.526315789473685
会见,12.045454545454545
会聚,13.1111111
会考,13.615384615384615
会客室,11.4
会面,10.904761904761905
会商,15.0
会师,13.0
会所,14.73913043478261
会谈,13.619047619047619
会同,12.0
会晤,15.9
会心,12.45
会演,14.2
会议,10.736842105263158
会意,12.681818181818182
会员,13.181818181818182
会展,13.722222222222221
会战,13.88888888888889
会长,12.91304347826087
会诊,13.7
荟萃,14.7
绘画,10.25
绘图,11.038461538461538
绘制,12.65
贿赂,13.863636363636363
彗星,12.304347826086957
晦涩,13.714285714285714
惠顾,12.541666666666666
惠及,13.421052631578947
惠民,14.136363636363637
惠农,13.15
慧眼,12.9375
昏暗,11.25
昏倒,8.62962962962963
昏迷,9.0625
昏庸,13.0
婚礼,10.380952380952381
婚恋,14.857142857142858
婚庆,10.705882352941176
婚纱,12.0625
婚事,14.333333333333334
婚宴,12.904761904761905
婚姻,14.857142857142858
浑蛋,11.227272727272727
浑身,8.0
浑水摸鱼,10.96
浑浊,10.2
馄饨,8.16
混搭,14.944444444444445
混蛋,9.863636363636363
混合,11.3
混合泳,12.44
混迹,15.0
混乱,10.88888888888889
混凝土,12.761904761904763
混入,12.055555555555555
混淆,12.0
混杂,13.714285714285714
混战,15.0
混账,12.0
魂魄,12.851851851851851
豁出去,11.714285714285714
豁达,14.736842105263158
豁免,15.9473684
活动,8.08695652173913
活该,9.392857142857142
活力,11.0
活埋,10.37037037037037
活泼,8.55
活期,14.571428571428571
活塞,12.666666666666666
活水,12.5
活性,14.61111111111111
活跃,11.521739130434783
火把,8.590909090909092
火爆,12.5
火柴,6.217391304347826
火场,11.052631578947368
火车,7.647058823529412
火车站,10.052631578947368
火电,12.11111111111111
火光,7.904761904761905
火锅,9.04761905
火海,10.88
火候,13.619047619047619
火花,8.095238095238095
火化,12.4375
火鸡,11.904761904761905
火箭,9.652173913043478
火警,8.263157894736842
火炬,10.952380952380953
火坑,11.318181818181818
火力,10.363636363636363
火苗,7.2
火炮,10.5
火情,11.833333333333334
火球,9.923076923076923
火热,11.263157894736842
火山,9.772727272727273
火山灰,14.153846153846153
火烧,7.611111111111111
火舌,14.19047619047619
火势,9.31578947368421
火腿,7.476190476190476
火线,14.95
火星,10.45
火焰,8.65
火药,9.681818181818182
火灾,8.421052631578947
火葬,13.894736842105264
火种,11.5
伙伴,8.05
伙计,10.04
伙食,11.45
伙同,13.045454545454545
或许,9.384615384615385
货币,13.1875
货舱,12.296296296296296
货车,10.3
货柜,10.88888888888889
货柜车,12.892857142857142
货架,11.6875
货款,12.80952380952381
货量,14.0
货品,11.058823529411764
货物,10.4375
货源,13.954545454545455
货运,13.142857142857142
获得,11.19047619047619
获奖,9.052631578947368
获救,10.85
获利,13.833333333333334
获赔,14.6
获取,10.31578947368421
获胜,10.555555555555555
获释,15.38888888888889
获悉,14.421052631578947
获益,11.904761904761905
获知,14.25
获准,11.894736842105264
祸不单行,13.185185185185185
祸害,13.208333333333334
祸患,11.173913043478262
霍乱,15.578947368421053
讥讽,12.826086956521738
击败,11.0526316
击毙,11.347826086956522
击穿,13.363636363636363
击打,11.95
击倒,10.285714285714286
击剑,12.695652173913043
击落,10.947368421052632
击球,10.055555555555555
击退,12.478260869565217
击中,10.818181818181818
饥饿,7.130434782608695
饥荒,12.0
机舱,14.31578947368421
机场,10.210526315789474
机车,12.904761904761905
机床,17.047619
机动,12.238095238095237
机房,12.285714285714286
机构,12.4375
机关,13.956521739130435
机会,9.571428571428571
机理,14.9
机灵,10.08
机密,13.35
机能,12.2
机票,12.5
机器,9.842105263157896
机枪,10.318181818181818
机身,11.944444444444445
机师,14.583333333333334
机体,12.526315789473685
机械,11.380952380952381
机械化,14.318181818181818
机型,14.4
机油,12.5
机遇,14.9
机缘,14.363636363636363
机长,13.588235294117647
机制,15.578947368421053
机智,11.181818181818182
机组,14.736842105263158
肌肤,9.95
肌肉,10.130434782608695
鸡蛋,7.75
鸡肋,14.25
鸡毛蒜皮,11.095238095238095
鸡肉,5.5625
鸡屎,6.851851851851852
鸡汤,11.523809523809524
鸡尾酒,15.45
积淀,12.066666666666666
积分,12.4375
积极,9.590909090909092
积聚,13.952380952380953
积累,12.333333333333334
积木,7.954545454545454
积水,8.789473684210526
积蓄,10.1
积雪,9.722222222222221
积压,14.4
积怨,11.44
积攒,12.368421052631579
基本,11.222222222222221
基本功,10.863636363636363
基层,14.555555555555555
基础,11.052631578947368
基地,11.904761904761905
基点,15.368421052631579
基督教,14.434782608695652
基金,18.6842105
基石,11.363636363636363
基数,14.75
基调,15.157894736842104
基因,15.8
基站,15.857142857142858
基准,15.0
缉毒,14.166666666666666
缉拿,12.789473684210526
缉私,14.875
畸形,13.217391304347826
跻身,14.227272727272727
稽查,16.636363636363637
激昂,13.842105263157896
激荡,12.875
激动,9.052631578947368
激发,11.636363636363637
激光,13.1904762
激化,14.523809523809524
激活,13.619047619047619
激将法,11.526315789473685
激进,14.0
激励,10.695652173913043
激烈,9.476190476190476
激流,13.363636363636363
激怒,8.590909090909092
激起,12.6
激情,12.7
激素,14.35
激增,12.947368421052632
激战,12.818181818181818
羁绊,15.222222222222221
羁押,15.38888888888889
及格,7.473684210526316
及时,8.761904761904763
及早,11.714285714285714
吉利,11.25
吉日,13.037037037037036
吉他,10.95
吉祥,10.75
吉凶,13.318181818181818
汲取,12.0
级别,12.526315789473685
级数,13.5
极地,12.473684210526315
极端,12.3
极光,13.692307692307692
极品,15.304347826086957
极权,14.571428571428571
极限,12.65
极刑,13.636363636363637
极致,13.304347826086957
即将,9.80952380952381
即时,12.636363636363637
即兴,12.818181818181818
亟待,17.0625
亟需,17.444444444444443
急促,11.9375
急救,10.428571428571429
急救站,11.818181818181818
急忙,9.619047619047619
急迫,11.176470588235293
急切,11.1875
急事,9.136363636363637
急性,13.047619047619047
急需,12.095238095238095
急于,10.88888888888889
急躁,10.25
急着,10.588235294117647
急诊,10.944444444444445
疾病,9.0
疾风,11.956521739130435
疾控,15.555555555555555
疾苦,13.130434782608695
疾走,13.826086956521738
棘手,15.333333333333334
集成,14.105263157894736
集合,9.476190476190476
集会,12.333333333333334
集结,11.421052631578947
集锦,13.8947368
集聚,11.956521739130435
集群,13.95
集市,10.2
集体,11.80952380952381
集团,14.25
集训,12.578947368421053
集邮,10.722222222222221
集约,14.142857142857142
集中,9.772727272727273
集资,15.454545454545455
嫉妒,12.631578947368421
嫉恶如仇,13.038461538461538
籍贯,11.823529411764707
几何,12.421052631578947
几何学,13.904761904761905
几率,13.428571428571429
己见,13.208333333333334
己任,13.0
挤出,11.2380952
挤满,9.523809523809524
挤压,10.80952380952381
挤占,13.1875
脊梁,12.0
脊柱,11.857142857142858
脊椎,10.727272727272727
计费,11.95
计划,9.6
计划书,12.73076923076923
计价,13.55
计较,10.894736842105264
计量,12.818181818181818
计谋,11.88888888888889
计时,9.944444444444445
计算,7.157894736842105
计息,14.444444444444445
记得,9.4
记分,9.8
记号,10.925925925925926
记录,10.5
记录片,12.814814814814815
记念,10.85
记述,10.136363636363637
记性,8.148148148148149
记忆,9.473684210526315
记忆力,9.608695652173912
记忆犹新,12.272727272727273
记载,11.227272727272727
记账,11.95
记者,11.3
记者会,13.227272727272727
记住,8.304347826086957
伎俩,15.75
纪录,12.45
纪律,8.125
纪念,11.333333333333334
纪念碑,11.0
纪念日,10.363636363636363
纪实,15.095238095238095
纪要,14.3125
技法,13.80952380952381
技工,14.666666666666666
技能,12.714285714285714
技巧,9.210526315789474
技师,12.15
技术,12.11111111111111
技艺,12.7
忌讳,14.25
忌日,10.04
际遇,14.954545454545455
妓女,13.863636363636363
季报,16.375
季度,11.272727272727273
季节,8.409090909090908
季军,11.833333333333334
季刊,13.037037037037036
剂量,13.052631578947368
迹象,14.476190476190476
既定,15.61111111111111
既然,9.0
觊觎,16.57894736842105
继承,11.523809523809524
继承人,13.173913043478262
继母,9.777777777777779
继任,13.703703703703704
继续,9.904761904761905
祭拜,11.652173913043478
祭奠,12.181818181818182
祭扫,12.347826086956522
祭祀,13.263157894736842
祭坛,14.523809523809524
祭祖,10.529411764705882
悸动,14.130434782608695
寄给,10.681818181818182
寄居,12.818181818181818
寄居蟹,12.666666666666666
寄生,13.454545454545455
寄托,10.666666666666666
寄信,9.476190476190476
寄信人,9.761904761904763
寄宿,12.9
寄养,11.608695652173912
寄予,13.842105263157896
寄语,13.444444444444445
寂静,10.3684211
寂寞,14.043478260869565
绩效,17.473684210526315
冀望,12.73913043478261
加班,13.052631578947368
加倍,10.0
加仓,20.4117647
加大,9.238095238095237
加分,10.5625
加盖,13.05
加工,11.619047619047619
加固,10.909090909090908
加价,12.4
加紧,11.4
加剧,12.722222222222221
加快,7.473684210526316
加码,12.7
加盟,14.833333333333334
加盟店,14.75
加密,12.0
加冕,14.095238095238095
加强,12.55
加权,14.533333333333333
加热,9.4
加入,9.181818181818182
加上,7.7368421052631575
加深,11.636363636363637
加收,12.5
加速,10.75
加息,16.8
加薪,17.4375
加刑,13.076923076923077
加压,13.526315789473685
加以,12.0
加油,8.714285714285714
加油站,10.454545454545455
加长,9.523809523809524
加重,10.80952380952381
佳话,14.666666666666666
佳绩,13.761904761904763
佳节,10.842105263157896
佳境,12.954545454545455
佳丽,13.423076923076923
佳人,13.12
佳肴,12.2
佳作,12.61111111111111
挟持,12.956521739130435
枷锁,11.8
家暴,15.8
家产,12.210526315789474
家常,12.61111111111111
家畜,11.130434782608695
家当,13.105263157894736
家底,11.80952380952381
家电,8.85
家访,9.857142857142858
家伙,10.105263157894736
家家,11.7222222
家教,10.304347826086957
家境,12.045454545454545
家居,13.25
家具,8.571428571428571
家门,9.666666666666666
家禽,7.7894736842105265
家人,6.555555555555555
家事,11.391304347826088
家书,11.727272727272727
家属,9.478260869565217
家庭,8.105263157894736
家徒四壁,13.24
家务,8.352941176470589
家乡,9.263157894736842
家业,12.333333333333334
家用,9.772727272727273
家园,10.047619
家长,7.611111111111111
家政,12.80952380952381
家装,12.95
家族,10.4375
家族式,13.227272727272727
嘉宾,12.08695652173913
嘉奖,12.428571428571429
嘉年华,15.952380952380953
夹缝,11.705882352941176
夹击,13.0
夹心,10.714285714285714
夹杂,12.571428571428571
荚果,14.55
颊骨,13.291666666666666
甲板,10.5
甲虫,9.851851851851851
甲醇,15.631578947368421
甲等,11.526315789473685
甲方,14.55
甲级,14.555555555555555
甲壳,11.48
甲醛,14.409090909090908
甲状腺,14.807692307692308
假扮,9.391304347826088
假币,10.619047619047619
假定,11.857142857142858
假货,11.235294117647058
假冒,9.5
假期,8.31578947368421
假日,8.409090909090908
假设,9.454545454545455
假释,16.0
假说,11.409090909090908
假想,10.826086956521738
假象,11.952380952380953
假药,11.368421052631579
假证,13.944444444444445
假装,9.777777777777779
价差,14.833333333333334
价格,7.157894736842105
价款,12.368421052631579
价钱,10.9
价位,12.65
价值,13.5
价值观,15.0
价值连城,12.090909090909092
驾车,11.545454545454545
驾轻就熟,14.923076923076923
驾驶,9.526315789473685
驾驶舱,13.91304347826087
驾驭,13.772727272727273
驾照,13.692307692307692
架构,14.4
架空,15.0
架起,9.26086956521739
架设,15.866666666666667
架势,13.65
架子,9.25
嫁接,14.75
嫁妆,13.434782608695652
尖刀,8.789473684210526
尖端,14.61111111111111
尖峰,12.555555555555555
尖叫,7.888888888888889
尖锐,11.052631578947368
尖酸,11.88
奸臣,11.869565217391305
奸夫,14.894736842105264
奸商,11.192307692307692
奸细,11.37037037037037
歼灭,12.043478260869565
坚持,9.380952380952381
坚定,12.476190476190476
坚固,11.052631578947368
坚果,10.0526316
坚决,11.521739130434783
坚强,11.090909090909092
坚韧,14.65
坚实,10.666666666666666
坚守,11.833333333333334
坚挺,11.578947368421053
坚信,12.222222222222221
坚毅,13.08695652173913
坚硬,10.0
间谍,13.0
间断,10.166666666666666
间断性,13.863636363636363
间隔,11.647058823529411
间接,11.68421052631579
间距,11.954545454545455
间隙,12.15
间歇,12.473684210526315
肩部,6.9523809523809526
肩负,12.0625
肩膀,6.714285714285714
肩头,8.772727272727273
艰巨,11.91304347826087
艰苦,10.0
艰难,10.181818181818182
艰险,11.75
艰辛,12.5
监测,13.25
监测站,15.26923076923077
监察,15.8
监督,11.727272727272727
监犯,13.652173913043478
监管,14.789473684210526
监护,12.636363636363637
监护人,12.652173913043478
监禁,11.85
监考,9.9
监控,11.956521739130435
监理,17.75
监事,17.25
监视,13.6875
监听,12.714285714285714
监狱,10.25
监制,12.882352941176471
兼备,14.7
兼并,16.38888888888889
兼顾,12.952380952380953
兼具,13.529411764705882
兼任,11.526315789473685
兼容,14.25
兼职,16.1
缄默,15.142857142857142
煎熬,14.25
俭朴,11.5
检测,11.782608695652174
检查,8.68421052631579
检查站,12.772727272727273
检察,14.529411764705882
检察院,13.851851851851851
检点,13.384615384615385
检方,16.833333333333332
检举,14.545454545454545
检票,10.3333333
检索,12.714285714285714
检讨,9.857142857142858
检讨书,10.25
检修,12.3125
检验,12.08695652173913
检疫,14.714285714285714
检阅,12.272727272727273
减半,9.80952380952381
减仓,20.047619047619047
减产,13.095238095238095
减持,15.777777777777779
减肥,12.1
减负,13.166666666666666
减缓,13.35
减价,9.727272727272727
减量,11.210526315789474
减免,13.333333333333334
减排,15.333333333333334
减轻,11.842105263157896
减去,8.19047619047619
减弱,11.761904761904763
减少,8.631578947368421
减税,16.2105263
减速,11.521739130434783
减退,13.285714285714286
减小,8.5
减刑,14.428571428571429
减压,13.083333333333334
减灾,12.555555555555555
剪彩,14.055555555555555
剪刀,6.333333333333333
剪辑,15.130434782608695
剪接,14.407407407407407
剪影,12.538461538461538
剪纸,9.045454545454545
简报,11.7
简便,10.95
简称,11.85
简单,8.68421052631579
简短,10.954545454545455
简化,12.055555555555555
简洁,9.526315789473685
简介,11.047619047619047
简历,14.45
简陋,10.5
简明,10.285714285714286
简朴,11.6
简讯,13.409090909090908
简要,11.526315789473685
简易,10.727272727272727
简约,12.0
简直,9.909090909090908
碱性,14.35
见报,13.545454545454545
见到,7.684210526315789
见鬼,10.148148148148149
见解,12.0625
见谅,11.791666666666666
见面,7.476190476190476
见面礼,11.444444444444445
见识,11.761904761904763
见闻,11.470588235294118
见习,15.25
见习生,15.590909090909092
见笑,11.92
见效,12.181818181818182
见义勇为,11.526315789473685
见于,14.736842105263158
见长,13.125
见证,13.047619047619047
见诸,15.0
见状,12.6
饯别,12.789473684210526
建材,13.84
建成,11.722222222222221
建党,13.3
建房,9.842105263157896
建功,13.578947368421053
建构,15.833333333333334
建国,12.333333333333334
建交,13.842105263157896
建立,10.571428571428571
建起,12.9
建设,11.210526315789474
建树,15.7368421
建校,11.73913043478261
建言,16.105263157894736
建业,17.6
建议,10.19047619047619
建于,11.291666666666666
建造,9.105263157894736
建制,16.38888888888889
建筑,12.391304347826088
建筑物,8.73076923076923
贱人,12.318181818181818
剑道,13.863636363636363
剑客,13.814814814814815
健儿,11.818181818181818
健康,8.304347826086957
健脾,16.77777777777778
健全,11.529411764705882
健身,13.421052631578947
健身球,14.636363636363637
健谈,12.105263157894736
健忘,13.434782608695652
健在,13.409090909090908
舰队,14.0952381
舰艇,11.952380952380953
舰载,15.85
舰长,12.714285714285714
渐进,11.846153846153847
践行,14.0
践踏,12.0625
鉴别,13.380952380952381
鉴定,12.227272727272727
鉴赏,12.9
鉴于,13.35
键盘,11.4
箭头,8.473684210526315
江河,7.681818181818182
江湖,12.944444444444445
江郎才尽,14.619047619047619
江山,10.68421052631579
江水,7.904761904761905
将近,13.1
将军,10.85
将来,9.217391304347826
将领,12.35
将令,13.85
将士,10.789473684210526
浆糊,9.714285714285714
僵持,13.454545454545455
僵化,12.2
僵局,12.5
僵尸,11.863636363636363
僵硬,12.875
缰绳,12.0
疆界,14.76
讲话,8.3
讲讲,10.428571428571429
讲解,10.095238095238095
讲究,13.333333333333334
讲课,7.882352941176471
讲求,12.3846154
讲师,13.363636363636363
讲授,15.047619047619047
讲述,12.666666666666666
讲台,7.842105263157895
讲坛,13.0
讲堂,10.444444444444445
讲学,14.85
讲演稿,11.272727272727273
讲座,13.736842105263158
奖杯,9.333333333333334
奖惩,12.166666666666666
奖金,12.894736842105264
奖励,8.666666666666666
奖牌,11.714285714285714
奖品,7.7894736842105265
奖券,11.666666666666666
奖项,10.9473684
奖学金,13.076923076923077
奖章,9.782608695652174
奖状,7.818181818181818
降到,13.0
降低,11.238095238095237
降服,12.956521739130435
降幅,13.875
降级,12.368421052631579
降价,9.277777777777779
降解,13.409090909090908
降临,10.636363636363637
降落,9.565217391304348
降水,9.947368421052632
降温,9.882352941176471
降雪,9.833333333333334
降压,13.772727272727273
降雨,7.66666667
降雨量,12.714285714285714
酱油,6.666666666666667
交叉,10.428571428571429
交出,9.625
交错,12.904761904761905
交代,11.428571428571429
交待,10.272727272727273
交费,10.5
交锋,11.85
交付,12.5
交割,15.277777777777779
交给,10.5
交还,8.736842105263158
交互,13.722222222222221
交换,9.619047619047619
交汇,14.1578947
交会,13.4375
交火,12.3
交货,13.227272727272727
交集,12.894736842105264
交际,11.727272727272727
交接,13.25
交界,12.6
交口,13.571428571428571
交流,11.375
交纳,14.55
交配,14.391304347826088
交融,14.133333333333333
交涉,13.619047619047619
交手,12.047619047619047
交谈,8.176470588235293
交替,12.125
交通,9.363636363636363
交通警,10.304347826086957
交头接耳,8.521739130434783
交往,11.857142857142858
交响,14.238095238095237
交响乐,12.909090909090908
交易,11.736842105263158
交易日,16.52173913043478
交由,12.625
交友,9.11111111111111
交战,12.2
交织,12.526315789473685
郊区,10.88888888888889
郊外,10.2
郊游,10.210526315789474
浇灌,10.61111111111111
浇水,8.210526315789474
娇生惯养,11.807692307692308
娇小,12.333333333333334
娇纵,14.461538461538462
骄傲,9.523809523809524
骄横,12.333333333333334
骄人,14.61111111111111
骄子,12.368421052631579
胶带,8.263157894736842
胶囊,9.31578947
胶片,11.826086956521738
胶水,8.409090909090908
胶着,15.75
椒盐,11.615384615384615
焦点,13.5
焦耳,14.318181818181818
焦急,9.80952380952381
焦距,14.6
焦虑,13.041666666666666
焦土,12.7
礁石,11.44
角度,11.0
角力,14.0
角落,8.391304347826088
角膜,12.954545454545455
角球,17.095238095238095
角色,11.526315789473685
角逐,13.058823529411764
狡辩,11.130434782608695
狡猾,9.954545454545455
饺子,5.52380952
绞刑,15.826086956521738
矫健,12.0
矫枉过正,15.181818181818182
矫形,12.68
矫正,11.714285714285714
矫治,13.31578947368421
皎洁,11.85
脚步,8.5
脚跟,6.913043478260869
脚踝,10.714285714285714
脚踏实地,11.826086956521738
脚印,6.7727272727272725
脚趾,5.5
搅拌,9.0
搅拌机,13.851851851851851
搅扰,14.043478260869565
剿灭,12.692307692307692
缴存,16.4
缴费,10.894736842105264
缴获,13.181818181818182
缴纳,12.0
缴税,13.736842105263158
缴械,11.736842105263158
叫板,13.761904761904763
叫喊,7.7272727272727275
叫好,11.2105263
叫号,11.833333333333334
叫苦,9.846153846153847
叫骂,10.454545454545455
叫卖,11.0
叫声,6.45
叫停,11.380952380952381
叫醒,8.263157894736842
叫座,14.842105263157896
觉察,10.142857142857142
觉得,8.666666666666666
觉悟,14.4375
觉醒,14.608695652173912
轿车,8.45
轿夫,12.192307692307692
较劲,11.65
较量,11.608695652173912
较真,12.6875
较之,14.894736842105264
教鞭,11.0
教材,8.714285714285714
教导,10.047619047619047
教父,12.823529411764707
教给,11.4
教官,12.545454545454545
教会,15.714285714285714
教科书,9.545454545454545
教练,11.761904761904763
教师,6.473684210526316
教室,6.6
教授,12.833333333333334
教书,10.6
教堂,10.0
教头,14.666666666666666
教徒,13.347826086956522
教学,10.055555555555555
教训,12.105263157894736
教养,10.619047619047619
教育,9.380952380952381
教员,11.263157894736842
教职员,11.73076923076923
教主,14.333333333333334
教宗,15.5
酵素,16.333333333333332
阶层,14.1578947
阶段,10.826086956521738
阶级,13.761904761904763
阶梯,12.85
阶下囚,13.4
接班,13.285714285714286
接班人,10.296296296296296
接报,10.7
接驳,14.823529411764707
接触,11.166666666666666
接待,11.652173913043478
接待处,12.052631578947368
接到,9.714285714285714
接管,12.227272727272727
接轨,15.052631578947368
接合,12.947368421052632
接机,14.294117647058824
接济,12.523809523809524
接见,13.947368421052632
接近,9.045454545454545
接警,15.05
接口,12.952380952380953
接力,10.238095238095237
接力赛,11.88888888888889
接纳,11.4375
接洽,14.090909090909092
接球,9.55
接壤,13.227272727272727
接任,14.4
接入,11.45
接收,11.65
接手,12.210526315789474
接受,10.227272727272727
接送,8.777777777777779
接替,10.368421052631579
接听,8.904761904761905
接通,12.55
接吻,12.863636363636363
接续,12.470588235294118
接应,13.9
接着,8.727272727272727
接诊,12.409090909090908
接种,11.68421052631579
秸秆,12.05
揭发,12.45
揭开,11.0
揭露,14.25
揭秘,13.0
揭幕,12.5625
揭幕式,13.12
揭牌,13.2
揭示,12.333333333333334
揭晓,12.117647058823529
街道,8.25
街灯,9.24
街坊,9.0
街区,13.095238095238095
街头,10.142857142857142
街舞,12.105263157894736
街巷,8.05
节哀,12.473684210526315
节点,13.88888888888889
节俭,10.6
节目,7.421052631578948
节目表,9.31578947368421
节能,13.5
节气,11.0
节庆,10.954545454545455
节日,6.947368421052632
节省,11.0
节水,9.45
节外生枝,12.576923076923077
节衣缩食,11.956521739130435
节约,9.428571428571429
节制,12.894736842105264
节奏,10.6315789
劫持,12.608695652173912
劫匪,11.136363636363637
劫富济贫,10.48
劫狱,12.777777777777779
杰出,12.55
杰作,11.047619047619047
拮据,14.708333333333334
洁白,8.421052631578947
洁净,8.5
结案,16.47826086956522
结巴,9.318181818181818
结伴,9.227272727272727
结冰,6.6521739130434785
结成,12.470588235294118
结对,13.642857142857142
结构,11.631578947368421
结构图,14.2
结果,8.681818181818182
结合,11.7142857
结婚,12.285714285714286
结交,10.095238095238095
结晶,13.5625
结晶体,15.478260869565217
结局,10.304347826086957
结论,11.761904761904763
结盟,11.590909090909092
结石,15.578947368421053
结识,10.65
结实,9.55
结束,6.578947368421052
结算,13.272727272727273
结尾,10.411764705882353
结业,14.421052631578947
结余,12.6
结缘,14.4
结怨,10.894736842105264
结扎,17.565217391304348
结账,11.6
捷径,12.7
睫毛,8.347826086956522
截断,12.35
截获,12.909090909090908
截留,15.31578947368421
截然不同,12.409090909090908
截肢,12.045454545454545
截止,10.85
截至,11.25
竭尽,14.391304347826088
竭力,13.4375
姐弟,8.5
姐妹,6.8125
解除,11.285714285714286
解答,9.380952380952381
解冻,10.235294117647058
解毒,12.3125
解读,13.454545454545455
解放,12.761904761904763
解放军,9.173913043478262
解雇,17.0
解惑,11.421052631578947
解禁,14.1
解救,11.88888888888889
解决,11.5
解开,9.578947368421053
解渴,9.454545454545455
解码,15.555555555555555
解码器,18.32
解梦,14.153846153846153
解密,15.944444444444445
解聘,15.263157894736842
解剖,13.476190476190476
解散,11.142857142857142
解释,10.105263157894736
解说,12.7368421
解体,14.347826086956522
解脱,14.952380952380953
解围,13.35
解析,13.761904761904763
解约,15.166666666666666
介怀,16.055555555555557
介入,14.210526315789474
介绍,10.777777777777779
介绍信,13.08695652173913
介意,11.347826086956522
介于,11.772727272727273
介质,14.714285714285714
戒备,13.263157894736842
戒毒,13.411764705882353
戒律,13.434782608695652
戒心,12.642857142857142
戒烟,11.052631578947368
戒严,13.454545454545455
戒指,9.681818181818182
芥蒂,14.961538461538462
芥末,12.227272727272727
届满,15.1
届时,14.476190476190476
界别,13.352941176470589
界定,12.6875
界面,14.391304347826088
界限,11.727272727272727
界线,10.380952380952381
疥癣,17.25
借出,10.227272727272727
借贷,15.85
借给,10.0
借机,14.3
借鉴,12.631578947368421
借据,12.423076923076923
借口,11.047619047619047
借款,14.166666666666666
借题发挥,12.923076923076923
借条,11.842105263157896
借用,9.476190476190476
借助,12.8
巾帼,13.0
斤两,9.772727272727273
今朝,11.28
今年,6.739130434782608
今日,8.272727272727273
今生,11.74074074074074
今天,7.0
今晚,7.318181818181818
今昔,13.785714285714286
金杯,12.631578947368421
金币,9.363636363636363
金表,10.55
金箔,14.043478260869565
金额,10.578947368421053
金发,9.0
金粉,15.37037037037037
金刚,11.1
金黄,9.05
金价,13.956521739130435
金奖,12.75
金库,11.19047619047619
金矿,12.75
金牌,8.9375
金钱,8.0
金融,17.2
金融业,15.74074074074074
金色,6.705882352941177
金石,14.2307692
金属,9.0
金条,13.0
金星,14.571428571428571
金牙,11.0
金银,8.0
金鱼,5.55
金元,12.666666666666666
金子,9.55
金字塔,9.421052631578947
津津有味,10.321428571428571
津贴,15.526315789473685
矜持,14.851851851851851
筋斗,9.357142857142858
筋骨,13.166666666666666
筋疲力尽,11.55
仅有,10.5
紧绷,13.0
紧凑,11.0
紧跟,11.4
紧急,11.789473684210526
紧接,10.8
紧扣,10.4210526
紧邻,11.0
紧密,11.19047619047619
紧迫,11.9
紧俏,12.55
紧缺,12.130434782608695
紧缩,13.421052631578947
紧贴,10.88888888888889
紧张,9.608695652173912
锦标,14.96
锦囊,13.5
锦旗,10.368421052631579
锦绣,12.117647058823529
锦衣,13.346153846153847
谨防,12.19047619047619
谨慎,13.08695652173913
尽力,10.105263157894736
尽力而为,13.434782608695652
尽头,11.272727272727273
尽兴,12.5238095
尽责,12.761904761904763
尽职,14.142857142857142
进步,8.095238095238095
进场,13.15
进城,10.05
进程,13.4
进出,9.863636363636363
进度,11.157894736842104
进发,13.047619047619047
进攻,10.15
进贡,11.44
进行,9.6
进化,12.6
进货,11.863636363636363
进军,15.5625
进口,12.7
进口商,14.380952380952381
进来,7.125
进球,11.0
进取,11.333333333333334
进去,7.705882352941177
进入,9.0
进食,9.619047619047619
进士,14.26086956521739
进水,11.285714285714286
进退,11.857142857142858
进屋,8.105263157894736
进修,13.833333333333334
进展,13.95
进站,9.368421052631579
进账,14.555555555555555
进驻,13.722222222222221
近代史,12.772727272727273
近海,12.947368421052632
近乎,12.2
近况,10.777777777777779
近来,9.761904761904763
近邻,9.681818181818182
近期,10.518518518518519
近亲,10.818181818181818
近日,11.045454545454545
近似,9.789473684210526
近视,10.722222222222221
劲爆,13.3125
劲敌,13.521739130434783
劲旅,15.5625
劲射,12.875
劲头,12.25
晋级,13.631578947368421
晋见,12.12
晋升,13.666666666666666
浸泡,13.047619047619047
浸染,13.727272727272727
浸水,8.761904761904763
浸透,12.318181818181818
禁闭,12.380952380952381
禁毒,13.157894736842104
禁毒署,16.944444444444443
禁忌,13.4736842
禁令,12.565217391304348
禁区,14.045454545454545
禁赛,14.35
禁烟,13.142857142857142
禁用,12.041666666666666
禁欲,15.047619047619047
禁止,9.263157894736842
京城,9.722222222222221
京剧,9.869565217391305
经办,14.136363636363637
经常,9.0
经典,11.434782608695652
经费,16.57894736842105
经过,9.75
经纪,15.25
经济,14.555555555555555
经济基础,15.73913043478261
经济学,15.0
经理,12.80952380952381
经历,11.0952381
经络,14.285714285714286
经商,12.571428571428571
经受,13.125
经书,10.681818181818182
经纬,13.826086956521738
经纬线,13.185185185185185
经文,11.296296296296296
经销,13.714285714285714
经销商,15.846153846153847
经验,11.136363636363637
经验主义,15.523809523809524
经营,13.95
经营不善,15.96
经由,11.0
惊呆,10.35
惊动,10.052631578947368
惊弓之鸟,12.703703703703704
惊呼,11.136363636363637
惊慌,9.722222222222221
惊恐,9.473684210526315
惊奇,10.380952380952381
惊人,11.4
惊悚,14.15
惊叹,10.45
惊喜,8.909090909090908
惊吓,8.894736842105264
惊险,10.636363636363637
惊现,12.3
惊醒,10.25
惊讶,8.608695652173912
惊艳,13.6875
晶体,14.8
晶莹,11.461538461538462
晶莹剔透,12.5
精彩,9.3125
精彩绝伦,13.0
精度,12.238095238095237
精干,13.904761904761905
精工,16.133333333333333
精华,13.6875
精简,12.954545454545455
精力,13.380952380952381
精炼,13.714285714285714
精良,11.947368421052632
精灵,8.95
精美,12.333333333333334
精密,13.7
精密度,14.777777777777779
精妙,13.947368421052632
精明,15.833333333333334
精品,11.277777777777779
精巧,10.789473684210526
精确,11.523809523809524
精锐,15.095238095238095
精神,11.421052631578947
精神病,10.952380952380953
精神病院,11.666666666666666
精算,13.571428571428571
精髓,14.3684211
精通,11.08695652173913
精细,12.761904761904763
精心,11.95
精选,11.714285714285714
精益求精,13.043478260869565
精英,13.375
精湛,12.947368421052632
精致,11.444444444444445
精装,14.217391304347826
精准,11.5
精子,15.26086956521739
鲸鱼,9.703703703703704
井底,8.857142857142858
井底之蛙,10.923076923076923
井盖,9.473684210526315
井喷,14.3125
井水,8.347826086956522
颈部,7.7894736842105265
颈椎,13.363636363636363
景点,10.0952381
景观,9.095238095238095
景气,14.047619047619047
景区,9.875
景色,9.130434782608695
景物,9.857142857142858
景象,10.380952380952381
景仰,11.894736842105264
景致,12.590909090909092
警报,8.85
警报器,11.826086956521738
警察,7.7
警察局,8.304347826086957
警车,7.85
警方,8.210526315789474
警服,9.772727272727273
警告,9.222222222222221
警官,8.0
警觉,13.4210526
警戒,12.0
警力,14.2
警民,12.8
警情,13.55
警犬,11.105263157894736
警示,12.090909090909092
警惕,11.55
警卫,11.3
警务,13.521739130434783
警醒,13.75
警用,15.0
警员,11.125
警钟,10.380952380952381
警种,14.428571428571429
径赛,12.153846153846153
净化,12.352941176470589
净利,14.7857143
净水,12.947368421052632
净增,15.636363636363637
净值,18.714285714285715
净赚,14.923076923076923
净资产,17.526315789473685
痉挛,15.761904761904763
竞标,13.631578947368421
竞猜,11.8
竞彩,15.5
竞得,15.4375
竞技,11.631578947368421
竞价,15.38888888888889
竞买,16.333333333333332
竞拍,15.736842105263158
竞赛,10.952380952380953
竞选,13.333333333333334
竞争,10.526315789473685
竞争力,12.590909090909092
竞逐,14.851851851851851
敬爱,9.5
敬酒,11.6
敬老,10.7368421
敬礼,9.608695652173912
敬佩,11.636363636363637
敬请,14.052631578947368
敬畏,12.571428571428571
敬献,13.090909090909092
敬仰,10.263157894736842
敬业,13.38888888888889
敬意,12.347826086956522
敬语,13.36
敬重,10.590909090909092
静候,12.1
静静,10.8571429
静脉,13.0
静谧,13.857142857142858
静态,12.0625
静音,11.173913043478262
静止,9.428571428571429
境地,15.055555555555555
境界,14.058823529411764
境况,13.421052631578947
境外,15.73913043478261
境遇,12.863636363636363
镜片,10.227272727272727
镜头,11.85
镜像,14.181818181818182
镜子,7.8
迥异,14.75
窘境,12.263157894736842
窘迫,12.863636363636363
纠察,14.4
纠缠,12.5
纠错,11.157894736842104
纠纷,11.523809523809524
纠葛,16.25
纠结,12.25
纠正,10.7
揪心,13.227272727272727
九死一生,12.608695652173912
九霄云外,12.2
久别重逢,12.380952380952381
久等,11.08695652173913
久久,11.61111111111111
久违,12.545454545454545
久远,11.95
韭菜,8.1
酒吧,13.391304347826088
酒杯,9.9375
酒店,11.35
酒店业,14.24
酒鬼,10.653846153846153
酒壶,9.318181818181818
酒会,12.8125
酒驾,12.714285714285714
酒精,10.714285714285714
酒精灯,12.285714285714286
酒类,9.352941176470589
酒量,11.434782608695652
酒楼,11.3125
酒瓶,7.190476190476191
酒水,12.142857142857142
酒席,10.571428571428571
酒业,12.210526315789474
酒庄,13.9
旧城,13.055555555555555
旧时,12.222222222222221
旧式,10.4
旧事,12.666666666666666
旧闻,12.863636363636363
旧友,13.23076923076923
旧址,12.5
旧制,13.461538461538462
臼齿,15.107142857142858
救国,11.473684210526315
救护,12.333333333333334
救火,9.5
救济,13.210526315789474
救命,8.285714285714286
救命之恩,11.052631578947368
救起,11.05
救人,7.894736842105263
救生,11.0526316
救生衣,10.75
救赎,15.782608695652174
救援,12.363636363636363
救灾,12.3
救治,10.238095238095237
救助,9.958333333333334
就餐,9.210526315789474
就读,10.0
就寝,11.772727272727273
就任,14.434782608695652
就是,7.62962962962963
就绪,12.0
就学,11.5
就业,15.555555555555555
就医,10.823529411764707
就诊,12.052631578947368
就职,15.545454545454545
就坐,11.333333333333334
拘捕,12.15
拘谨,13.346153846153847
拘禁,13.052631578947368
拘留,13.363636363636363
拘泥,14.0
拘束,12.608695652173912
拘役,13.526315789473685
狙击,12.80952380952381
狙击手,13.142857142857142
居多,12.2857143
居高临下,14.263157894736842
居家,13.285714285714286
居留,14.0
居留权,15.555555555555555
居民,10.125
居室,11.73913043478261
居所,11.428571428571429
居心,11.72
居于,12.157894736842104
居中,10.7
居住,9.6
鞠躬,10.4
局部,11.85
局促,14.11111111111111
局面,12.5
局势,14.368421052631579
局外,12.76923076923077
局外人,14.24
局限,12.545454545454545
局长,13.55
桔梗,13.96
菊花,7.7
橘子,8.7
咀嚼,9.565217391304348
沮丧,14.0625
矩形,9.681818181818182
矩阵,15.608695652173912
举办,11.578947368421053
举报,13.8125
举措,13.142857142857142
举动,11.571428571428571
举国,12.411764705882353
举行,11.631578947368421
举家,14.8666667
举例,9.272727272727273
举起,10.714285714285714
举世,13.56
举世瞩目,12.727272727272727
举手,8.0
举证,15.55
举止,11.333333333333334
举重,11.7
巨变,12.833333333333334
巨大,10.473684210526315
巨额,12.952380952380953
巨幅,15.95
巨匠,12.88
巨款,11.894736842105264
巨浪,10.8947368
巨量,12.434782608695652
巨人,11.136363636363637
巨石,10.45
巨石阵,16.047619047619047
巨头,14.25
巨响,9.125
巨星,11.277777777777779
巨型,9.055555555555555
巨制,13.95
巨资,12.476190476190476
句法,12.363636363636363
句号,8.578947368421053
句子,8.944444444444445
拒捕,13.19047619047619
拒绝,9.73913043478261
拒载,15.578947368421053
具备,11.764705882352942
具名,14.2
具体,10.409090909090908
具有,11.3333333
俱佳,12.105263157894736
俱乐部,13.7
俱全,12.541666666666666
剧本,11.619047619047619
剧变,14.727272727272727
剧场,11.9375
剧毒,11.478260869565217
剧烈,10.952380952380953
剧目,11.333333333333334
剧情,12.0
剧团,11.45
剧院,11.05
剧增,12.722222222222221
剧照,13.318181818181818
剧种,13.38888888888889
剧组,12.473684210526315
剧作,13.0
剧作家,12.62962962962963
据称,11.842105263157896
据点,11.6
据理力争,13.181818181818182
据说,9.090909090909092
据为己有,11.25
据悉,13.842105263157896
距离,9.409090909090908
惧怕,11.1
飓风,12.65
锯齿,11.473684210526315
聚变,14.782608695652174
聚餐,11.35
聚赌,12.925925925925926
聚合,13.869565217391305
聚会,11.25
聚积,11.210526315789474
聚集,11.8
聚焦,13.6875
聚居,11.789473684210526
聚拢,12.142857142857142
聚首,14.875
聚众,13.6875
捐给,11.227272727272727
捐款,11.952380952380953
捐躯,12.15
捐献,11.761904761904763
捐赠,10.052631578947368
捐助,9.75
捐资,13.5
镌刻,16.3
卷发,10.26086956521739
卷曲,11.363636363636363
卷入,11.578947368421053
卷烟,11.444444444444445
卷轴,13.555555555555555
倦怠,13.23076923076923
眷顾,13.277777777777779
眷恋,13.703703703703704
决策,14.947368421052632
决定,9.19047619047619
决定权,13.65
决斗,10.74074074074074
决断,13.666666666666666
决裂,13.26086956521739
决赛,9.789473684210526
决胜,11.5789474
决算,15.047619047619047
决心,11.545454545454545
决议,17.157894736842106
决意,13.666666666666666
决战,11.380952380952381
诀别,13.826086956521738
诀窍,9.833333333333334
抉择,13.263157894736842
绝版,14.347826086956522
绝处逢生,13.538461538461538
绝地,13.588235294117647
绝对,10.217391304347826
绝活,11.454545454545455
绝技,10.947368421052632
绝迹,13.08695652173913
绝交,8.789473684210526
绝境,11.8125
绝杀,14.789473684210526
绝食,10.19047619047619
绝望,12.818181818181818
绝缘,14.3333333
崛起,11.272727272727273
爵士,13.4
倔强,11.19047619047619
军备,14.6
军队,11.363636363636363
军阀,12.722222222222221
军方,10.578947368421053
军费,14.428571428571429
军工,15.4
军官,10.65
军火,13.25
军火商,14.222222222222221
军舰,11.863636363636363
军警,12.0
军力,13.45
军令,11.555555555555555
军旅,10.85
军民,12.1
军区,12.857142857142858
军人,11.8125
军事,13.0
军团,12.9375
军衔,13.095238095238095
军校,12.619047619047619
军心,13.235294117647058
军训,13.25
军演,12.954545454545455
军营,14.19047619047619
军用,13.523809523809524
军长,12.38888888888889
军政,14.0
军装,10.15
均等,10.789473684210526
均衡,12.5
均价,13.38888888888889
均匀,11.736842105263158
均值,13.19047619047619
君主,14.0
君子,13.8
俊美,11.6
俊男,12.653846153846153
郡主,13.181818181818182
竣工,14.428571428571429
咖啡,10.421052631578947
咖啡因,13.363636363636363
咖喱,13.863636363636363
卡车,9.84210526
卡号,12.608695652173912
卡路里,15.26923076923077
卡片,9.409090909090908
卡通,7.5
卡通片,8.545454545454545
卡住,11.476190476190476
开班,9.958333333333334
开办,11.789473684210526
开播,11.956521739130435
开采,11.454545454545455
开场,11.217391304347826
开车,10.631578947368421
开除,13.235294117647058
开船,9.043478260869565
开创,13.789473684210526
开打,11.363636363636363
开刀,12.0
开导,12.095238095238095
开动,10.19047619047619
开端,11.1875
开恩,12.619047619047619
开发,13.608695652173912
开发区,14.590909090909092
开放,11.19047619047619
开工,11.681818181818182
开关,7.15
开馆,12.5
开国,14.05
开行,15.294117647058824
开户,14.052631578947368
开花,8.136363636363637
开会,11.11111111111111
开火,9.105263157894736
开机,10.0
开建,15.0555556
开讲,11.7
开奖,12.2
开进,12.05
开局,13.263157894736842
开具,15.590909090909092
开课,9.25
开口,8.05
开阔,10.956521739130435
开来,15.928571428571429
开朗,11.4
开立,15.357142857142858
开裂,9.523809523809524
开路,12.15
开门,5.764705882352941
开门见山,11.0
开明,11.3125
开幕,11.409090909090908
开幕式,10.173913043478262
开拍,15.761904761904763
开盘,17.238095238095237
开辟,13.222222222222221
开篇,10.31578947368421
开票,14.4
开瓶器,11.045454545454545
开启,10.0
开枪,9.65
开腔,12.115384615384615
开赛,10.789473684210526
开山,13.833333333333334
开设,13.333333333333334
开始,9.68421052631579
开市,17.666666666666668
开水,7.476190476190476
开庭,14.473684210526315
开通,10.9473684
开头,7.956521739130435
开拓,14.318181818181818
开挖,12.68421052631579
开玩笑,8.818181818181818
开胃,11.64
开销,12.761904761904763
开心,6.833333333333333
开学,6.333333333333333
开业,11.652173913043478
开展,9.954545454545455
开战,11.478260869565217
开张,11.105263157894736
开征,12.923076923076923
开支,14.263157894736842
凯旋,12.363636363636363
凯旋门,14.518518518518519
铠甲,10.333333333333334
慨叹,11.826086956521738
楷模,11.7619048
刊登,12.714285714285714
刊发,15.631578947368421
刊物,11.875
刊载,13.391304347826088
勘测,13.428571428571429
勘查,12.045454545454545
勘探,14.15
堪称,13.210526315789474
堪忧,14.8
坎坷,13.31578947368421
砍伐,11.227272727272727
看病,8.0
看成,9.944444444444445
看出,8.0
看待,13.25
看到,7.7
看点,12.75
看跌,16.210526315789473
看法,10.157894736842104
看管,12.136363636363637
看好,10.5
看护,11.45
看见,7.181818181818182
看看,10.0
看客,13.55
看来,9.8
看齐,10.19047619047619
看上,10.95
看似,12.761904761904763
看守,11.470588235294118
看书,6.375
看台,13.571428571428571
看透,13.0
看望,12.0
看涨,14.944444444444445
看中,10.6
看作,12.0
康复,12.2
康乃馨,12.407407407407407
慷慨,11.473684210526315
慷慨解囊,14.703703703703704
亢奋,13.88888888888889
抗癌,15.11111111111111
抗旱,13.421052631578947
抗衡,13.285714285714286
抗击,13.666666666666666
抗拒,11.526315789473685
抗菌,14.0526316
抗诉,14.304347826086957
抗体,15.35
抗药性,17.0
抗议,15.5
抗战,11.19047619047619
抗震,12.833333333333334
抗争,11.68421052631579
考查,12.944444444444445
考察,14.217391304347826
考察团,13.88888888888889
考场,9.454545454545455
考点,10.545454545454545
考古,13.736842105263158
考官,13.411764705882353
考核,14.0
考究,14.0
考量,15.3809524
考虑,9.666666666666666
考评,13.095238095238095
考取,11.3125
考入,10.304347826086957
考上,9.736842105263158
考生,10.636363636363637
考试,8.1
考题,9.5
考研,17.3
考验,11.947368421052632
考证,14.0
拷贝,14.944444444444445
拷问,12.263157894736842
烤肉,9.19047619047619
烤鸭,10.35
犒劳,11.4
靠边,11.368421052631579
靠后,11.4
靠近,8.0
靠拢,9.31578947368421
靠谱,12.272727272727273
靠山,12.681818181818182
苛刻,11.95
苛求,12.631578947368421
科幻,11.481481481481481
科级,16.565217391304348
科技,12.0625
科教,12.9
科举,13.75
科目,10.095238095238095
科学,10.523809523809524
科学家,9.826086956521738
科研,12.823529411764707
科员,14.8125
科长,14.25
颗粒,9.818181818181818
磕头,9.272727272727273
瞌睡,8.636363636363637
蝌蚪,6.454545454545454
咳嗽,8.666666666666666
可爱,8.238095238095237
可变,11.333333333333334
可持续性,15.444444444444445
可耻,10.285714285714286
可恶,10.19047619047619
可歌可泣,13.476190476190476
可观,11.5
可贵,10.909090909090908
可行,12.08695652173913
可恨,10.0
可见光,13.857142857142858
可敬,10.0
可卡因,15.0
可靠,10.777777777777779
可可,13.944444444444445
可口,8.473684210526315
可乐,8.833333333333334
可怜,8.333333333333334
可怜虫,11.26086956521739
可能,8.409090909090908
可怕,8.631578947368421
可期,14.75
可取,13.4
可视,13.0
可望,13.1176471
可惜,10.0
可喜,10.636363636363637
可笑,10.7
可信,9.904761904761905
可信性,12.636363636363637
可疑,12.263157894736842
可以,6.65
渴求,11.11111111111111
渴望,11.347826086956522
克服,10.181818181818182
克隆,15.565217391304348
克星,12.11111111111111
克制,12.764705882352942
刻板,13.0
刻薄,12.434782608695652
刻画,11.272727272727273
刻苦,9.38095238
刻意,12.052631578947368
恪守,13.272727272727273
客场,15.333333333333334
客车,8.0
客串,13.9375
客队,14.333333333333334
客房,11.904761904761905
客服,13.136363636363637
客观,14.25
客官,11.636363636363637
客户,15.1
客机,10.6
客流,13.736842105263158
客票,13.736842105263158
客气,9.777777777777779
客人,6.947368421052632
客商,13.842105263157896
客套话,12.380952380952381
客厅,9.3
客源,14.2
客运,13.3
客栈,11.636363636363637
客座,13.263157894736842
课本,8.55
课程,9.35
课程表,7.461538461538462
课堂,7.913043478260869
课题,14.875
课文,8.75
课业,10.875
课余,9.571428571428571
课桌,7.428571428571429
肯定,8.411764705882353
垦荒,13.727272727272727
恳请,12.5625
恳求,11.0
坑洞,13.142857142857142
铿锵,14.727272727272727
空白,11.0
空巢,16.238095238095237
空城计,12.384615384615385
空地,10.578947368421053
空洞,12.5
空腹,13.25
空港,13.705882352941176
空话,12.61111111111111
空间,11.722222222222221
空降,14.052631578947368
空姐,12.08695652173913
空军,10.952380952380953
空壳,13.285714285714286
空旷,10.842105263157896
空门,15.0625
空气,7.739130434782608
空前,13.714285714285714
空前绝后,14.285714285714286
空缺,12.85
空手,8.5
空调,8.15
空头,16.555555555555557
空位,9.173913043478262
空袭,12.0
空隙,11.166666666666666
空闲,10.91304347826087
空想,10.954545454545455
空心,9.772727272727273
空虚,13.608695652173912
空穴来风,13.666666666666666
空域,16.294117647058822
空运,14.588235294117647
空战,12.272727272727273
空置,13.947368421052632
空中,7.894736842105263
空子,12.263157894736842
孔明灯,11.642857142857142
孔雀,8.66666667
孔子,9.88888888888889
恐怖,8.952380952380953
恐慌,10.142857142857142
恐惧,9.8125
恐龙,8.173913043478262
恐吓,10.904761904761905
控告,12.363636363636363
控股,17.05
控球,12.35
控诉,14.15
控诉书,15.76923076923077
控烟,13.705882352941176
控制,11.863636363636363
控制室,12.863636363636363
口岸,14.444444444444445
口碑,13.210526315789474
口才,10.619047619047619
口吃,9.863636363636363
口齿,8.61111111111111
口臭,9.909090909090908
口出狂言,11.608695652173912
口袋,7.55
口服,7.7894736842105265
口感,10.65
口供,12.863636363636363
口号,8.789473684210526
口红,10.869565217391305
口角,12.954545454545455
口径,12.05
口气,10.35
口腔,9.130434782608695
口试,12.95
口述,11.75
口水,6.55
口头,9.3125
口头禅,9.636363636363637
口味,9.095238095238095
口吻,12.666666666666666
口音,10.882352941176471
口语,10.0
口罩,8.136363636363637
口子,13.15
叩头,9.65
扣除,12.428571428571429
扣分,8.421052631578947
扣篮,12.25
扣留,13.11111111111111
扣球,12.75
扣杀,15.0
扣押,12.157894736842104
枯干,11.166666666666666
枯竭,12.666666666666666
枯井,10.0
枯萎,10.192307692307692
枯燥,13.11111111111111
哭闹,8.31578947368421
哭泣,6.523809523809524
哭声,5.904761904761905
窟窿,9.105263157894736
骷髅,10.222222222222221
苦楚,13.16
苦瓜,7.57894737
苦海,13.181818181818182
苦尽甘来,12.409090909090908
苦口良药,9.869565217391305
苦力,12.76
苦练,9.782608695652174
苦难,13.227272727272727
苦恼,12.9
苦肉计,12.28
苦涩,10.666666666666666
苦头,10.875
苦笑,12.368421052631579
苦心,11.722222222222221
苦役,13.05
苦于,14.090909090909092
苦战,12.727272727272727
库存,14.0
库房,11.894736842105264
库区,12.0
裤子,5.631578947368421
酷爱,12.045454545454545
酷热,9.42857143
酷似,12.4
酷暑,9.333333333333334
酷刑,11.363636363636363
夸大,11.25
夸奖,7.434782608695652
夸口,10.88
夸赞,8.523809523809524
夸张,8.590909090909092
垮塌,12.65
垮台,13.368421052631579
挎包,13.15
跨度,14.35
跨国,12.210526315789474
跨过,9.818181818181818
跨行,16.5
跨境,15.833333333333334
跨栏,11.25925925925926
跨区,12.631578947368421
跨入,10.380952380952381
跨越,12.15
快报,14.15
快步,10.0
快餐,11.105263157894736
快餐店,11.727272727272727
快车,13.954545454545455
快递,12.65
快感,15.0
快攻,13.285714285714286
快活,12.636363636363637
快件,16.375
快捷,13.1
快乐,8.25
快门,11.380952380952381
快速,8.714285714285714
快艇,9.588235294117647
快讯,14.3125
脍炙人口,12.285714285714286
筷子,6.7727272727272725
宽敞,11.142857142857142
宽大,12.571428571428571
宽带,13.631578947368421
宽度,8.2
宽泛,13.944444444444445
宽广,11.55
宽阔,10.631578947368421
宽容,13.333333333333334
宽恕,12.818181818181818
宽松,12.38888888888889
宽限,13.863636363636363
宽衣,13.88
宽裕,13.526315789473685
款待,11.961538461538462
款额,15.157894736842104
款式,13.333333333333334
款物,14.235294117647058
款项,15.2105263
狂暴,12.19047619047619
狂奔,11.565217391304348
狂飙,15.285714285714286
狂潮,16.263157894736842
狂风,10.238095238095237
狂欢,11.208333333333334
狂热,12.105263157894736
狂人,13.777777777777779
狂妄,13.0
狂野,13.173913043478262
旷课,10.478260869565217
旷野,11.4
况且,12.869565217391305
矿产,12.380952380952381
矿工,11.565217391304348
矿井,11.842105263157896
矿坑,13.407407407407407
矿区,12.882352941176471
矿泉水,8.722222222222221
矿山,11.210526315789474
矿石,11.136363636363637
矿物,13.2857143
矿物质,14.0
矿业,14.523809523809524
框架,11.428571428571429
亏本,12.125
亏待,12.777777777777779
亏欠,11.818181818181818
亏损,13.73913043478261
亏心事,11.666666666666666
窥探,15.636363636363637
葵花,9.0
魁梧,12.12
傀儡,14.115384615384615
匮乏,13.80952380952381
馈赠,11.8
溃疡,12.842105263157896
愧疚,11.818181818181818
昆虫,9.3
昆曲,15.0
捆绑,11.772727272727273
困乏,9.703703703703704
困惑,11.222222222222221
困境,10.263157894736842
困局,11.761904761904763
困难,9.7
困扰,12.5
扩充,12.95
扩大,9.727272727272727
扩股,19.736842105263158
扩建,12.636363636363637
扩容,13.105263157894736
扩散,10.631578947368421
扩音器,11.884615384615385
扩展,10.956521739130435
扩张,14.9375
扩招,15.65
阔别,14.875
阔绰,13.157894736842104
垃圾,6.666666666666667
垃圾站,9.64
拉车,8.85
拉扯,11.470588235294118
拉大,11.6428571
拉丁舞,12.461538461538462
拉动,11.0
拉锯,10.263157894736842
拉锯战,13.26923076923077
拉开,11.047619047619047
拉客,15.428571428571429
拉力,12.181818181818182
拉练,12.526315789473685
拉链,5.2
拉拢,11.944444444444445
拉面,9.8
拉票,12.736842105263158
拉起,9.0
拉升,12.277777777777779
拉长,8.80952380952381
邋遢,9.91304347826087
喇叭,9.368421052631579
喇嘛,12.8
腊肠,11.173913043478262
腊肉,9.523809523809524
腊月,9.571428571428571
蜡笔,8.814814814814815
蜡像,12.85
蜡烛,6.761904761904762
辣椒,6.052631578947368
来宾,10.2105263
来到,8.217391304347826
来得,13.0
来电,11.7
来访,11.619047619047619
来复枪,14.411764705882353
来稿,12.875
来回,6.947368421052632
来讲,13.0
来京,15.85
来客,11.80952380952381
来历,10.272727272727273
来历不明,11.956521739130435
来临,9.478260869565217
来去,9.608695652173912
来世,13.192307692307692
来说,9.75
来往,10.294117647058824
来信,10.31578947368421
来意,12.047619047619047
来源,11.5714286
来自,8.380952380952381
赖皮,11.0
赖账,11.652173913043478
兰花,9.619047619047619
拦截,12.75
拦网,14.5
拦住,9.85
拦阻,10.095238095238095
栏杆,7.636363636363637
栏目,11.15
蓝本,14.85
蓝光,14.61111111111111
蓝鲸,10.578947368421053
蓝军,14.75
蓝领,15.045454545454545
蓝色,5.444444444444445
蓝天,5.842105263157895
蓝图,14.80952380952381
蓝牙,16.6
褴褛,14.56
篮板,12.5
篮筐,10.2
篮球,9.5
篮球架,9.038461538461538
篮子,7.894736842105263
揽客,14.545454545454545
缆车,12.521739130434783
懒虫,8.043478260869565
懒得,10.15
懒惰,8.380952380952381
烂泥,9.23076923076923
烂摊子,12.52
滥用,11.95
滥竽充数,10.695652173913043
郎中,11.0
狼狈,10.851851851851851
狼狗,8.571428571428571
狼藉,12.521739130434783
朗读,10.4375
朗诵,8.65
浪潮,12.533333333333333
浪费,8.761904761904763
浪花,8.619047619047619
浪漫,12.764705882352942
劳动,8.6875
劳动力,11.782608695652174
劳工,12.619047619047619
劳驾,13.210526315789474
劳苦,11.608695652173912
劳累,13.333333333333334
劳损,15.157894736842104
劳务,14.55
劳作,10.210526315789474
牢房,10.076923076923077
牢固,11.6
牢记,10.38888888888889
牢牢,11.555555555555555
牢狱,11.956521739130435
老爸,6.0
老板,11.333333333333334
老板娘,10.130434782608695
老伴,12.894736842105264
老兵,10.285714285714286
老伯,9.523809523809524
老大,9.0
老二,9.94444444
老公,12.695652173913043
老汉,9.954545454545455
老虎,6.5
老花眼,12.363636363636363
老化,12.619047619047619
老话,10.0
老家,7.631578947368421
老将,11.0
老街,10.91304347826087
老练,11.04
老龄,12.666666666666666
老路,12.130434782608695
老毛病,10.909090909090908
老牌,13.058823529411764
老朋友,9.925925925925926
老千,14.5
老区,11.428571428571429
老人,7.105263157894737
老三,9.571428571428571
老少,9.85714286
老师,6.142857142857143
老实,8.523809523809524
老式,10.5
老鼠,5.478260869565218
老树,9.043478260869565
老太,9.285714285714286
老天,9.272727272727273
老头,8.2
老外,9.8
老屋,9.0
老乡,10.105263157894736
老小,12.142857142857142
老爷,8.714285714285714
老鹰,6.5
老友,11.736842105263158
老幼,9.869565217391305
老早,9.642857142857142
老者,9.666666666666666
老总,14.1578947
唠叨,11.105263157894736
烙印,12.210526315789474
乐队,11.75
乐观,9.363636363636363
乐极生悲,14.481481481481481
乐迷,14.0
乐器,9.727272727272727
乐曲,8.85
乐趣,9.3
乐手,13.363636363636363
乐坛,16.125
乐天,14.476190476190476
乐团,13.3
乐意,9.75
乐于,10.142857142857142
乐园,7.0
乐章,11.352941176470589
勒令,15.6875
勒索,13.272727272727273
了不起,9.363636363636363
了得,12.318181818181818
了结,13.333333333333334
了解,10.15
了如指掌,11.904761904761905
了事,12.722222222222221
雷暴,13.5
雷池,14.708333333333334
雷达,13.666666666666666
雷达站,14.461538461538462
雷电,8.047619047619047
雷厉风行,13.636363636363637
雷声,6.526315789473684
雷霆,9.65
雷同,12.666666666666666
雷雨,8.7
垒球棒,14.523809523809524
磊落,13.703703703703704
肋骨,10.157894736842104
泪水,7.055555555555555
泪腺,14.047619047619047
类比,13.88888888888889
类别,10.789473684210526
类风湿,16.181818181818183
类似,9.761904761904763
类型,12.476190476190476
累积,12.157894736842104
累计,11.5263158
累死,11.545454545454545
累赘,11.3
擂台,11.043478260869565
棱角,12.19047619047619
棱镜,14.0
冷藏,10.75
冷藏箱,12.32
冷嘲热讽,13.363636363636363
冷淡,11.095238095238095
冷冻,9.833333333333334
冷汗,10.31578947368421
冷箭,13.2
冷静,10.5
冷库,11.608695652173912
冷酷,12.772727272727273
冷落,11.565217391304348
冷门,13.526315789473685
冷漠,12.411764705882353
冷暖,7.888888888888889
冷气,10.818181818181818
冷清,11.636363636363637
冷却,11.952381
冷热,6.0476190476190474
冷水,5.904761904761905
冷笑,12.090909090909092
冷饮,9.3125
冷战,13.478260869565217
愣住,11.28
厘米,8.0
厘清,15.142857142857142
狸猫,13.590909090909092
离别,10.2
离场,12.526315789473685
离愁别绪,14.608695652173912
离队,11.789473684210526
离婚,11.136363636363637
离家,9.333333333333334
离间,12.590909090909092
离间计,12.64
离经叛道,14.708333333333334
离境,15.0
离开,8.666666666666666
离谱,13.2
离奇,12.95
离去,10.85
离任,14.5
离题,12.666666666666666
离心,14.277777777777779
离心力,14.909090909090908
离休,15.578947368421053
离异,13.0
离职,14.4
离子,14.85
梨花,9.181818181818182
梨园,11.5
犁田,10.91304347826087
黎民,13.76923076923077
黎明,9.92
罹患,16.0
罹难,16.681818181818183
篱笆,9.818181818181818
礼拜堂,14.947368421052632
礼包,12.375
礼法,12.863636363636363
礼服,13.95
礼盒,10.1875
礼节,11.538461538461538
礼节性,12.090909090909092
礼金,12.80952380952381
礼貌,7.285714285714286
礼品,8.882352941176471
礼让,10.0
礼堂,11.227272727272727
礼物,9.761904761904763
礼仪,13.571428571428571
礼遇,12.789473684210526
李子,6.65
里边,7.863636363636363
里程,13.722222222222221
里程碑,13.538461538461538
里面,7.444444444444445
里头,9.363636363636363
理财,18.8
理睬,11.695652173913043
理发,7.2105263157894735
理发师,8.88
理会,11.666666666666666
理解,12.444444444444445
理科,14.157894736842104
理疗,15.095238095238095
理论,14.619047619047619
理念,11.789473684210526
理赔,15.4736842
理事,15.304347826086957
理顺,12.571428571428571
理所当然,11.24
理想,11.8
理想国,15.761904761904763
理性,13.476190476190476
理由,9.75
理智,10.736842105263158
鲤鱼,6.611111111111111
力保,13.304347826086957
力不从心,13.043478260869565
力促,13.238095238095237
力度,11.347826086956522
力克,16.333333333333332
力量,11.875
力气,8.842105263157896
力求,12.954545454545455
力挺,14.7142857
力图,13.85
力推,13.210526315789474
力挽狂澜,13.576923076923077
力学,14.0
力压,13.428571428571429
力争,10.7
力作,12.85
历程,12.15
历代,11.565217391304348
历法,15.1
历届,12.8
历尽,12.545454545454545
历尽艰辛,12.173913043478262
历经,13.4
历经沧桑,12.619047619047619
历练,13.263157894736842
历任,13.80952380952381
历时,12.88888888888889
历史,9.789473684210526
历史学,12.090909090909092
历险,10.875
厉鬼,13.481481481481481
厉害,8.571428571428571
立案,15.3
立场,12.526315789473685
立法,14.3
立方,11.272727272727273
立方体,10.36
立竿见影,11.76
立功,11.894736842105264
立国,12.529411764705882
立体,11.238095238095237
立体感,12.08
立项,14.789473684210526
立意,13.05
立正,8.31578947368421
立志,9.826086956521738
立柱,14.6
立足,13.8
立足点,12.894736842105264
丽人,16.454545454545453
励志,10.904761904761905
利弊,12.0625
利差,15.631578947368421
利害,13.0
利好,14.9375
利己,12.73913043478261
利剑,13.1333333
利空,18.25
利落,14.714285714285714
利率,15.476190476190476
利民,12.210526315789474
利器,10.1
利刃,10.857142857142858
利润,14.277777777777779
利税,18.0
利息,12.789473684210526
利益,15.666666666666666
利用,11.777777777777779
利诱,12.384615384615385
利于,12.105263157894736
沥青,16.0
例行,13.619047619047619
例会,17.263157894736842
例如,8.78947368
例外,10.521739130434783
例证,16.444444444444443
例子,9.523809523809524
隶属,13.291666666666666
荔枝,7.368421052631579
莅临,15.954545454545455
栗子,6.888888888888889
粒子,14.454545454545455
痢疾,13.814814814814815
连成,11.4375
连带,13.2
连队,14.117647058823529
连贯,10.636363636363637
连环,11.9047619
连接,9.238095238095237
连累,11.5
连绵,11.55
连年,13.666666666666666
连任,14.391304347826088
连胜,12.1
连锁,13.590909090909092
连锁反应,12.923076923076923
连体,13.16
连通,11.75
连线,9.45
连续,10.105263157894736
连续剧,10.333333333333334
连载,11.421052631578947
连长,11.08695652173913
怜悯,11.423076923076923
怜恤,14.0
帘子,9.136363636363637
莲花,7.7272727272727275
莲藕,9.333333333333334
莲子,8.166666666666666
涟漪,13.26086956521739
联邦,13.631578947368421
联动,14.95
联防,16.75
联合,11.65
联合国,13.518518518518519
联欢,12.55
联接,11.571428571428571
联军,12.263157894736842
联络,12.272727272727273
联袂,14.842105263157896
联盟,13.6
联名,14.0
联赛,15.3125
联手,12.4
联网,15.375
联席,14.210526315789474
联系,10.714285714285714
联系人,10.19047619047619
联想,10.941176470588236
联谊,16.8
联谊会,14.181818181818182
联姻,14.363636363636363
联展,17.94736842105263
廉耻,12.185185185185185
廉价,13.476190476190476
廉洁,12.944444444444445
廉政,15.05
镰刀,8.380952380952381
敛财,14.833333333333334
脸部,8.5
脸颊,8.421052631578947
脸孔,9.047619047619047
脸庞,9.166666666666666
脸谱,11.61111111111111
脸色,11.473684210526315
脸型,9.727272727272727
练兵,12.714285714285714
练功,9.619047619047619
练就,15.333333333333334
练习,8.526315789473685
练习簿,8.318181818181818
炼丹,12.148148148148149
炼钢,11.0
炼油,12.9444444
炼油厂,12.333333333333334
炼狱,15.72
恋爱,13.130434782608695
恋情,14.619047619047619
恋人,14.1
链接,13.666666666666666
链条,11.25
链子,8.0
良方,12.555555555555555
良好,10.391304347826088
良机,13.227272727272727
良善,12.428571428571429
良师,11.5
良心,10.434782608695652
良性,12.368421052631579
良药,11.0
良知,14.052631578947368
良种,14.277777777777779
凉茶,11.1904762
凉快,6.956521739130435
凉爽,7.619047619047619
凉亭,10.37037037037037
凉鞋,7.346153846153846
粮仓,10.428571428571429
粮食,8.3125
粮油,8.869565217391305
两岸,12.545454545454545
两败俱伤,12.318181818181818
两地,13.608695652173912
两极,13.80952380952381
两难,11.636363636363637
两旁,7.7894736842105265
两栖,10.75
两手,8.7
两头,10.3
两性,13.526315789473685
两翼,13.409090909090908
两用,10.555555555555555
两者,9.894736842105264
亮点,10.904761904761905
亮度,10.8
亮光,9.0
亮丽,11.3
亮色,14.0
亮相,10.318181818181818
亮眼,13.263157894736842
谅解,11.5
靓丽,12.521739130434783
量杯,13.84
量产,14.25
量化,15.652173913043478
量级,16.4
量角器,12.047619047619047
量身,13.3
量刑,14.6875
量子,17.6
量子力学,17.63157894736842
量子论,18.72
晾晒,9.7
踉跄,14.695652173913043
辽阔,10.666666666666666
疗程,13.529411764705882
疗法,14.3125
疗效,11.5
疗养,14.380952380952381
聊聊,11.238095238095237
聊天,6.7894736842105265
寥寥,13.826086956521738
嘹亮,10.923076923076923
獠牙,12.571428571428571
潦草,8.055555555555555
潦倒,13.076923076923077
缭绕,11.6
燎原,13.73913043478261
料到,12.88888888888889
料理,13.222222222222221
料想,13.74074074074074
镣铐,11.727272727272727
列表,11.61111111111111
列车,9.19047619047619
列出,11.142857142857142
列队,9.789473684210526
列国,11.333333333333334
列举,9.26315789
列强,12.0
列入,12.85
列为,15.052631578947368
列席,13.6
劣等,12.434782608695652
劣根性,14.666666666666666
劣势,12.25
劣质,10.947368421052632
烈酒,13.04
烈日,9.222222222222221
烈日当空,11.407407407407407
烈士,11.608695652173912
烈焰,11.16
猎豹,9.318181818181818
猎奇,15.571428571428571
猎犬,10.136363636363637
猎人,9.0
猎物,11.263157894736842
裂缝,8.529411764705882
裂痕,10.368421052631579
裂开,9.476190476190476
邻国,11.545454545454545
邻家,8.23809524
邻近,9.666666666666666
邻居,6.523809523809524
邻里,9.4375
邻座,9.48
林场,12.545454545454545
林地,10.761904761904763
林海,11.818181818181818
林立,14.7
林木,9.5
林区,9.95
林业,12.736842105263158
林荫,11.083333333333334
林子,9.0
临别,12.391304347826088
临场,11.88888888888889
临床,14.631578947368421
临海,11.5
临街,11.571428571428571
临界点,13.653846153846153
临近,12.75
临门,12.578947368421053
临摹,12.1
临时,10.333333333333334
临终,13.68421052631579
临走,11.272727272727273
淋巴,14.826086956521738
淋漓,13.818181818181818
淋浴,9.45
琳琅满目,12.285714285714286
嶙峋,13.23076923076923
遴选,14.45
磷光,13.555555555555555
鳞片,11.0
凛冽,11.642857142857142
吝啬,12.608695652173912
伶俐,12.0
灵丹妙药,12.736842105263158
灵动,13.4375
灵感,12.9
灵光,13.75
灵魂,12.571428571428571
灵活,9.428571428571429
灵柩,14.818181818181818
灵敏,9.705882352941176
灵气,13.125
灵巧,11.238095238095237
灵性,13.80952380952381
玲珑,13.80952380952381
铃声,9.2
凌晨,9.24
凌迟,14.26086956521739
凌空,12.105263157894736
凌厉,13.3
凌乱,11.833333333333334
凌辱,13.571428571428571
凌霄,14.523809523809524
陵墓,11.76923076923077
陵园,10.105263157894736
聆听,11.61111111111111
菱形,11.571428571428571
羚羊,9.304347826086957
零度,9.318181818181818
零件,13.0
零乱,11.777777777777779
零钱,10.68421052631579
零散,11.285714285714286
零时,11.041666666666666
零食,7.0476190476190474
零售,11.894736842105264
零星,13.4736842
零用,9.473684210526315
零用钱,8.590909090909092
领带,11.608695652173912
领导,12.909090909090908
领导人,12.272727272727273
领到,10.65
领地,13.047619047619047
领跌,16.0
领队,12.526315789473685
领海,13.38888888888889
领航,12.695652173913043
领会,11.545454545454545
领奖,8.73913043478261
领教,11.571428571428571
领巾,7.65
领军,14.052631578947368
领空,13.25
领略,14.578947368421053
领跑,12.272727272727273
领情,13.947368421052632
领取,10.2380952
领事,14.476190476190476
领事馆,13.681818181818182
领受,12.9
领土,11.714285714285714
领悟,13.0
领先,9.565217391304348
领衔,12.571428571428571
领袖,11.590909090909092
领养,12.6
领域,12.05
另行,12.941176470588236
另类,12.45
另外,10.925925925925926
令郎,13.142857142857142
令牌,12.538461538461538
令堂,13.473684210526315
令尊,11.619047619047619
溜冰,11.481481481481481
溜冰场,11.038461538461538
溜达,12.318181818181818
刘海,11.590909090909092
浏览,10.61111111111111
留存,13.8421053
留队,12.782608695652174
留给,8.571428571428571
留级,8.55
留连忘返,12.909090909090908
留恋,13.8
留念,10.380952380952381
留任,14.625
留神,10.473684210526315
留守,11.38888888888889
留堂,12.866666666666667
留下,8.565217391304348
留校,12.772727272727273
留心,11.0
留学,13.842105263157896
留学生,13.285714285714286
留言,11.058823529411764
留洋,14.736842105263158
留意,11.045454545454545
留影,10.8571429
留在,7.55
留住,9.8
流产,13.526315789473685
流畅,11.095238095238095
流程,14.95
流出,11.105263157894736
流传,11.65
流窜,11.318181818181818
流动,9.368421052631579
流芳百世,12.904761904761905
流感,10.681818181818182
流汗,9.0
流行,12.722222222222221
流行病,12.04
流经,13.0
流浪,10.75
流泪,7.695652173913044
流利,11.0
流连,12.75
流量,16.5
流露,11.047619047619047
流氓,11.095238095238095
流派,15.375
流入,11.5333333
流沙,11.538461538461538
流失,12.272727272727273
流逝,14.904761904761905
流水,10.285714285714286
流淌,9.947368421052632
流体力学,17.869565217391305
流通,11.9
流亡,14.722222222222221
流下,9.0
流线型,12.095238095238095
流向,10.789473684210526
流星,10.722222222222221
流星雨,12.090909090909092
流血,8.789473684210526
流言,12.380952380952381
流域,14.85
流转,14.31578947368421
琉璃,13.75
硫磺,13.76923076923077
硫酸,13.130434782608695
榴弹,14.28
柳树,9.157894736842104
六边形,9.107142857142858
六亲不认,12.454545454545455
六月,7.571428571428571
龙卷风,9.421052631578947
龙头,12.523809523809524
龙虾,9.318181818181818
龙眼,9.272727272727273
龙争虎斗,11.095238095238095
龙舟,10.6
聋哑,10.391304347826088
笼络,13.0
笼统,13.631578947368421
笼罩,11.736842105263158
笼子,6.0
隆冬,12.571428571428571
隆起,12.047619047619047
隆重,10.944444444444445
垄断,12.947368421052632
楼层,8.285714285714286
楼道,9.0
楼房,8.45
楼价,16.25
楼盘,16.40909090909091
楼市,15.263157894736842
楼梯,7.7727272727272725
楼宇,11.2
搂抱,11.695652173913043
陋室,13.454545454545455
陋习,11.45
镂空,16.15
漏洞,11.826086956521738
漏斗,11.090909090909092
漏水,13.25
漏网,12.28
喽罗,12.076923076923077
卢布,17.8
芦苇,10.571428571428571
炉火,9.36
炉灶,10.461538461538462
炉子,9.0
掳掠,13.545454545454545
鲁钝,14.45
鲁莽,10.75
陆地,8.6
陆军,12.5
陆路,13.789473684210526
陆续,10.461538461538462
陆战,12.076923076923077
录取,12.631578947368421
录入,12.333333333333334
录像,11.88888888888889
录音,12.052631578947368
录音带,10.04
录影,11.08695652173913
录用,14.0
录制,13.619047619047619
鹿死谁手,14.884615384615385
路边,7.9523809523809526
路程,9.736842105263158
路灯,8.63157895
路段,11.521739130434783
路费,11.318181818181818
路轨,12.772727272727273
路过,9.35
路基,15.210526315789474
路径,12.625
路况,11.526315789473685
路牌,9.777777777777779
路人,10.565217391304348
路途,12.090909090909092
路网,16.833333333333332
路线,10.842105263157896
路演,16.11764705882353
路障,11.76
路政,16.375
路子,14.65
露出,11.266666666666667
露骨,14.473684210526315
露脸,9.80952380952381
露面,10.761904761904763
露台,12.4375
露天,11.25
露宿,10.952380952380953
露营,11.409090909090908
孪生,12.2
卵巢,15.476190476190476
卵生,14.789473684210526
卵子,15.857142857142858
乱动,8.071428571428571
乱七八糟,10.043478260869565
乱世,12.444444444444445
乱象,13.9375
掠夺,13.625
掠过,13.0
伦理,15.380952380952381
沦落,12.052631578947368
沦为,11.85
沦陷,13.61111111111111
轮班,16.28
轮船,8.3
轮到,8.578947368421053
轮毂,16.466666666666665
轮换,10.882352941176471
轮回,14.842105263157896
轮奸,15.08695652173913
轮廓,10.523809523809524
轮流,10.863636363636363
轮胎,9.428571428571429
轮椅,9.157894736842104
轮值,15.75
轮子,7.434782608695652
论断,15.8
论据,13.043478260869565
论述,12.619047619047619
论坛,15.875
论调,16.238095238095237
论文,15.894736842105264
论证,13.11111111111111
罗列,12.869565217391305
萝卜,5.545454545454546
逻辑,12.772727272727273
锣鼓,8.736842105263158
骡子,11.826086956521738
螺丝,8.352941176470589
螺纹,13.31578947368421
螺旋,11.090909090909092
螺旋桨,12.363636363636363
裸露,12.5
裸体,11.192307692307692
骆驼,8.14285714
落败,13.857142857142858
落差,11.666666666666666
落成,14.071428571428571
落地,10.130434782608695
落后,10.285714285714286
落户,12.454545454545455
落荒而逃,13.454545454545455
落脚,12.5
落井下石,13.909090909090908
落空,12.68421052631579
落款,14.5
落泪,6.894736842105263
落马,13.45
落寞,13.722222222222221
落幕,12.210526315789474
落难,13.0
落日,10.384615384615385
落入,9.714285714285714
落实,14.5789474
落水,9.65
落网,14.3
落伍,13.181818181818182
落选,12.263157894736842
落叶,8.954545454545455
驴友,17.7142857
旅程,10.238095238095237
旅店,9.476190476190476
旅费,14.4
旅馆,11.1875
旅行,9.636363636363637
旅行社,12.148148148148149
旅客,10.73913043478261
旅途,10.857142857142858
旅游,9.5
旅游点,12.88
铝业,13.45
屡次,11.777777777777779
履带,13.857142857142858
履行,14.136363636363637
履历,15.95
履新,15.357142857142858
履约,14.88888888888889
履职,15.473684210526315
律动,12.958333333333334
律师,12.476190476190476
律诗,12.652173913043478
率领,13.5
率直,13.11111111111111
绿茶,11.55
绿道,11.75
绿灯,7.363636363636363
绿地,7.947368421052632
绿豆,8.136363636363637
绿化,11.05
绿卡,15.95
绿色,6.6521739130434785
绿叶,9.625
绿意,12.294117647058824
绿洲,12.0625
略带,16.2
略去,12.962962962962964
妈妈,3.8947368421052633
麻痹,12.55
麻烦,9.75
麻将,9.590909090909092
麻辣,11.875
麻脸,12.052631578947368
麻木,13.2
麻雀,7.6875
麻绳,9.090909090909092
麻药,12.090909090909092
麻油,10.45
麻疹,13.851851851851851
麻醉,11.952380952380953
麻醉药,13.130434782608695
马场,12.047619047619047
马车,7.705882352941177
马达,13.6
马夫,11.44
马后炮,12.8
马虎,8.428571428571429
马甲,15.047619047619047
马脚,10.842105263157896
马厩,13.444444444444445
马克,17.38888888888889
马拉松,11.44
马力,12.736842105263158
马路,5.55
马赛克,13.565217391304348
马失前蹄,12.7
马术,12.0
马蹄形,14.45
马桶,9.65
马戏团,10.304347826086957
马贼,12.285714285714286
码头,9.789473684210526
蚂蚁,6.888888888888889
吗啡,15.666666666666666
埋藏,13.38888888888889
埋单,15.894736842105264
埋伏,12.476190476190476
埋没,12.454545454545455
埋头,10.80952380952381
埋头苦干,12.85
埋怨,10.894736842105264
埋葬,12.3157895
买单,13.521739130434783
买到,8.6
买断,16.4
买方,13.238095238095237
买房,13.625
买家,11.631578947368421
买进,14.941176470588236
买卖,11.478260869565217
买入,12.73076923076923
买账,13.772727272727273
迈出,10.130434782608695
迈进,12.894736842105264
迈向,11.25
麦片,10.814814814814815
麦穗,8.92
麦田,9.68421052631579
麦芽,11.636363636363637
麦芽糖,11.91304347826087
麦子,8.318181818181818
卖场,13.3809524
卖点,15.428571428571429
卖方,12.8
卖给,9.0625
卖国,11.307692307692308
卖国贼,12.703703703703704
卖家,12.5
卖力,11.619047619047619
卖弄,12.461538461538462
卖艺,10.954545454545455
卖淫,14.454545454545455
脉搏,12.65
脉冲,17.761904761904763
脉络,12.3
脉象,13.555555555555555
蛮横,12.047619047619047
馒头,5.9
瞒报,14.61111111111111
瞒骗,12.333333333333334
满分,9.772727272727273
满怀,13.166666666666666
满满,9.0
满身,9.80952380952381
满天,13.1052632
满眼,11.833333333333334
满意,9.15
满月,7.318181818181818
满载,11.526315789473685
满足,9.272727272727273
满座,11.363636363636363
谩骂,9.6
蔓延,12.3125
幔帐,15.2
漫不经心,12.26086956521739
漫步,11.1875
漫画,7.25
漫漫,12.619047619047619
漫天,11.7
漫游,11.823529411764707
漫长,12.25
慢慢,8.25
慢条斯理,13.363636363636363
慢性,11.26086956521739
芒果,7.7894736842105265
忙活,11.333333333333334
忙碌,12.523809523809524
忙乱,9.68421052631579
忙于,12.05
盲肠,14.615384615384615
盲道,10.95
盲点,13.61111111111111
盲目,13.35
盲区,13.894736842105264
盲人,7.666666666666667
茫然,11.555555555555555
莽撞,12.363636363636363
蟒蛇,9.772727272727273
猫腻,14.894736842105264
毛笔,7.904761904761905
毛病,10.571428571428571
毛虫,6.55
毛发,7.947368421052632
毛巾,6.52631579
毛孔,11.363636363636363
毛利,15.608695652173912
毛遂自荐,13.0
毛毯,8.636363636363637
毛衣,6.045454545454546
矛盾,12.5
矛头,11.285714285714286
茅厕,9.777777777777779
茅屋,9.96
茂密,9.875
茂盛,8.368421052631579
冒充,10.055555555555555
冒犯,11.909090909090908
冒火,9.954545454545455
冒昧,12.578947368421053
冒牌,13.37037037037037
冒牌货,12.038461538461538
冒失,10.68
冒险,10.434782608695652
冒烟,8.227272727272727
冒雨,7.869565217391305
贸易,15.68421052631579
帽子,6.411764705882353
貌似,11.0
没错,7.409090909090909
没法,10.5238095
没落,12.80952380952381
没趣,11.227272727272727
没事,6.428571428571429
没收,9.875
没用,7.521739130434782
没有,5.904761904761905
玫瑰,7.318181818181818
眉笔,14.363636363636363
眉毛,7.35
眉目,12.608695652173912
眉头,7.8
梅毒,17.384615384615383
梅花,6.578947368421052
梅雨,13.090909090909092
媒介,13.157894736842104
媒人,12.478260869565217
媒体,14.681818181818182
煤矿,9.833333333333334
煤气,8.0
煤炭,8.904761904761905
煤业,15.05
霉菌,13.909090909090908
每次,8.090909090909092
每当,11.142857142857142
每逢,11.473684210526315
每天,7.0
美德,11.4
美发,11.909090909090908
美感,12.368421052631579
美观,11.136363636363637
美国,10.071428571428571
美好,9.4
美化,11.25
美金,11.136363636363637
美景,12.375
美酒,11.85
美军,12.363636363636363
美丽,7.6875
美满,10.714285714285714
美貌,8.666666666666666
美美,10.23076923076923
美梦,8.46666667
美妙,11.954545454545455
美女,12.666666666666666
美人,12.428571428571429
美容,12.222222222222221
美容院,14.043478260869565
美食,9.1
美式,13.666666666666666
美术,9.25
美术品,10.5
美味,8.736842105263158
美学,14.833333333333334
美誉,12.777777777777779
美元,14.222222222222221
妹夫,12.26923076923077
妹子,11.095238095238095
媚俗,13.4
魅力,14.761904761904763
门窗,7.157894736842105
门当户对,13.962962962962964
门道,14.0
门店,11.869565217391305
门户,15.0
门将,11.5
门槛,13.15
门框,8.875
门类,12.894736842105264
门帘,8.35
门路,13.055555555555555
门楣,14.538461538461538
门面,12.565217391304348
门牌,8.761904761904763
门票,8.590909090909092
门神,10.130434782608695
门锁,7.2631578947368425
门徒,13.695652173913043
门外汉,14.814814814814815
门卫,8.647058823529411
门诊,11.578947368421053
门柱,10.590909090909092
闷闷不乐,10.73076923076923
闷热,9.61904762
萌发,11.952380952380953
萌生,12.45
萌芽,10.375
蒙蔽,13.869565217391305
蒙古,11.263157894736842
蒙古包,11.181818181818182
蒙混,13.454545454545455
蒙面,10.4
蒙受,13.052631578947368
蒙冤,12.761904761904763
盟国,13.090909090909092
盟军,12.952380952380953
盟友,12.666666666666666
朦胧,11.863636363636363
猛攻,12.23076923076923
猛烈,12.2
猛兽,9.692307692307692
猛增,11.1
懵懂,12.952380952380953
梦幻,11.61111111111111
梦境,8.473684210526315
梦寐以求,12.0
梦想,9.571428571428571
梦遗,14.857142857142858
梦游,12.481481481481481
弥补,13.45
弥留,14.772727272727273
弥漫,12.263157894736842
弥撒,16.105263157894736
迷彩服,11.307692307692308
迷宫,9.4
迷魂药,14.11111111111111
迷惑,10.727272727272727
迷恋,12.473684210526315
迷路,7.863636363636363
迷茫,13.6
迷你,11.55
迷你裙,12.923076923076923
迷人,11.0
迷上,11.75
迷失,13.55
迷惘,12.173913043478262
迷雾,11.875
迷信,10.0
谜底,8.80952380952381
谜团,10.470588235294118
谜语,8.318181818181818
糜烂,14.0
麋鹿,12.11111111111111
米饭,5.0
米粉,8.954545454545455
米酒,11.12
觅食,11.857142857142858
秘方,13.142857142857142
秘籍,10.210526315789474
秘诀,9.25
秘鲁,13.807692307692308
秘密,8.38888888888889
秘史,13.045454545454545
秘书,13.9
密闭,10.0
密布,13.38888888888889
密度,14.666666666666666
密封,12.631578947368421
密集,11.0
密林,11.346153846153847
密码,10.523809523809524
密谋,12.631578947368421
密切,11.263157894736842
密室,11.653846153846153
密探,12.380952380952381
蜜蜂,6.10526316
蜜糖,9.73076923076923
蜜月,13.92
绵绵,12.181818181818182
绵延,12.636363636363637
绵羊,8.576923076923077
棉袄,6.25
棉被,7.0
棉花,7.166666666666667
棉衣,7.368421052631579
免除,11.222222222222221
免费,9.608695652173912
免去,11.857142857142858
免试,14.545454545454545
免收,13.61111111111111
免受,11.066666666666666
免税,16.833333333333332
免税店,17.130434782608695
免疫,13.590909090909092
免疫力,12.52
免于,13.5714286
免责,16.714285714285715
免征,17.055555555555557
免职,13.4375
勉励,11.521739130434783
勉强,10.904761904761905
缅怀,12.454545454545455
腼腆,11.45
面板,11.5
面包,6.8
面部,7.052631578947368
面对,10.181818181818182
面额,10.444444444444445
面粉,7.0
面积,9.380952380952381
面具,11.75
面孔,9.75
面料,12.6
面临,11.80952380952381
面貌,9.368421052631579
面膜,13.0
面目,11.45
面前,9.105263157894736
面容,9.85
面色,11.363636363636363
面纱,12.875
面善,12.11111111111111
面世,14.85
面市,16.071428571428573
面试,13.523809523809524
面谈,13.19047619047619
面条,6.411764705882353
面相,12.375
面向,10.545454545454545
面值,15.619047619047619
面子,13.333333333333334
苗木,11.11111111111111
苗圃,10.5
苗条,11.5
苗头,12.222222222222221
苗子,11.35
描绘,10.736842105263158
描述,10.666666666666666
描写,11.833333333333334
瞄准,11.526315789473685
秒表,10.481481481481481
秒杀,14.666666666666666
秒钟,9.142857142857142
渺茫,13.368421052631579
渺小,12.3157895
藐视,13.615384615384615
妙计,11.0
妙龄,13.521739130434783
庙会,10.869565217391305
庙宇,11.0
灭火,10.272727272727273
灭绝,12.25
灭口,11.428571428571429
灭亡,10.476190476190476
蔑视,12.115384615384615
民办,12.875
民兵,10.526315789473685
民法,15.26086956521739
民房,12.454545454545455
民风,13.782608695652174
民歌,11.0
民工,13.058823529411764
民间,11.61111111111111
民警,9.409090909090908
民居,13.1428571
民乐,12.3
民女,10.571428571428571
民情,13.0
民生,13.125
民事,15.238095238095237
民俗,11.761904761904763
民俗学,17.15
民调,13.882352941176471
民心,13.318181818181818
民谣,12.15
民意,13.45
民营,15.05
民用,12.5
民怨,14.217391304347826
民宅,12.5
民政,13.666666666666666
民众,10.368421052631579
民主,14.142857142857142
民族,11.2105263
泯灭,14.545454545454545
敏感,12.45
敏捷,10.9
敏锐,11.272727272727273
名不虚传,13.318181818181818
名称,7.052631578947368
名城,12.363636363636363
名词,9.35
名次,8.6
名单,8.782608695652174
名额,11.75
名分,15.6
名贵,13.625
名号,10.857142857142858
名画,11.62962962962963
名家,12.571428571428571
名将,11.588235294117647
名酒,13.6875
名利,14.0
名列,12.285714285714286
名留青史,12.772727272727273
名流,15.95
名录,12.263157894736842
名模,15.090909090909092
名目,12.473684210526315
名牌,13.88888888888889
名片,13.35
名气,10.421052631578947
名曲,11.777777777777779
名人,10.11111111111111
名声,13.0
名胜,10.476190476190476
名师,11.80952380952381
名士,11.64
名帅,14.222222222222221
名头,12.454545454545455
名校,12.80952380952381
名宿,14.4117647
名言,9.9
名医,11.333333333333334
名义,11.833333333333334
名誉,13.263157894736842
名媛,15.7
名著,10.277777777777779
名字,5.391304347826087
名作,10.818181818181818
明白,7.260869565217392
明辨是非,12.863636363636363
明察秋毫,14.88888888888889
明朝,10.807692307692308
明火,10.38888888888889
明镜,10.833333333333334
明君,13.956521739130435
明快,12.176470588235293
明朗,11.842105263157896
明了,11.3809524
明理,12.772727272727273
明亮,8.0
明令,15.368421052631579
明码,13.65
明媚,11.4375
明确,11.91304347826087
明示,12.857142857142858
明说,10.318181818181818
明天,9.0
明晚,8.318181818181818
明晰,13.7
明细,13.55
明显,9.0
明信片,11.318181818181818
明星,9.105263157894736
明喻,13.423076923076923
明月,8.227272727272727
明争暗斗,14.545454545454545
明知,10.333333333333334
明智,10.68421052631579
明珠,11.714285714285714
鸣叫,10.352941176470589
鸣枪,14.25
鸣谢,13.272727272727273
冥府,12.333333333333334
冥想,14.227272727272727
铭记,13.2
瞑目,13.136363636363637
命案,12.9
命苦,11.157894736842104
命令,9.636363636363637
命脉,13.68421052631579
命名,10.954545454545455
命题,11.15
命运,13.1
命中,11.863636363636363
命中率,14.222222222222221
谬误,14.678571428571429
摸底,14.5625
摸黑,10.954545454545455
摸摸,9.15
摸清,11.8
摸索,10.380952380952381
摹仿,10.6
模板,12.428571428571429
模范,11.117647058823529
模仿,9.375
模糊,9.454545454545455
模具,15.285714285714286
模块,15.80952380952381
模拟,11.842105263157896
模式,11.6
模特,12.055555555555555
模型,11.6
模样,9.473684210526315
摩擦,13.555555555555555
摩擦力,13.148148148148149
摩登,13.88888888888889
摩天大厦,12.346153846153847
摩托,11.473684210526315
摩托车,9.25
磨坊,11.625
磨合,14.428571428571429
磨砺,14.857142857142858
磨练,11.68421052631579
磨炼,14.3684211
磨难,12.304347826086957
磨损,12.090909090909092
蘑菇,7.3
魔法,11.428571428571429
魔鬼,10.333333333333334
魔力,10.473684210526315
魔术,10.11111111111111
魔术师,11.227272727272727
魔王,10.227272727272727
魔咒,12.043478260869565
抹布,8.173913043478262
抹黑,12.863636363636363
抹杀,12.571428571428571
抹香鲸,14.6
末班车,12.857142857142858
末代,11.88888888888889
末节,14.523809523809524
末日,12.956521739130435
末梢,13.333333333333334
末世,12.88888888888889
末尾,8.631578947368421
陌生,10.1875
陌生人,8.478260869565217
莫大,13.0
莫名,13.090909090909092
漠视,13.5714286
墨镜,9.761904761904763
墨守成规,13.045454545454545
墨水,9.777777777777779
墨鱼,12.521739130434783
墨汁,10.347826086956522
默哀,12.571428571428571
默祷,13.826086956521738
默默,10.1875
默契,12.782608695652174
默认,10.714285714285714
默许,12.363636363636363
牟利,13.68421052631579
牟取,14.85
谋财害命,12.576923076923077
谋反,12.095238095238095
谋划,13.45
谋利,14.210526315789474
谋略,11.814814814814815
谋求,14.5
谋取,14.666666666666666
谋杀,10.631578947368421
谋生,13.047619047619047
某部,16.0
某人,10.3
某些,9.777777777777779
某种,11.380952380952381
母爱,8.25
母鸡,5.136363636363637
母舰,15.157894736842104
母女,6.7894736842105265
母亲,4.590909090909091
母亲节,10.28
母乳,10.05
母校,12.95
母婴,11.863636363636363
母语,10.0
母子,7.45
牡丹,7.571428571428571
亩产,12.9375
拇指,5.666666666666667
木板,6.176470588235294
木材,7.8125
木船,8.909090909090908
木雕,10.681818181818182
木工,11.333333333333334
木瓜,10.391304347826088
木棍,6.714285714285714
木屐,14.181818181818182
木匠,10.185185185185185
木马,10.421052631578947
木门,8.571428571428571
木乃伊,12.23076923076923
木讷,12.565217391304348
木偶,6.95
木偶剧,11.608695652173912
木头,6.944444444444445
木纹,12.652173913043478
木屋,8.7
木箱,8.052631578947368
木鱼,12.185185185185185
木制,8.631578947368421
木质,10.88888888888889
目标,10.222222222222221
目的,10.105263157894736
目的地,10.347826086956522
目睹,11.476190476190476
目光,9.857142857142858
目击,11.789473684210526
目击者,13.227272727272727
目录,10.4736842
目前,10.095238095238095
目送,12.518518518518519
目无法纪,13.636363636363637
沐浴,8.869565217391305
牧场,11.454545454545455
牧民,11.2
牧师,13.36
牧童,10.318181818181818
牧羊,11.0
募集,14.523809523809524
募捐,13.291666666666666
募资,18.0
墓碑,10.61111111111111
墓地,9.272727272727273
墓穴,11.380952380952381
墓园,11.91304347826087
墓葬,13.421052631578947
幕后,12.5
幕墙,14.6
慕名,12.68421052631579
慕名而来,12.777777777777779
暮色,12.185185185185185
拿到,7.636363636363637
拿地,19.7142857
拿回,7.095238095238095
拿捏,14.0
拿手,11.8125
拿下,9.772727272727273
拿走,7.6
哪怕,10.545454545454545
那年,8.714285714285714
那天,8.818181818181818
那些,9.947368421052632
呐喊,12.35
纳粹,13.944444444444445
纳豆,16.59090909090909
纳闷,13.4
纳米,18.05263157894737
纳妾,15.346153846153847
纳入,12.0
纳税,16.77777777777778
纳税人,14.52
奶茶,12.11111111111111
奶粉,9.947368421052632
奶酪,10.952380952380953
奶妈,9.5
奶牛,9.19047619047619
奶油,8.157894736842104
奶源,13.5263158
奶制品,9.692307692307692
奈何,12.115384615384615
耐力,11.608695652173912
耐热,12.095238095238095
耐心,11.590909090909092
耐性,10.25925925925926
耐用,11.45
男队,10.7
男方,10.416666666666666
男孩,6.0
男女,7.666666666666667
男人,7.826086956521739
男生,5.454545454545454
男士,8.434782608695652
男童,6.157894736842105
男性,8.058823529411764
男婴,8.157894736842104
男友,12.363636363636363
男装,9.95238095
男子,8.285714285714286
男子汉,9.73913043478261
男足,11.476190476190476
南北,9.038461538461538
南风,10.5
南瓜,6.260869565217392
南极,11.347826086956522
南极圈,11.461538461538462
南下,12.285714285714286
难熬,11.590909090909092
难保,14.55
难产,13.0
难处,12.05
难道,10.08695652173913
难得,9.894736842105264
难点,11.181818181818182
难度,9.61111111111111
难关,11.736842105263158
难过,8.857142857142858
难堪,13.9
难看,8.8
难免,13.9
难民,12.523809523809524
难民潮,14.961538461538462
难事,9.0
难受,7.590909090909091
难题,9.1
难忘,9.1
难闻,7.478260869565218
难兄难弟,11.285714285714286
难以置信,12.814814814814815
难找,11.4375
囊括,15.166666666666666
恼恨,12.863636363636363
恼火,10.92
恼羞成怒,12.789473684210526
脑部,8.375
脑袋,6.142857142857143
脑电波,14.363636363636363
脑海,10.19047619047619
脑筋,9.705882352941176
脑力,10.0625
脑瘫,14.409090909090908
脑子,8.857142857142858
闹剧,13.619047619047619
闹市,11.263157894736842
闹事,10.25
闹钟,7.944444444444445
呢喃,13.76
内出血,15.473684210526315
内存,14.090909090909092
内定,14.368421052631579
内分泌,16.35
内阁,16.473684210526315
内功,13.05
内涵,15.5
内行,12.714285714285714
内河,14.8
内核,17.09090909090909
内奸,11.72
内疚,10.88888888888889
内科,13.157894736842104
内裤,6.523809523809524
内涝,15.6842105
内力,12.615384615384615
内敛,13.75
内陆,12.5
内乱,12.333333333333334
内幕,12.318181818181818
内情,14.045454545454545
内容,9.210526315789474
内伤,13.16
内设,13.714285714285714
内生,13.823529411764707
内饰,14.789473684210526
内线,13.304347826086957
内向,13.0
内销,16.8
内心,11.125
内需,17.05
内衣,10.470588235294118
内应,13.884615384615385
内在,11.8125
内脏,11.590909090909092
内战,14.0
内政,15.45
内置,12.473684210526315
内资,16.263157894736842
嫩芽,9.11111111111111
能干,11.363636363636363
能够,9.954545454545455
能耗,14.263157894736842
能力,13.222222222222221
能量,12.0
能人,13.210526315789474
能手,11.333333333333334
能效,17.047619047619047
能源,12.473684210526315
尼古丁,13.727272727272727
尼龙绳,11.545454545454545
泥巴,6.61111111
泥浆,8.652173913043478
泥泞,11.0
泥鳅,9.038461538461538
泥沙,7.9
泥石流,11.590909090909092
泥潭,9.285714285714286
泥土,6.5
霓虹,11.08
拟定,13.789473684210526
拟建,15.764705882352942
拟人,10.9
昵称,12.0
逆差,16.157894736842106
逆行,13.136363636363637
逆境,11.826086956521738
逆流,11.76
逆市,18.5625
逆势,13.3125
逆向,12.157894736842104
逆转,14.8095238
匿名,13.952380952380953
溺爱,11.869565217391305
溺水,10.904761904761905
溺亡,12.1875
年报,14.136363636363637
年产,14.571428571428571
年代,11.178571428571429
年费,14.55
年糕,9.115384615384615
年画,10.15
年会,16.1
年货,9.166666666666666
年级,7.954545454545454
年假,16.074074074074073
年检,16.5
年金,16.133333333333333
年老,10.142857142857142
年历,10.904761904761905
年利率,15.454545454545455
年龄,9.62962962962963
年率,17.6
年迈,11.4
年票,14.526315789473685
年青,10.15
年青人,10.68
年轻,10.545454545454545
年轻力壮,11.636363636363637
年少,11.368421052631579
年审,17.227272727272727
年味,11.35
年限,12.210526315789474
年薪,15.478260869565217
年幼,10.3125
年长,9.090909090909092
黏膜,14.9
黏性,11.15
黏液,11.8
碾碎,12.909090909090908
碾压,14.0
念叨,9.476190476190476
念经,12.68421052631579
念旧,13.0
念书,7.571428571428571
念诵,11.863636363636363
念头,10.058823529411764
娘家,12.375
娘胎,11.421052631578947
酿成,12.772727272727273
酿酒,14.285714285714286
酿造,12.666666666666666
酿制,13.409090909090908
鸟巢,9.842105263157896
鸟儿,5.6
鸟类,9.11111111111111
鸟笼,11.0
尿布,8.615384615384615
尿频,14.678571428571429
尿液,11.1
捏造,12.157894736842104
孽障,13.782608695652174
宁静,11.277777777777779
宁可,10.722222222222221
宁愿,11.545454545454545
柠檬,9.055555555555555
柠檬茶,11.909090909090908
凝固,12.526315789473685
凝结,11.714285714285714
凝聚,13.952380952380953
凝聚力,13.714285714285714
凝重,12.157894736842104
牛犊,9.052631578947368
牛郎,10.210526315789474
牛奶,7.31578947
牛排,11.91304347826087
牛棚,11.363636363636363
牛皮,11.571428571428571
牛脾气,10.407407407407407
牛肉,7.5
牛乳,11.2
牛市,18.35
牛油,12.125
牛仔,10.73913043478261
牛仔裤,10.555555555555555
扭矩,17.0
扭曲,13.38888888888889
扭伤,9.217391304347826
扭转,12.818181818181818
忸怩,14.666666666666666
纽带,13.565217391304348
纽扣,8.636363636363637
钮扣,8.047619047619047
农场,9.68421052631579
农村,8.588235294117647
农夫,9.31578947368421
农耕,10.863636363636363
农户,9.38095238
农活,9.333333333333334
农机,13.3
农家,9.933333333333334
农具,8.894736842105264
农历,9.869565217391305
农民,8.0
农田,8.909090909090908
农药,10.1
农业,9.25
农用,12.25
农庄,9.526315789473685
农资,13.238095238095237
农作物,9.909090909090908
浓度,12.722222222222221
浓厚,10.894736842105264
浓烈,12.142857142857142
浓浓,13.85
浓缩,12.8
浓烟,9.0
浓郁,12.227272727272727
浓重,11.526315789473685
脓疮,12.777777777777779
弄清,10.772727272727273
弄堂,11.95
奴婢,11.5
奴才,12.136363636363637
奴隶,11.75
奴隶社会,13.333333333333334
奴隶制,14.217391304347826
奴役,12.807692307692308
努力,8.782608695652174
怒斥,13.3125
怒吼,11.409090909090908
怒火,12.142857142857142
怒骂,10.478260869565217
暖和,7.3478260869565215
暖空气,12.76923076923077
暖炉,10.956521739130435
暖暖,11.578947368421053
暖气,10.95
暖意,11.476190476190476
疟疾,12.518518518518519
虐待,11.2631579
挪用,14.041666666666666
诺言,11.105263157894736
懦夫,12.714285714285714
糯米,9.11111111111111
女兵,12.15
女队,9.5
女儿,6.9523809523809526
女方,12.0
女工,11.176470588235293
女孩,5.0
女将,11.952380952380953
女郎,13.523809523809524
女朋友,11.347826086956522
女仆,12.681818181818182
女人,8.666666666666666
女色,14.28
女神,15.0
女生,5.0
女士,10.333333333333334
女童,9.65
女王,9.421052631578947
女巫,11.76923076923077
女星,11.88888888888889
女性,7.777777777777778
女婴,9.947368421052632
女友,11.619047619047619
女装,11.238095238095237
女子,7.631578947368421
讴歌,15.954545454545455
欧盟,13.653846153846153
欧式,15.047619047619047
欧元,14.565217391304348
欧洲,11.363636363636363
殴打,9.578947368421053
呕吐,7.411764705882353
偶然,11.578947368421053
偶数,11.058823529411764
偶像,12.090909090909092
偶遇,12.0
趴下,9.238095238095237
爬虫,9.2
爬到,7.428571428571429
爬行,7.6875
爬山,7.666666666666667
怕事,10.576923076923077
怕羞,11.576923076923077
拍案叫绝,13.333333333333334
拍板,13.772727272727273
拍成,14.263157894736842
拍打,8.227272727272727
拍马屁,11.961538461538462
拍卖,13.75
拍卖品,14.444444444444445
拍拍,8.55
拍片,11.05
拍品,16.3125
拍摄,10.636363636363637
拍手,6.444444444444445
拍戏,10.222222222222221
拍照,6.368421052631579
排便,9.5
排查,12.6
排斥,10.0
排除,10.210526315789474
排毒,13.727272727272727
排队,8.8
排放,12.65
排骨,9.26086956521739
排行,10.166666666666666
排挤,14.875
排涝,15.05
排练,10.8125
排量,13.666666666666666
排列,10.19047619047619
排名,8.588235294117647
排起,13.4545455
排气,10.954545454545455
排球,12.380952380952381
排球场,10.518518518518519
排山倒海,12.36
排水,12.333333333333334
排水量,12.181818181818182
排外,13.681818181818182
排位,14.31578947368421
排污,13.25
排泄,10.631578947368421
排序,11.55
排演,11.263157894736842
排长,12.95
徘徊,12.761904761904763
牌匾,12.666666666666666
牌坊,13.555555555555555
牌价,16.166666666666668
牌九,16.11111111111111
牌照,13.666666666666666
牌子,12.142857142857142
派别,14.375
派兵,11.72
派出,11.052631578947368
派出所,10.19047619047619
派对,14.1578947
派发,12.91304347826087
派遣,15.090909090909092
派送,13.45
派系,12.5
派员,14.105263157894736
派驻,13.75
攀比,10.894736842105264
攀登,12.555555555555555
攀爬,9.73913043478261
攀升,12.523809523809524
攀岩,13.521739130434783
盘查,14.68421052631579
盘点,14.705882352941176
盘古,10.652173913043478
盘活,15.941176470588236
盘踞,13.136363636363637
盘面,16.7619048
盘尼西林,17.333333333333332
盘算,12.095238095238095
盘问,12.727272727272727
盘旋,10.952380952380953
盘子,7.25
磐石,13.076923076923077
蹒跚,13.434782608695652
判处,14.652173913043478
判定,11.80952380952381
判断,10.409090909090908
判断力,12.363636363636363
判罚,12.8
判官,13.181818181818182
判决,12.75
判令,15.526315789473685
判若两人,12.52
判刑,12.263157894736842
盼望,11.055555555555555
叛国,12.2
叛乱,13.863636363636363
叛逆,12.818181818181818
叛徒,10.296296296296296
滂沱,12.23076923076923
彷徨,11.631578947368421
庞大,9.526315789473685
旁白,12.44
旁边,7.6923076923076925
旁观,10.727272727272727
旁观者,12.428571428571429
旁门左道,13.363636363636363
旁人,9.476190476190476
旁听,12.9
膀胱,12.652173913043478
螃蟹,7.25
胖子,7.5
抛开,10.772727272727273
抛弃,10.68421052631579
抛售,15.318181818181818
抛物线,13.12
抛砖引玉,14.291666666666666
刨冰,11.32
咆哮,10.15
袍子,13.238095238095237
跑遍,10.666666666666666
跑步,6.095238095238095
跑车,9.823529411764707
跑到,8.6875
跑道,8.272727272727273
跑动,10.333333333333334
跑腿,10.857142857142858
泡菜,11.666666666666666
泡茶,11.592592592592593
泡饭,11.64
泡沫,9.31578947368421
泡泡,5.95
泡汤,11.444444444444445
泡影,11.48
炮兵,10.45
炮弹,9.136363636363637
炮轰,15.375
炮火,11.9
炮仗,8.857142857142858
炮制,14.066666666666666
疱疹,16.115384615384617
胚胎,15.95
胚芽,12.08695652173913
陪伴,8.157894736842104
陪护,12.055555555555555
陪审团,15.25925925925926
陪同,9.11111111111111
陪葬,14.074074074074074
培训,13.842105263157896
培训班,10.615384615384615
培养,10.142857142857142
培育,12.380952380952381
培植,13.68421052631579
赔偿,10.9473684
赔偿金,12.772727272727273
赔付,11.363636363636363
赔款,12.409090909090908
赔率,19.9
赔钱,9.619047619047619
赔罪,10.958333333333334
佩戴,9.083333333333334
佩服,10.105263157894736
佩剑,12.74074074074074
配备,11.944444444444445
配比,14.909090909090908
配搭,12.045454545454545
配戴,10.26086956521739
配对,11.909090909090908
配额,15.347826086956522
配发,15.277777777777779
配方,10.764705882352942
配给,12.31578947368421
配股,21.235294117647058
配合,10.227272727272727
配件,13.5714286
配角,11.476190476190476
配乐,12.142857142857142
配料,10.5625
配偶,13.043478260869565
配饰,11.80952380952381
配售,13.0
配送,13.75
配套,12.85
配型,15.2
配音,11.0
配有,13.0
配置,14.555555555555555
喷发,10.842105263157896
喷漆,12.26086956521739
喷泉,7.857142857142857
喷洒,10.95
喷射,11.3
喷涂,14.4
盆地,13.045454545454545
盆景,10.526315789473685
盆栽,11.954545454545455
抨击,14.045454545454545
烹饪,11.0
烹调,10.2
烹制,10.91304347826087
朋友,9.25
棚屋,11.526315789473685
蓬勃,13.1
蓬松,12.045454545454545
澎湃,13.9375
膨胀,11.333333333333334
捧场,13.285714285714286
碰壁,12.058823529411764
碰到,9.6875
碰面,10.181818181818182
碰上,12.047619047619047
碰头,9.571428571428571
碰撞,11.285714285714286
批捕,13.444444444444445
批次,13.947368421052632
批斗,13.296296296296296
批发,10.75
批复,14.11111111111111
批量,14.3
批判,11.842105263157896
批评,8.61111111111111
批示,13.944444444444445
批文,16.11111111111111
批准,11.428571428571429
披肩,12.1
披露,15.25
披散,13.590909090909092
砒霜,13.045454545454545
劈柴,11.181818181818182
霹雳,12.130434782608695
皮包,10.217391304347826
皮鞭,9.26923076923077
皮带,7.947368421052632
皮蛋,10.391304347826088
皮肤,8.73684211
皮肤病,12.409090909090908
皮革,11.173913043478262
皮具,11.954545454545455
皮毛,10.444444444444445
皮球,6.863636363636363
皮鞋,9.1
皮质,12.9
毗邻,13.291666666666666
疲惫,10.894736842105264
疲乏,12.25
疲倦,11.61111111111111
疲劳,11.173913043478262
疲软,13.454545454545455
疲弱,11.772727272727273
啤酒,10.210526315789474
琵琶,12.058823529411764
脾气,9.210526315789474
脾胃,13.545454545454545
匹敌,12.95
匹夫,13.5
匹配,13.1904762
癖好,12.555555555555555
屁股,6.238095238095238
辟谣,14.666666666666666
媲美,12.80952380952381
僻静,11.576923076923077
譬如,12.3125
偏爱,9.947368421052632
偏差,12.142857142857142
偏股,18.8
偏好,10.4
偏激,13.347826086956522
偏见,13.65
偏离,12.136363636363637
偏僻,10.789473684210526
偏颇,14.238095238095237
偏食,10.65
偏向,9.8
偏心,9.4
偏远,10.0
偏执,13.73913043478261
偏重,12.375
篇幅,12.65
篇章,11.0
翩翩,14.363636363636363
片场,14.304347826086957
片酬,14.0
片段,10.363636363636363
片断,12.2
片花,16.45
片刻,10.565217391304348
片面,11.6
片名,11.35
片区,13.61111111111111
片尾,12.227272727272727
片子,12.333333333333334
骗局,11.761904761904763
骗取,10.857142857142858
骗人,6.411764705882353
骗子,7.25
剽窃,13.818181818181818
漂白,13.045454545454545
漂白剂,12.538461538461538
漂泊,13.238095238095237
漂浮,12.80952380952381
漂亮,8.333333333333334
漂亮话,11.88
漂流,11.105263157894736
漂流记,13.807692307692308
漂移,12.4
缥缈,14.5
飘泊,12.454545454545455
飘浮,10.5
飘红,12.222222222222221
飘忽,11.45
飘零,12.25
飘渺,14.0
飘扬,9.85
飘逸,12.68421052631579
嫖娼,15.6842105
嫖客,15.666666666666666
瓢虫,9.782608695652174
票房,14.88888888888889
票价,9.5
票据,14.052631578947368
票面,16.0
票数,11.238095238095237
票务,14.68421052631579
撇下,13.136363636363637
拚搏,10.904761904761905
拚命,10.826086956521738
拼搏,11.08695652173913
拼车,18.545454545454547
拼凑,13.0
拼接,10.285714285714286
拼命,10.25
拼盘,12.461538461538462
拼抢,12.944444444444445
拼图,6.222222222222222
拼音,7.782608695652174
贫乏,9.84
贫富,10.227272727272727
贫富悬殊,14.0
贫寒,9.73913043478261
贫困,9.842105263157896
贫民区,12.052631578947368
贫穷,8.470588235294118
贫血,14.666666666666666
频出,14.55
频道,9.05
频发,12.857142857142858
频繁,10.333333333333334
频率,11.75
频现,14.3
品茶,12.409090909090908
品尝,9.523809523809524
品德,9.409090909090908
品格,11.85
品行,11.333333333333334
品鉴,14.75
品酒,12.04
品类,12.473684210526315
品牌,12.631578947368421
品评,13.555555555555555
品位,12.863636363636363
品味,13.058823529411764
品相,13.11111111111111
品质,13.4
品种,11.8
聘礼,14.136363636363637
聘请,14.65
聘任,15.19047619047619
聘为,13.947368421052632
聘用,14.136363636363637
乒乓球,8.363636363636363
平安,9.85
平安无事,11.08695652173913
平板,14.15
平仓,17.045454545454547
平常,9.125
平常心,14.136363636363637
平淡,12.1
平等,11.5625
平地,8.619047619047619
平定,12.5
平凡,10.904761904761905
平反,14.304347826086957
平方公里,11.2
平方米,11.321428571428571
平房,8.823529411764707
平分,9.375
平复,13.181818181818182
平行,12.19047619047619
平和,14.80952380952381
平衡,12.380952380952381
平滑,11.631578947368421
平缓,11.3
平价,12.666666666666666
平静,11.15
平局,10.578947368421053
平均,11.055555555555555
平均数,11.863636363636363
平面,12.277777777777779
平民,13.105263157894736
平民化,13.115384615384615
平平,13.1
平手,12.35
平台,14.157894736842104
平坦,10.6842105
平添,14.695652173913043
平稳,11.636363636363637
平息,14.15
平易近人,12.954545454545455
平庸,13.291666666666666
平原,9.421052631578947
平整,10.777777777777779
评比,11.869565217391305
评测,13.818181818181818
评定,13.521739130434783
评分,10.210526315789474
评估,13.764705882352942
评级,14.157894736842104
评价,10.681818181818182
评奖,11.7142857
评剧,15.095238095238095
评论,10.333333333333334
评判,12.6875
评审,13.136363636363637
评书,11.380952380952381
评为,9.409090909090908
评委,11.15
评选,10.15
评议,14.5
评语,10.210526315789474
苹果,6.0
凭借,12.590909090909092
凭据,13.6
凭空,12.035714285714286
凭证,13.166666666666666
屏蔽,13.476190476190476
屏风,11.727272727272727
屏幕,11.55
屏弃,14.923076923076923
屏息,13.703703703703704
屏障,12.789473684210526
瓶颈,14.55
瓶装,9.863636363636363
瓶子,6.7368421052631575
坡道,12.409090909090908
坡度,12.454545454545455
泼妇,12.173913043478262
泼水节,11.956521739130435
颇感,14.105263157894736
颇具,12.736842105263158
婆妈,12.65
婆婆,11.05
婆媳,13.217391304347826
迫不及待,11.909090909090908
迫害,14.25
迫近,13.15
迫切,12.25
迫使,12.333333333333334
迫于,12.952380952380953
破案,12.294117647058824
破财,13.478260869565217
破产,15.3125
破除,12.454545454545455
破釜沉舟,13.785714285714286
破格,15.523809523809524
破坏,9.19047619047619
破获,11.833333333333334
破解,11.25
破戒,13.217391304347826
破旧,10.222222222222221
破烂,8.45
破例,11.653846153846153
破裂,10.526315789473685
破门,10.777777777777779
破灭,11.222222222222221
破伤风,14.545454545454545
破碎,10.789473684210526
破损,8.571428571428571
破天荒,13.181818181818182
魄力,15.380952380952381
剖开,12.72
剖析,15.105263157894736
扑救,10.6315789
扑克,8.0
扑空,11.318181818181818
扑面,11.578947368421053
扑灭,11.136363636363637
扑朔迷离,13.5
铺垫,14.55
铺开,10.571428571428571
铺路,11.083333333333334
铺设,12.68421052631579
铺张,13.538461538461538
仆人,11.157894736842104
仆役,12.36
匍匐,12.904761904761905
菩萨,9.277777777777779
葡萄,6.739130434782608
蒲扇,10.64
蒲团,14.307692307692308
朴实,12.136363636363637
朴实无华,14.782608695652174
朴素,12.0
普遍,12.052631578947368
普查,12.941176470588236
普及,11.789473684210526
普降,16.57894736842105
普通,10.2380952
普通人,9.357142857142858
谱写,12.571428571428571
瀑布,8.476190476190476
曝光,12.4375
七彩,8.304347826086957
七零八落,11.954545454545455
七七八八,12.909090909090908
七巧板,9.368421052631579
沏茶,10.25
妻儿,10.523809523809524
妻妾,13.2
妻子,9.454545454545455
栖身,13.227272727272727
栖息,11.421052631578947
凄厉,12.714285714285714
凄凉,12.153846153846153
凄美,12.526315789473685
期待,10.25
期货,18.95
期价,19.071428571428573
期刊,11.727272727272727
期满,13.352941176470589
期盼,9.578947368421053
期权,16.35
期望,12.9
期限,11.947368421052632
期许,12.473684210526315
欺负,9.1
欺骗,8.636363636363637
欺压,11.807692307692308
欺诈,13.0
漆黑,8.454545454545455
蹊跷,12.5
齐备,12.55
齐名,12.962962962962964
齐全,11.391304347826088
齐声,8.666666666666666
齐心,10.407407407407407
齐心协力,11.407407407407407
齐整,10.454545454545455
其次,11.6
其实,10.75
其他,8.80952380952381
其余,9.45
其中,9.272727272727273
奇才,14.6875
奇怪,9.45
奇观,13.0
奇幻,12.772727272727273
奇迹,11.0
奇景,13.0
奇妙,10.666666666666666
奇石,11.352941176470589
奇特,10.6875
奇闻,13.391304347826088
奇艺,13.909090909090908
奇异,12.045454545454545
歧视,14.619047619047619
歧途,12.142857142857142
祈祷,13.19047619047619
祈福,11.473684210526315
祈求,11.4
脐带,13.307692307692308
崎岖,12.277777777777779
骑兵,12.954545454545455
骑车,9.2
骑行,11.166666666666666
骑马,7.684210526315789
骑士,12.555555555555555
棋局,12.105263157894736
棋盘,9.0
棋手,12.952380952380953
棋子,9.105263157894736
旗杆,8.2
旗号,14.0
旗舰,14.217391304347826
旗袍,10.454545454545455
旗帜,10.2
旗帜鲜明,14.409090909090908
麒麟,12.761904761904763
乞丐,7.875
乞求,10.95
乞食,11.3
乞讨,9.526315789473685
企鹅,7.944444444444445
企及,13.952380952380953
企盼,12.782608695652174
企图,13.590909090909092
企望,13.869565217391305
企稳,16.933333333333334
企业,14.0
企业化,17.095238095238095
杞人忧天,13.1
启程,12.117647058823529
启迪,12.68421052631579
启动,11.681818181818182
启发,11.1904762
启航,11.047619047619047
启蒙,9.380952380952381
启示,11.0625
启事,12.409090909090908
启用,10.380952380952381
起步,11.095238095238095
起草,14.05
起初,10.782608695652174
起床,6.6
起到,12.222222222222221
起点,8.473684210526315
起飞,10.272727272727273
起伏,12.166666666666666
起航,10.947368421052632
起火,8.857142857142858
起家,16.6
起降,12.789473684210526
起居,12.9
起居室,13.681818181818182
起立,6.681818181818182
起码,11.157894736842104
起锚,12.473684210526315
起名,7.7272727272727275
起拍,13.0
起跑,8.95
起跑线,11.363636363636363
起色,13.304347826086957
起身,11.5
起誓,13.666666666666666
起死回生,12.148148148148149
起诉,15.45
起跳,8.1875
起舞,9.238095238095237
起义,13.142857142857142
起因,11.705882352941176
起用,14.1333333
起源,11.045454545454545
绮丽,13.363636363636363
气泵,15.12
气场,16.0
气窗,14.36
气垫船,13.652173913043478
气度,15.095238095238095
气氛,10.833333333333334
气愤,6.4
气概,13.5
气功,12.318181818181818
气管,11.65
气候,9.31578947368421
气急败坏,13.090909090909092
气节,13.666666666666666
气力,10.894736842105264
气量,16.055555555555557
气流,13.666666666666666
气门,15.294117647058824
气囊,14.714285714285714
气馁,13.181818181818182
气派,14.80952380952381
气泡,9.727272727272727
气魄,12.578947368421053
气枪,9.954545454545455
气球,5.31578947
气色,11.863636363636363
气势,11.826086956521738
气势如虹,14.0
气体,10.181818181818182
气味,8.1
气温,8.80952380952381
气息,10.875
气象,9.31578947368421
气血,14.5
气压,12.652173913043478
气压计,13.619047619047619
气质,13.636363636363637
迄今,12.608695652173912
弃权,12.31578947368421
弃婴,12.88888888888889
弃子,14.31578947368421
汽车,5.882352941176471
汽水,8.894736842105264
汽油,9.263157894736842
契合,14.590909090909092
契机,15.3333333
契税,19.19047619047619
契约,13.761904761904763
器材,10.875
器官,9.869565217391305
器件,12.473684210526315
器具,9.681818181818182
器乐,10.1
器皿,12.26923076923077
器物,11.2
器械,12.0
洽谈,14.318181818181818
恰当,9.210526315789474
千变万化,10.73913043478261
千方百计,11.91304347826087
千古,12.409090909090908
千金,10.38888888888889
千钧一发,12.142857142857142
千里眼,10.555555555555555
千米,10.307692307692308
千万,9.761904761904763
千禧,15.5
千辛万苦,11.761904761904763
千真万确,11.0
迁出,12.210526315789474
迁就,11.952380952380953
迁怒,13.25
迁入,13.6
迁徙,13.1
迁移,14.4
牵扯,12.227272727272727
牵动,13.157894736842104
牵挂,11.5
牵连,10.9
牵强,13.0
牵涉,11.95
牵头,14.347826086956522
牵引,13.4375
牵制,14.35
铅笔,6.5
铅球,9.894736842105264
谦卑,12.695652173913043
谦让,11.19047619047619
谦虚,10.476190476190476
谦逊,10.904761904761905
签到,11.411764705882353
签订,13.75
签发,14.285714285714286
签名,11.285714285714286
签收,15.952380952380953
签署,12.555555555555555
签约,14.75
签证,16.22222222222222
签字,12.8
前辈,9.842105263157896
前程,13.055555555555555
前程似锦,12.095238095238095
前段,12.444444444444445
前锋,14.842105263157896
前夫,14.428571428571429
前行,9.882352941176471
前脚,9.772727272727273
前进,9.238095238095237
前景,12.894736842105264
前科,15.1052632
前来,10.652173913043478
前轮,9.954545454545455
前面,6.739130434782608
前妻,16.45
前去,11.5
前人,11.26086956521739
前任,16.42105263157895
前身,14.0
前生,12.80952380952381
前提,11.26086956521739
前途,13.181818181818182
前往,9.826086956521738
前卫,14.789473684210526
前夕,12.636363636363637
前移,13.0
前瞻,14.181818181818182
前者,11.6190476
前奏,10.76
虔诚,13.523809523809524
钱包,8.142857142857142
钱币,8.4375
钱财,10.391304347826088
钱款,10.761904761904763
钱庄,13.863636363636363
钳制,14.0
乾坤,15.421052631578947
潜藏,12.4
潜伏,14.15
潜伏期,14.192307692307692
潜力,13.157894736842104
潜能,12.863636363636363
潜入,13.222222222222221
潜水,10.68421052631579
潜逃,12.19047619047619
潜艇,12.85
潜心,14.176470588235293
潜移默化,12.0
潜意识,14.76923076923077
潜在,13.7
潜质,13.272727272727273
浅黄,9.227272727272727
浅见,15.647058823529411
浅显,13.192307692307692
遣返,15.736842105263158
谴责,12.590909090909092
欠费,10.35
欠佳,11.95
欠款,12.363636363636363
欠缺,13.1875
欠条,13.6
欠薪,15.5
欠债,11.714285714285714
欠账,12.904761904761905
倩影,13.32
嵌入,15.235294117647058
歉疚,12.608695652173912
歉意,10.0625
枪毙,12.333333333333334
枪击,11.380952380952381
枪决,11.64
枪杀,14.285714285714286
枪声,10.095238095238095
枪手,13.0
枪械,11.772727272727273
枪战,9.5
枪支,11.333333333333334
腔调,12.115384615384615
强暴,16.59259259259259
强拆,16.31578947368421
强大,9.789473684210526
强盗,10.178571428571429
强敌,10.833333333333334
强度,12.526315789473685
强攻,14.238095238095237
强国,14.333333333333334
强悍,13.210526315789474
强行,12.8125
强化,13.1578947
强加,12.173913043478262
强奸,13.818181818181818
强健,12.9
强劲,11.571428571428571
强力,10.818181818181818
强烈,10.578947368421053
强迫,10.055555555555555
强权,14.333333333333334
强人所难,12.8
强弱,10.173913043478262
强身,11.333333333333334
强身健体,11.714285714285714
强盛,12.636363636363637
强势,12.391304347826088
强调,11.277777777777779
强项,11.105263157894736
强硬,11.68421052631579
强于,11.4
强者,12.4761905
强制,12.047619047619047
强壮,9.571428571428571
墙壁,7.625
墙角,6.565217391304348
墙体,11.619047619047619
墙纸,11.384615384615385
蔷薇,13.476190476190476
抢断,13.272727272727273
抢夺,10.85
抢购,10.8
抢劫,9.65
抢救,10.631578947368421
抢手,12.0
抢滩,14.61111111111111
抢先,9.789473684210526
抢险,12.5
抢修,12.7
抢眼,13.9
抢占,12.6
抢走,8.318181818181818
襁褓,14.363636363636363
悄悄,8.368421052631579
悄然,12.454545454545455
敲打,9.55
敲定,12.3
敲击,9.695652173913043
敲门,11.5625
敲响,9.95
敲诈,15.625
侨胞,13.142857142857142
侨居,14.444444444444445
侨民,13.181818181818182
桥段,15.428571428571429
桥墩,10.352941176470589
桥梁,9.8125
桥牌,14.0
桥头,10.130434782608695
桥头堡,13.6
憔悴,12.636363636363637
樵夫,12.076923076923077
瞧见,11.272727272727273
巧夺天工,13.090909090909092
巧妇,13.157894736842104
巧合,12.523809523809524
巧匠,13.090909090909092
巧克力,7.7727272727272725
巧妙,12.714285714285714
巧手,10.44
巧遇,12.0
俏皮,10.894736842105264
峭壁,11.947368421052632
窍门,10.95
翘楚,15.444444444444445
翘首,12.045454545454545
切成,10.5
切除,9.894736842105264
切磋,13.61111111111111
切断,11.0
切割,12.210526315789474
切合,14.666666666666666
切换,13.285714285714286
切忌,12.210526315789474
切开,9.36842105
切片,14.217391304347826
切入,13.9
切入点,14.615384615384615
切身,14.5
切身利益,14.409090909090908
切实,13.75
茄子,7.708333333333333
怯场,12.590909090909092
怯懦,12.038461538461538
窃取,11.789473684210526
窃听,12.68421052631579
窃笑,12.6
窃贼,10.555555555555555
惬意,12.478260869565217
钦差,11.961538461538462
钦佩,10.91304347826087
侵犯,11.578947368421053
侵害,11.047619047619047
侵华,13.95
侵略,10.2
侵略者,11.304347826086957
侵权,15.7
侵入,11.318181818181818
侵蚀,13.578947368421053
侵吞,14.318181818181818
侵袭,11.95
侵占,10.55
亲爱,9.454545454545455
亲笔,10.130434782608695
亲和,10.263157894736842
亲和力,12.68
亲近,11.294117647058824
亲历,13.578947368421053
亲临,13.363636363636363
亲密,11.5238095
亲民,14.095238095238095
亲朋,8.619047619047619
亲戚,7.5
亲切,9.434782608695652
亲情,9.047619047619047
亲热,11.045454545454545
亲人,7.7272727272727275
亲生,10.25
亲属,8.4
亲王,15.55
亲吻,10.31578947368421
亲友,11.909090909090908
亲子,10.666666666666666
亲自,9.25
芹菜,8.6875
秦朝,11.68421052631579
琴谱,10.285714285714286
琴弦,10.4
禽流感,15.037037037037036
禽兽,10.88
勤奋,9.7
勤劳,8.25
勤务,12.55
擒拿,12.565217391304348
寝室,11.238095238095237
青菜,6.0
青草,7.3
青春,14.5
青花,12.157894736842104
青睐,14.095238095238095
青年,12.904761904761905
青涩,12.947368421052632
青山,7.9
青少年,11.0
青松,11.681818181818182
青铜,12.222222222222221
青铜器,12.380952380952381
青蛙,7.45
轻薄,14.055555555555555
轻便,10.31578947368421
轻度,12.277777777777779
轻而易举,12.565217391304348
轻轨,17.63157894736842
轻快,9.952380952380953
轻蔑,11.91304347826087
轻巧,12.333333333333334
轻轻,7.368421052631579
轻取,12.7058824
轻伤,9.0
轻生,12.909090909090908
轻声,8.95
轻视,11.095238095238095
轻松,8.916666666666666
轻微,10.68421052631579
轻信,11.0
轻型,12.347826086956522
轻易,10.045454545454545
轻盈,11.26086956521739
轻重,8.368421052631579
倾倒,13.705882352941176
倾家荡产,12.076923076923077
倾力,15.5
倾情,13.363636363636363
倾诉,11.047619
倾听,11.285714285714286
倾吐,13.136363636363637
倾向,12.5
倾斜,11.3125
倾心,15.304347826086957
倾注,12.476190476190476
清白,11.181818181818182
清兵,12.576923076923077
清仓,15.65
清查,13.75
清偿,17.526315789473685
清朝,11.0
清澈,8.68421052631579
清除,10.409090909090908
清楚,7.722222222222222
清纯,11.263157894736842
清脆,9.904761904761905
清单,13.7894737
清淡,10.3
清道夫,13.444444444444445
清点,13.157894736842104
清风,10.454545454545455
清规戒律,14.23076923076923
清洁,9.0
清净,10.576923076923077
清酒,15.392857142857142
清理,10.272727272727273
清廉,14.1
清凉,10.35
清盘,16.333333333333332
清贫,12.153846153846153
清泉,13.0625
清热,13.4
清扫,10.25
清爽,11.0
清水,8.761904761904763
清算,11.529411764705882
清退,13.625
清晰,11.136363636363637
清洗,11.666666666666666
清香,11.19047619047619
清新,12.368421052631579
清醒,10.95
清秀,11.833333333333334
清淤,14.058823529411764
清运,14.11111111111111
清早,8.380952380952381
蜻蜓,8.115384615384615
情报,14.277777777777779
情报网,15.318181818181818
情不自禁,11.84
情操,13.5
情感,10.952380952380953
情歌,13.238095238095237
情怀,14.31578947368421
情急,12.7894737
情节,12.130434782608695
情结,14.619047619047619
情景,11.7
情境,11.761904761904763
情况,10.541666666666666
情理,11.842105263157896
情侣,12.777777777777779
情趣,13.956521739130435
情人,12.380952380952381
情商,15.521739130434783
情势,15.578947368421053
情书,11.941176470588236
情愫,15.578947368421053
情调,16.105263157894736
情形,11.090909090909092
情绪,11.2857143
情绪化,12.074074074074074
情谊,11.0
情缘,13.047619047619047
晴好,12.615384615384615
晴朗,8.521739130434783
晴天,7.0476190476190474
顷刻,12.76923076923077
请假,8.727272727272727
请教,10.45
请客,9.3
请求,11.2
请示,10.105263157894736
请帖,12.538461538461538
请问,9.0
请愿,12.869565217391305
庆典,11.722222222222221
庆功,11.421052631578947
庆功宴,14.333333333333334
庆贺,9.052631578947368
庆幸,11.095238095238095
庆祝,11.1
穷苦,11.652173913043478
穷人,7.7
穷乡僻壤,12.074074074074074
穷凶极恶,13.25
琼浆,14.952380952380953
丘陵,12.3
秋波,13.869565217391305
秋风,9.0
秋后算账,13.68421052631579
秋收,10.5
秋天,7.481481481481482
蚯蚓,8.0
囚车,12.565217391304348
囚犯,11.789473684210526
囚禁,12.0
囚室,12.307692307692308
求购,15.681818181818182
求婚,13.35
求救,9.31578947368421
求情,10.0
求生,11.619047619047619
求学,12.4375
求医,11.0
求雨,11.772727272727273
求证,13.3125
求知欲,12.409090909090908
求职,13.428571428571429
求助,9.19047619047619
酋长,13.176470588235293
球场,9.9375
球队,10.181818181818182
球风,16.157894736842106
球馆,11.952380952380953
球技,10.894736842105264
球门,8.85
球迷,12.88888888888889
球拍,9.45
球票,11.882352941176471
球赛,11.0
球手,13.11111111111111
球王,12.0
球网,9.047619047619047
球鞋,8.142857142857142
球星,12.368421052631579
球衣,9.68421053
球员,10.26086956521739
区别,10.272727272727273
区段,16.473684210526315
区分,9.291666666666666
区级,15.444444444444445
区位,13.38888888888889
区县,11.26086956521739
区域,10.227272727272727
区长,14.6
驱车,13.0
驱动,15.80952380952381
驱赶,9.904761904761905
驱散,11.5625
驱使,13.181818181818182
驱逐,12.380952380952381
驱逐舰,15.851851851851851
屈服,10.909090909090908
屈辱,14.45
屈膝,11.7
躯壳,13.227272727272727
躯体,11.05
趋缓,16.105263157894736
趋势,11.578947368421053
趋向,13.714285714285714
趋于,14.055555555555555
渠道,12.31578947368421
曲率,15.117647058823529
曲目,13.181818181818182
曲谱,12.192307692307692
曲奇,12.85
曲调,13.08695652173913
曲线,12.473684210526315
曲艺,10.294117647058824
曲折,11.263157894736842
曲直,12.55
曲子,9.863636363636363
取材,11.65
取出,11.55
取代,10.9
取得,9.55
取缔,12.6
取回,9.210526315789474
取经,9.954545454545455
取景,12.15
取款,12.95
取名,9.818181818181818
取暖,10.4375
取巧,12.772727272727273
取舍,12.8
取胜,11.1875
取现,13.047619047619047
取向,14.45
取消,9.647058823529411
取样,14.625
取悦,12.545454545454545
取证,13.454545454545455
娶亲,12.91304347826087
去除,12.238095238095237
去处,11.904761904761905
去掉,9.736842105263158
去留,11.65
去路,11.636363636363637
去年,7.333333333333333
去世,10.722222222222221
去向,13.0
趣事,10.263157894736842
趣味,10.444444444444445
圈地,15.222222222222221
圈钱,16.31578947368421
圈套,12.333333333333334
圈子,14.952380952380953
权柄,14.695652173913043
权衡,12.894736842105264
权力,12.272727272727273
权利,12.5
权威,12.65
权限,14.0625
权益,13.19047619047619
权责,16.523809523809526
权证,16.375
权重,16.5625
全班,7.105263157894737
全部,10.3157895
全场,11.772727272727273
全程,13.263157894736842
全村,10.476190476190476
全党,13.409090909090908
全队,10.578947368421053
全额,13.555555555555555
全副,12.5
全国,9.090909090909092
全集,11.363636363636363
全家,7.173913043478261
全景,14.157894736842104
全境,13.3125
全局,13.736842105263158
全军,12.636363636363637
全军覆没,11.923076923076923
全力,12.3809524
全貌,11.826086956521738
全面,10.238095238095237
全民,11.619047619047619
全能,11.1875
全盘,14.08695652173913
全球,10.619047619047619
全球化,13.526315789473685
全区,12.047619047619047
全权,14.5
全日制,14.192307692307692
全身,8.75
全省,10.789473684210526
全胜,12.0
全盛,15.090909090909092
全市,10.590909090909092
全书,10.555555555555555
全套,11.421052631578947
全体,9.904761904761905
全天候,12.925925925925926
全文,11.3
全县,10.2
全线,13.736842105263158
全校,8.454545454545455
全心,12.956521739130435
全新,9.181818181818182
全员,10.31578947368421
全长,11.136363636363637
全职,15.590909090909092
全资,14.85
诠释,13.772727272727273
泉水,10.476190476190476
泉眼,12.363636363636363
拳法,10.16
拳击,10.333333333333334
拳击手,11.631578947368421
拳脚,9.842105263157896
拳头,5.95
拳王,13.61111111111111
痊愈,14.55
蜷曲,13.090909090909092
犬齿,12.7
劝导,10.894736842105264
劝告,12.956521739130435
劝解,11.666666666666666
劝说,11.38888888888889
劝阻,12.210526315789474
券商,18.952380952380953
缺德,10.73076923076923
缺点,8.714285714285714
缺乏,12.526315789473685
缺憾,15.3157895
缺课,10.181818181818182
缺口,11.695652173913043
缺少,9.227272727272727
缺失,12.55
缺位,13.4
缺席,10.708333333333334
缺陷,9.947368421052632
缺氧,11.944444444444445
缺阵,15.285714285714286
瘸腿,10.045454545454545
却步,15.0
却说,14.5
雀斑,13.074074074074074
雀巢,12.56
雀跃,12.0
确保,11.043478260869565
确定,9.473684210526315
确立,10.235294117647058
确切,11.631578947368421
确认,10.045454545454545
确信,11.2380952
确凿,13.666666666666666
确诊,12.380952380952381
裙子,6.4375
群岛,14.0
群发,15.1
群情,12.533333333333333
群山,10.454545454545455
群体,13.3
群星,11.55
群雄,13.0
群众,11.526315789473685
然后,9.318181818181818
燃点,13.37037037037037
燃放,10.409090909090908
燃料,10.88888888888889
燃眉之急,12.909090909090908
燃煤,10.578947368421053
燃起,11.476190476190476
燃气,12.2
燃烧,9.2
燃油,12.85
染病,11.11111111111111
染缸,13.0
染色,11.954545454545455
让步,10.727272727272727
让出,10.789473684210526
让给,9.904761904761905
让开,8.035714285714286
让利,13.15
让路,8.95
让位,13.0
让座,10.5625
饶舌,15.052631578947368
饶恕,12.227272727272727
扰乱,12.45
扰民,12.875
绕道,11.047619047619047
绕行,10.904761904761905
惹祸,9.08
惹事,10.863636363636363
热爱,8.529411764705882
热播,14.0
热潮,13.045454545454545
热炒,14.761904761904763
热忱,14.047619047619047
热词,15.0
热带,12.095238095238095
热带雨林,11.0
热点,15.0
热电,12.6875
热度,12.95
热狗,10.210526315789474
热火,11.473684210526315
热浪,12.5
热泪,9.38888888888889
热力,15.333333333333334
热量,12.380952380952381
热烈,12.238095238095237
热卖,13.157894736842104
热门,12.3684211
热闹,9.521739130434783
热能,14.148148148148149
热气,10.0
热气球,11.384615384615385
热钱,16.526315789473685
热切,11.857142857142858
热情,10.041666666666666
热情洋溢,11.074074074074074
热身,9.68421052631579
热水,6.666666666666667
热水瓶,9.0
热土,13.7
热线,12.181818181818182
热销,14.043478260869565
热心,9.68421052631579
热血,13.176470588235293
热议,15.842105263157896
热映,13.142857142857142
热衷,12.4285714
人才,11.0
人才济济,13.272727272727273
人参,10.523809523809524
人道,14.3125
人定胜天,14.130434782608695
人格,14.08695652173913
人格化,15.619047619047619
人工,11.714285714285714
人工呼吸,13.0
人工智能,18.09090909090909
人海,11.545454545454545
人和,13.3
人祸,11.25925925925926
人居,12.45
人均,13.6
人口,9.210526315789474
人类,9.545454545454545
人力,12.055555555555555
人力车,13.347826086956522
人流,13.736842105263158
人马,10.55
人脉,16.7
人们,8.05
人民,11.7
人名,6.636363636363637
人命,9.473684210526315
人品,12.363636363636363
人气,12.15
人情,12.8
人情味,13.772727272727273
人权,15.478260869565217
人群,10.3125
人人,11.55
人山人海,9.6
人身,9.25
人生,13.047619047619047
人士,12.047619047619047
人事,15.176470588235293
人手,10.6875
人寿,14.545454545454545
人寿保险,14.0
人数,8.857142857142858
人体,9.80952380952381
人头,8.105263157894736
人为,10.85
人文,15.0
人物,10.6
人像,10.130434782608695
人心,12.052631578947368
人性,16.058823529411764
人选,13.444444444444445
人意,15.875
人影,7.095238095238095
人员,10.428571428571429
人缘,11.736842105263158
人造,12.0
人造卫星,11.142857142857142
人证,12.7
人之常情,14.73913043478261
人质,11.91304347826087
仁爱,12.5
仁慈,11.2
仁厚,12.538461538461538
仁兄,12.892857142857142
仁义,11.545454545454545
忍耐,12.0
忍耐力,12.409090909090908
忍气吞声,13.5
忍让,11.91304347826087
忍受,13.65
忍心,10.2
认出,7.708333333333333
认错,6.526315789473684
认定,11.444444444444445
认购,16.82608695652174
认可,11.454545454545455
认领,10.434782608695652
认命,14.636363636363637
认清,9.526315789473685
认识,7.588235294117647
认输,7.842105263157895
认同,11.954545454545455
认为,9.42857143
认真,8.80952380952381
认证,14.25
认知,13.1875
认知科学,14.037037037037036
认准,11.363636363636363
认罪,11.142857142857142
任何,10.24
任教,11.909090909090908
任劳任怨,12.391304347826088
任免,15.05
任命,14.2
任其自然,12.782608695652174
任务,8.15
任性,9.105263157894736
任选,12.25
任意,11.0
任用,13.555555555555555
任由,12.0
任职,13.380952380952381
任重道远,13.5
韧带,13.6
韧性,13.7
妊娠,17.5
扔掉,7.636363636363637
扔下,8.894736842105264
日报,11.409090909090908
日本,10.407407407407407
日常,9.1
日程,11.95
日出,8.608695652173912
日方,15.066666666666666
日光,8.95
日记,8.875
日剧,13.19047619047619
日军,9.714285714285714
日均,12.470588235294118
日理万机,12.814814814814815
日历,8.25
日落,8.818181818181818
日食,12.153846153846153
日式,15.333333333333334
日文,13.047619047619047
日新月异,12.636363636363637
日裔,15.142857142857142
日用,9.631578947368421
日用品,8.285714285714286
日语,10.15
日元,13.944444444444445
日照,10.095238095238095
日志,13.9
荣登,13.842105263157896
荣光,14.148148148148149
荣华,12.217391304347826
荣获,10.944444444444445
荣立,17.25
荣辱,12.304347826086957
荣幸,13.157894736842104
荣耀,12.142857142857142
荣膺,15.75
荣誉,9.736842105263158
绒布,13.047619047619047
容积,12.2631579
容量,10.695652173913043
容貌,9.909090909090908
容纳,12.05
容器,10.523809523809524
容忍,11.166666666666666
容许,11.0
容颜,10.777777777777779
容易,8.304347826086957
溶化,11.368421052631579
溶解,11.772727272727273
榕树,10.454545454545455
熔化,11.363636363636363
熔岩,12.454545454545455
融合,12.826086956521738
融化,10.68421052631579
融汇,14.875
融汇贯通,14.481481481481481
融洽,12.368421052631579
融券,19.842105263157894
融入,13.0
融通,13.421052631578947
融资,15.380952380952381
冗员,16.083333333333332
冗长,14.32
柔道,12.5
柔和,11.4375
柔美,11.956521739130435
柔情,12.619047619047619
柔软,9.409090909090908
柔弱,11.7
柔性,11.45
糅合,14.380952380952381
蹂躏,13.08
肉搏,14.173913043478262
肉搏战,13.454545454545455
肉类,8.0
肉麻,12.19047619047619
肉身,12.095238095238095
肉体,11.105263157894736
肉丸,7.473684210526316
肉眼,10.590909090909092
肉质,13.166666666666666
如厕,10.789473684210526
如此,11.909090909090908
如果,9.6
如虎添翼,13.863636363636363
如火如荼,14.227272727272727
如今,10.62962962962963
如释重负,13.5
如同,10.31578947368421
如下,11.6
如意,11.2
如愿,11.85
如约,12.19047619047619
儒家,13.052631578947368
儒教,12.772727272727273
儒学,14.818181818181818
儒雅,12.421052631578947
孺子,12.636363636363637
蠕动,13.090909090909092
乳齿,11.74074074074074
乳房,12.15
乳粉,12.217391304347826
乳酪,12.2
乳牛,9.565217391304348
乳品,12.4375
乳酸,13.227272727272727
乳腺,16.55
乳业,12.125
乳制品,11.409090909090908
乳猪,12.6
辱骂,9.666666666666666
入场,9.952380952380953
入场费,12.04
入党,15.0
入冬,8.6875
入股,17.3
入户,14.8
入会,15.7
入境,13.526315789473685
入口,6.45
入库,16.11764705882353
入门,12.7
入木三分,13.178571428571429
入侵,10.368421052631579
入手,14.0
入睡,5.777777777777778
入网,15.11111111111111
入围,12.857142857142858
入味,12.173913043478262
入伍,15.0
入夏,10.052631578947368
入乡随俗,12.28
入校,7.55555556
入选,12.173913043478262
入学,8.090909090909092
入夜,10.863636363636363
入狱,12.8
入园,8.88888888888889
入院,10.625
入账,14.68421052631579
入主,14.555555555555555
入住,11.0
入驻,13.666666666666666
软垫,10.818181818181818
软化,13.521739130434783
软件,15.421052631578947
软禁,14.038461538461538
软肋,13.058823529411764
软绵绵,10.592592592592593
软弱,10.68421052631579
软硬兼施,12.523809523809524
软组织,13.947368421052632
锐减,13.590909090909092
锐角,11.576923076923077
锐利,11.7619048
锐气,13.73076923076923
锐意,17.88888888888889
睿智,12.761904761904763
闰年,11.6
润滑,12.19047619047619
若干,12.423076923076923
若想,13.923076923076923
偌大,11.26086956521739
弱不禁风,11.48
弱点,10.0
弱化,13.333333333333334
弱势,12.85
弱小,9.6
弱者,9.25
弱智,11.826086956521738
洒脱,13.88888888888889
撒旦,14.761904761904763
撒谎,6.315789473684211
撒娇,8.681818181818182
撒网,12.409090909090908
撒种,11.777777777777779
腮腺,14.72
塞车,10.84
赛场,8.31578947368421
赛车,9.238095238095237
赛车场,13.157894736842104
赛程,14.7
赛道,9.7
赛点,14.5
赛段,13.2
赛会,13.947368421052632
赛马,11.318181818181818
赛跑,9.0
赛区,13.7
赛事,11.652173913043478
赛制,14.733333333333333
三板,18.0
三叉,11.428571428571429
三国,11.863636363636363
三国演义,10.238095238095237
三角,10.285714285714286
三角形,7.421052631578948
三教九流,12.818181818181818
三节,12.071428571428571
三军,12.529411764705882
三轮,8.9375
三维,15.0
三五成群,12.636363636363637
三线,17.45
三原色,13.75
三长两短,12.142857142857142
伞兵,12.64
散布,13.095238095238095
散步,8.31578947368421
散打,12.75
散户,15.833333333333334
散会,12.545454545454545
散落,13.35
散热,11.368421052631579
散文,12.0
散心,13.227272727272727
散装,11.444444444444445
桑拿,14.88888888888889
桑树,10.136363636363637
嗓音,11.421052631578947
嗓子,7.714285714285714
丧假,14.96
丧命,12.857142857142858
丧权辱国,13.954545454545455
丧生,12.736842105263158
丧失,12.5263158
丧心病狂,12.666666666666666
搔首弄姿,15.19047619047619
搔痒,9.263157894736842
骚动,14.782608695652174
骚乱,14.347826086956522
骚扰,14.136363636363637
扫除,10.65
扫地,8.904761904761905
扫黄,14.636363636363637
扫描,14.25
扫墓,9.157894736842104
扫射,11.055555555555555
扫帚,7.565217391304348
瘙痒,11.0
色彩,8.043478260869565
色狼,12.545454545454545
色盲,12.25
色情,13.764705882352942
色素,14.263157894736842
色调,12.631578947368421
色泽,13.045454545454545
瑟缩,14.789473684210526
森林,7.61904762
森严,12.48
僧多粥少,14.380952380952381
僧人,11.19047619047619
杀跌,19.0
杀害,10.4375
杀价,13.047619047619047
杀菌,11.565217391304348
杀戮,12.037037037037036
杀气,12.782608695652174
杀青,14.476190476190476
杀人,8.590909090909092
杀人犯,11.263157894736842
杀伤,11.2
杀伤力,13.31578947368421
杀手,11.05
杀死,9.65
沙包,10.217391304347826
沙尘,9.947368421052632
沙发,9.454545454545455
沙拉,13.833333333333334
沙龙,13.947368421052632
沙漠,8.952380952380953
沙漠化,13.944444444444445
沙盘,17.1111111
沙丘,10.380952380952381
沙石,10.73913043478261
沙滩,7.85
沙哑,10.476190476190476
沙子,5.6
纱布,9.227272727272727
纱窗,9.678571428571429
砂锅,10.464285714285714
砂砾,15.238095238095237
砂石,10.909090909090908
砂糖,10.857142857142858
鲨鱼,7.3
傻瓜,7.590909090909091
傻笑,10.681818181818182
霎时,12.5
筛查,13.1
筛选,12.08695652173913
山茶花,12.615384615384615
山城,14.5625
山川,9.5
山村,8.0
山地,8.523809523809524
山洞,7.0476190476190474
山峰,7.529411764705882
山沟,9.3125
山谷,8.318181818181818
山河,11.285714285714286
山洪,12.380952380952381
山火,11.52
山脊,12.523809523809524
山涧,12.75
山脚,8.105263157894736
山林,7.55
山路,9.444444444444445
山脉,9.9
山坡,7.157894736842105
山穷水尽,12.0
山区,9.38888888888889
山泉,9.0
山水,8.5
山体,11.894736842105264
山羊,5.9523809523809526
山药,13.428571428571429
山楂,7.315789473684211
山寨,12.6315789
山庄,9.956521739130435
删除,10.590909090909092
删减,12.12
珊瑚,10.6
舢板,12.631578947368421
煽动,13.666666666666666
闪避,10.777777777777779
闪电,7.041666666666667
闪光,7.631578947368421
闪光灯,12.652173913043478
闪亮,11.666666666666666
闪闪,9.095238095238095
闪烁,9.272727272727273
闪现,14.304347826086957
闪耀,11.526315789473685
讪笑,14.5
扇贝,11.44
扇动,11.666666666666666
扇子,5.823529411764706
善待,11.736842105263158
善恶,9.538461538461538
善后,14.476190476190476
善举,12.6190476
善款,13.333333333333334
善良,8.80952380952381
善事,12.11111111111111
善忘,13.5
善意,9.625
善于,10.391304347826088
善终,12.952380952380953
擅长,11.285714285714286
膳食,12.619047619047619
赡养,15.05
赡养费,15.285714285714286
伤疤,9.4
伤病,10.05
伤残,11.052631578947368
伤感,11.333333333333334
伤害,8.555555555555555
伤寒,13.227272727272727
伤痕,9.894736842105264
伤口,7.0
伤情,14.5
伤势,10.4
伤痛,9.95
伤亡,12.409090909090908
伤心,8.473684210526315
伤愈,12.476190476190476
伤员,8.55
伤者,10.95
商标,12.818181818181818
商场,11.1875
商城,11.15
商店,8.6875
商定,12.0
商贩,10.142857142857142
商行,14.7222222
商户,12.176470588235293
商会,16.375
商机,14.227272727272727
商家,14.380952380952381
商界,16.095238095238095
商量,9.736842105263158
商旅,15.25
商贸,14.277777777777779
商品,11.75
商铺,11.210526315789474
商圈,15.055555555555555
商榷,16.77777777777778
商人,12.105263157894736
商谈,13.714285714285714
商讨,14.333333333333334
商务,16.36842105263158
商务部,15.25925925925926
商学院,17.55
商业,14.391304347826088
商议,15.136363636363637
商用,15.75
商住,16.444444444444443
晌午,10.851851851851851
赏赐,11.826086956521738
赏花,10.041666666666666
赏金,13.074074074074074
赏脸,13.32
赏识,12.631578947368421
赏月,10.166666666666666
上岸,10.304347826086957
上班,9.636363636363637
上班族,14.578947368421053
上榜,11.869565217391305
上报,13.210526315789474
上宾,13.333333333333334
上场,12.294117647058824
上车,7.894736842105263
上乘,13.857142857142858
上次,7.76190476
上当,8.9
上等,12.476190476190476
上帝,11.5
上访,14.095238095238095
上风,11.5
上浮,12.25
上岗,12.25
上告,12.958333333333334
上古,11.9
上行,14.9
上火,12.5
上级,12.157894736842104
上佳,14.6
上家,14.777777777777779
上架,12.421052631578947
上将,13.19047619047619
上交,11.35
上缴,11.55
上街,7.85
上进,10.272727272727273
上课,6.105263157894737
上空,10.636363636363637
上流,13.32
上楼,7.25
上路,10.0
上马,10.608695652173912
上门,12.0
上牌,16.529411764705884
上前,8.533333333333333
上去,6.9523809523809526
上任,12.285714285714286
上山,7.176470588235294
上身,9.9375
上升,8.952380952380953
上市,19.095238095238095
上手,13.666666666666666
上书,13.842105263157896
上述,10.85
上司,15.61111111111111
上诉,17.2
上台,9.31578947368421
上天,10.722222222222221
上调,12.318181818181818
上图,11.666666666666666
上网,14.31578947368421
上位,16.80952380952381
上下,6.7
上下一心,13.136363636363637
上限,12.4210526
上线,14.31578947368421
上校,13.565217391304348
上学,5.4
上演,11.19047619047619
上扬,11.666666666666666
上衣,6.2105263157894735
上议院,16.0
上瘾,12.055555555555555
上映,12.826086956521738
上游,11.909090909090908
上涨,10.391304347826088
上阵,11.222222222222221
上周,8.285714285714286
尚存,12.875
尚且,12.74074074074074
烧毁,9.052631578947368
烧烤,9.636363636363637
烧伤,9.52380952
烧制,13.25
稍后,10.090909090909092
少儿,7.333333333333333
少妇,15.565217391304348
少见,10.625
少将,13.5
少量,9.476190476190476
少林,9.884615384615385
少林寺,10.227272727272727
少年,8.272727272727273
少女,11.65
少数,7.6
少数民族,10.5
少许,10.0
少爷,8.761904761904763
少有,8.947368421052632
少于,7.636363636363637
少壮派,15.0
哨兵,11.214285714285714
哨子,9.227272727272727
奢侈,13.5
奢华,11.842105263157896
奢望,13.619047619047619
赊账,11.62962962962963
舌头,5.85
舌战,12.5
蛇头,10.153846153846153
蛇蝎,12.909090909090908
舍得,11.5
舍命,12.681818181818182
舍弃,14.4
舍下,13.11111111111111
设备,11.863636363636363
设定,12.473684210526315
设法,12.363636363636363
设防,12.8
设计,12.3
设计师,11.88888888888889
设卡,15.0
设立,14.8125
设施,13.75
设想,13.625
设有,10.1
设在,13.117647058823529
设置,11.823529411764707
社工,15.0
社会,14.142857142857142
社会学,15.142857142857142
社交,15.571428571428571
社论,14.473684210526315
社区,11.5
社团,15.166666666666666
社员,14.8
社长,15.7333333
射程,11.578947368421053
射击,11.333333333333334
射箭,12.0
射门,13.473684210526315
射频,17.68421052631579
射手,13.619047619047619
涉案,13.894736842105264
涉毒,16.9473684
涉法,12.545454545454545
涉及,13.75
涉农,17.42105263157895
涉诉,17.473684210526315
涉外,14.565217391304348
涉嫌,13.947368421052632
涉足,13.444444444444445
摄取,14.391304347826088
摄入,13.818181818181818
摄氏,12.481481481481481
摄像,11.652173913043478
摄影,13.31578947368421
摄影集,12.76
摄影师,12.047619047619047
摄政,14.076923076923077
摄政王,17.153846153846153
摄制,14.125
麝香,16.045454545454547
申办,14.947368421052632
申报,14.227272727272727
申辩,12.44
申购,16.8571429
申领,14.285714285714286
申请,12.285714285714286
申请表,12.285714285714286
申诉,14.875
申遗,15.545454545454545
伸出,7.65
伸手,7.954545454545454
伸冤,12.047619047619047
伸展,11.7
伸张,12.5
伸长,11.434782608695652
身材,9.9
身处,13.75
身穿,9.764705882352942
身段,12.909090909090908
身份,11.055555555555555
身份证,11.043478260869565
身高,6.7368421052631575
身患,13.047619047619047
身家,15.3157895
身价,14.9
身兼,16.65
身经百战,13.090909090909092
身披,11.05
身躯,9.263157894736842
身世,10.454545454545455
身手,10.4
身体,8.4
身亡,10.818181818181818
身无分文,11.714285714285714
身陷,14.375
身心,13.3
身形,11.75
身影,9.952380952380953
身着,10.85
身姿,11.647058823529411
身子,9.5
呻吟,12.772727272727273
绅士,13.666666666666666
深谙,16.428571428571427
深奥,12.44
深层,14.761904761904763
深沉,11.68421052631579
深处,9.7
深度,12.166666666666666
深感,14.368421052631579
深闺,15.047619047619047
深海,10.115384615384615
深厚,12.157894736842104
深化,13.647058823529411
深刻,12.555555555555555
深切,13.789473684210526
深情,11.666666666666666
深入,13.380952380952381
深入虎穴,12.73913043478261
深色,9.947368421052632
深山,8.68421053
深深,10.454545454545455
深受,11.894736842105264
深水,10.1
深思,11.333333333333334
深邃,13.958333333333334
深陷,13.894736842105264
深信,11.333333333333334
深夜,10.304347826086957
深意,12.782608695652174
深渊,13.363636363636363
深远,12.130434782608695
深造,15.526315789473685
深知,12.352941176470589
神灯,10.88
神殿,12.545454545454545
神父,14.272727272727273
神话,8.631578947368421
神经,12.318181818181818
神经病,10.818181818181818
神经系统,14.26923076923077
神龙,11.6842105
神秘,10.619047619047619
神庙,12.571428571428571
神奇,8.75
神枪手,12.391304347826088
神情,10.826086956521738
神色,12.0
神圣,11.818181818181818
神似,12.666666666666666
神态,10.736842105263158
神通,10.8
神童,8.3
神仙,7.368421052631579
神学,14.285714285714286
神学院,15.92
神勇,12.136363636363637
神韵,16.0
神志,11.578947368421053
神州,13.285714285714286
审查,14.8
审定,14.25
审核,14.55
审计,16.40909090909091
审结,15.941176470588236
审理,14.045454545454545
审美,12.6
审判,11.8
审判官,13.863636363636363
审批,14.565217391304348
审慎,16.125
审视,14.75
审讯,14.0625
审议,13.238095238095237
肾病,14.142857142857142
肾脏,10.411764705882353
渗漏,14.1333333
渗入,11.727272727272727
渗水,13.952380952380953
渗透,14.095238095238095
慎重,12.789473684210526
升幅,13.631578947368421
升高,11.277777777777779
升格,15.6875
升华,13.578947368421053
升级,12.0
升降,11.944444444444445
升降机,11.19047619047619
升空,13.526315789473685
升旗,7.238095238095238
升起,10.1
升迁,13.368421052631579
升任,12.523809523809524
升势,13.9411765
升天,11.37037037037037
升温,10.782608695652174
升学,10.181818181818182
升压,14.625
升值,17.15
升职,13.904761904761905
生病,7.708333333333333
生菜,9.421052631578947
生产,11.555555555555555
生产力,13.91304347826087
生产总值,15.545454545454545
生成,12.272727272727273
生存,11.434782608695652
生动,11.31578947368421
生发,13.6
生根,11.210526315789474
生还,12.454545454545455
生活,11.6190476
生活化,14.5
生机,10.523809523809524
生计,14.19047619047619
生姜,9.0
生来,10.91304347826087
生理,12.333333333333334
生灵涂炭,13.296296296296296
生路,11.826086956521738
生命,10.045454545454545
生命力,12.391304347826088
生母,10.148148148148149
生平,14.05
生气,5.95
生日,7.178571428571429
生死,11.2
生死存亡,14.185185185185185
生态,13.421052631578947
生物,11.318181818181818
生物圈,15.227272727272727
生鲜,12.333333333333334
生肖,7.947368421052632
生效,13.1
生性,15.2
生锈,8.55
生涯,15.2
生意,12.318181818181818
生意人,13.461538461538462
生硬,10.526315789473685
生于,9.85
生育,10.75
生源,13.61111111111111
生长,9.782608695652174
生殖,14.0
生猪,12.266666666666667
生子,15.15
声称,13.0
声带,12.090909090909092
声浪,12.130434782608695
声乐,10.904761904761905
声名,13.0
声明,13.823529411764707
声母,9.296296296296296
声势,13.3125
声嘶力竭,13.0
声讨,14.380952380952381
声调,11.222222222222221
声望,15.0
声响,8.380952380952381
声音,5.315789473684211
声誉,11.15
声援,14.88888888888889
牲畜,10.75
绳索,8.25
绳子,5.2105263157894735
省城,11.08695652173913
省道,15.0
省份,9.173913043478262
省会,12.31578947368421
省级,12.941176470588236
省力,9.631578947368421
省略,10.192307692307692
省略号,10.173913043478262
省钱,9.5
省区,11.4761905
省去,10.35
省却,13.529411764705882
省市,9.80952380952381
省事,11.3125
省属,15.285714285714286
省悟,12.523809523809524
省心,10.952380952380953
省长,11.352941176470589
圣诞,9.5
圣诞节,11.347826086956522
圣诞老人,10.227272727272727
圣地,13.842105263157896
圣火,14.518518518518519
圣经,13.884615384615385
圣灵,14.235294117647058
圣母,13.727272727272727
圣人,13.052631578947368
圣书,13.55
圣坛,13.882352941176471
圣徒,13.55
圣像,12.0
圣言,13.92
圣旨,11.153846153846153
胜败,9.714285714285714
胜出,9.894736842105264
胜地,13.777777777777779
胜负,8.166666666666666
胜过,10.473684210526315
胜局,12.238095238095237
胜利,9.476190476190476
胜率,14.473684210526315
胜券,14.68
胜任,12.6315789
胜诉,14.565217391304348
胜算,13.681818181818182
胜于,14.222222222222221
胜仗,10.444444444444445
胜者,8.904761904761905
盛产,12.05
盛大,10.947368421052632
盛典,12.666666666666666
盛放,10.714285714285714
盛行,14.2
盛会,11.61111111111111
盛开,8.368421052631579
盛况,12.619047619047619
盛名,14.3157895
盛怒,13.538461538461538
盛情,12.5
盛世,11.894736842105264
盛事,14.55
盛宴,13.590909090909092
盛赞,14.157894736842104
盛装,12.5
剩下,8.15
剩余,9.15
尸骸,13.045454545454545
尸检,14.590909090909092
尸体,12.625
失败,11.0
失败者,11.956521739130435
失策,12.26923076923077
失常,13.5
失传,11.285714285714286
失地,13.11111111111111
失分,12.0
失衡,12.045454545454545
失火,11.095238095238095
失控,12.666666666666666
失利,11.631578947368421
失恋,14.26086956521739
失灵,11.6
失落,10.88888888888889
失眠,15.05
失明,9.789473684210526
失陪,12.85
失窃,12.055555555555555
失去,10.5
失声,11.894736842105264
失实,14.842105263157896
失事,13.666666666666666
失手,13.857142857142858
失守,11.631578947368421
失调,13.470588235294118
失望,10.3157895
失物,11.347826086956522
失误,11.318181818181818
失效,13.35
失信,12.91304347826087
失血,12.095238095238095
失业,13.375
失业率,16.181818181818183
失意,13.631578947368421
失语症,16.181818181818183
失约,13.565217391304348
失职,14.666666666666666
失主,11.478260869565217
失踪,10.454545454545455
失足,13.652173913043478
师从,13.066666666666666
师德,14.277777777777779
师父,9.428571428571429
师傅,11.2380952
师生,7.523809523809524
师徒,10.523809523809524
师团,14.294117647058824
师兄,11.1875
师长,11.263157894736842
师资,14.173913043478262
诗词,8.428571428571429
诗歌,9.0
诗集,11.05
诗句,8.2
诗人,10.7
诗文,7.947368421052632
诗意,12.5
狮子,6.65
施恩,12.576923076923077
施法,11.6
施肥,8.777777777777779
施工,10.368421052631579
施行,13.736842105263158
施加,11.761904761904763
施救,13.5
施压,14.4
施以,15.333333333333334
施展,12.842105263157896
施政,15.272727272727273
施主,11.0
湿地,13.35
湿度,12.434782608695652
湿润,11.75
湿透,10.0
湿疹,13.772727272727273
十二生肖,10.619047619047619
十进制,13.2
十拿九稳,11.4
十万火急,12.380952380952381
十字,9.066666666666666
十字架,12.615384615384615
十足,11.761904761904763
石板,7.571428571428571
石碑,10.176470588235293
石材,11.125
石沉大海,11.68
石膏,10.636363636363637
石化,13.037037037037036
石灰,10.590909090909092
石阶,9.9
石刻,13.0
石窟,12.73913043478261
石块,6.190476190476191
石榴,6.421052631578948
石桥,6.95
石头,6.111111111111111
石油,11.6
石子,6.578947368421052
时报,12.722222222222221
时差,14.5
时代,11.72
时段,11.285714285714286
时光,12.904761904761905
时候,8.68421052631579
时机,12.7894737
时间,7.260869565217392
时节,11.454545454545455
时刻,10.55
时空,12.571428571428571
时令,12.565217391304348
时髦,12.947368421052632
时评,13.411764705882353
时任,15.869565217391305
时尚,11.954545454545455
时势,13.909090909090908
时事,14.08695652173913
时速,13.105263157894736
时效,12.411764705882353
时兴,13.76
时长,11.31578947368421
时政,16.57894736842105
时值,15.5
时钟,7.28571429
时装,13.095238095238095
时装店,9.80952380952381
识别,10.428571428571429
识破,11.4375
识字,6.565217391304348
实测,14.619047619047619
实处,13.571428571428571
实地调查,14.26086956521739
实干,14.3
实行,11.647058823529411
实话,7.85
实惠,11.157894736842104
实际,11.238095238095237
实绩,14.647058823529411
实践,12.277777777777779
实景,12.736842105263158
实况,12.333333333333334
实力,12.5
实力派,14.0
实例,11.9
实录,15.4
实名,12.045454545454545
实木,13.38888888888889
实情,12.136363636363637
实施,11.3
实事,11.85
实体,12.869565217391305
实务,15.25
实物,10.55
实习,16.0625
实习生,15.636363636363637
实现,11.333333333333334
实效,14.761904761904763
实训,14.3333333
实验,10.727272727272727
实验室,12.0
实业,17.238095238095237
实用,13.952380952380953
实在,10.88888888888889
实战,12.68421052631579
实证,14.31578947368421
实质,13.5
拾荒,13.461538461538462
拾取,11.761904761904763
食客,16.05
食粮,9.157894736842104
食疗,14.526315789473685
食品,7.0
食谱,12.5
食堂,9.285714285714286
食物,6.809523809523809
食物链,13.2
食宿,13.105263157894736
食盐,6.421052631578948
食用,9.89473684
食欲,10.782608695652174
食指,7.7727272727272725
蚀刻,14.823529411764707
史册,13.45
史料,14.0
史前,12.454545454545455
史诗,12.791666666666666
史实,12.842105263157896
史书,11.647058823529411
史无前例,12.666666666666666
史学,13.608695652173912
史学家,12.590909090909092
使得,11.272727272727273
使馆,15.08695652173913
使唤,11.863636363636363
使节,14.277777777777779
使劲,10.176470588235293
使命,13.157894736842104
使命感,14.272727272727273
使女,14.857142857142858
使用,8.636363636363637
使用率,14.363636363636363
使者,15.1428571
始发,12.19047619047619
始建,12.631578947368421
始末,10.952380952380953
始于,12.0
始祖,12.666666666666666
驶出,11.565217391304348
驶过,10.4
驶离,11.818181818181818
驶入,12.0
士兵,8.9
士官,16.75
士气,12.368421052631579
氏族,15.0
示范,11.571428571428571
示威,13.0
示威者,12.32
示意,10.95
示众,11.884615384615385
世仇,13.590909090909092
世代,12.92
世纪,12.545454545454545
世家,14.909090909090908
世交,13.96
世界,9.333333333333334
世界杯,13.473684210526315
世人,12.473684210526315
世事,13.15
世俗,15.15
世态,13.476190476190476
世态炎凉,14.409090909090908
仕女,14.318181818181818
仕途,13.842105263157896
市场,12.545454545454545
市场化,15.409090909090908
市级,13.421052631578947
市价,14.0
市郊,10.15
市井,13.263157894736842
市面,13.521739130434783
市民,10.1875
市区,10.6
市容,12.8125
市属,14.75
市县,9.85
市长,11.85
市招,16.76923076923077
市镇,9.8125
市政,14.952380952380953
市值,19.523809523809526
市中心,11.956521739130435
式样,10.84
似乎,11.318181818181818
势力,13.217391304347826
势利,13.210526315789474
势如破竹,13.666666666666666
势头,12.636363636363637
事半功倍,11.307692307692308
事变,15.5
事发,11.8
事故,9.631578947368421
事迹,11.166666666666666
事件,10.555555555555555
事例,11.894736842105264
事情,6.857142857142857
事权,18.692307692307693
事实,10.157894736842104
事事,11.3157895
事态,15.0
事务,14.476190476190476
事务所,14.227272727272727
事物,9.95
事先,11.052631578947368
事项,11.571428571428571
事业,13.75
事宜,13.421052631578947
事主,13.88888888888889
侍奉,12.92
侍候,11.9
侍应,12.73076923076923
饰品,10.75
饰物,12.153846153846153
饰演,11.4
试车,13.954545454545455
试乘,14.526315789473685
试点,14.85
试飞,13.75
试行,14.35
试驾,16.31578947368421
试金石,13.923076923076923
试卷,8.454545454545455
试试,7.888888888888889
试探,11.210526315789474
试题,8.238095238095237
试图,13.25
试想,11.55
试训,15.117647058823529
试验,10.526315789473685
试用,12.818181818181818
试用品,13.090909090909092
视察,13.043478260869565
视窗,12.44
视点,14.6875
视角,12.625
视觉,11.210526315789474
视力,9.0
视频,12.6666667
视神经,16.57894736842105
视听,12.238095238095237
视网膜,13.407407407407407
视为,13.555555555555555
视线,9.8125
视野,12.173913043478262
视作,12.277777777777779
拭目以待,12.85
柿子,9.875
是非,12.2
是否,10.052631578947368
适当,10.428571428571429
适度,11.523809523809524
适逢,13.117647058823529
适合,9.5
适量,11.590909090909092
适龄,13.619047619047619
适时,13.285714285714286
适宜,11.052631578947368
适应,10.25
适用,11.833333333333334
适者生存,14.181818181818182
适中,13.6
室内,9.5
室温,11.26086956521739
室友,16.3125
逝去,11.210526315789474
逝世,11.5
逝者,12.777777777777779
弑父,14.826086956521738
释放,13.263157894736842
释怀,13.954545454545455
释然,14.851851851851851
释疑,14.75
释义,11.28
嗜好,12.185185185185185
誓师大会,13.681818181818182
誓死,13.347826086956522
誓言,14.333333333333334
誓约,12.421052631578947
收兵,13.136363636363637
收藏,10.789473684210526
收藏版,13.5
收场,14.2222222
收成,11.869565217391305
收到,9.25
收发,14.631578947368421
收费,10.428571428571429
收服,13.521739130434783
收复,12.125
收割,10.052631578947368
收购,14.055555555555555
收官,14.608695652173912
收回,10.318181818181818
收获,9.826086956521738
收集,11.0
收缴,14.294117647058824
收紧,12.052631578947368
收据,14.272727272727273
收看,10.047619
收敛,11.476190476190476
收录,12.904761904761905
收买,11.25
收纳,11.863636363636363
收盘,17.095238095238095
收起,9.136363636363637
收取,10.4
收容,11.8
收容所,13.91304347826087
收入,12.45
收拾,8.368421052631579
收市,15.25
收视,12.666666666666666
收受,13.473684210526315
收缩,11.80952380952381
收条,11.96
收听,12.8
收尾,13.3
收效,14.3
收养,10.954545454545455
收益,14.052631578947368
收音机,8.956521739130435
收窄,15.0
收支,12.55
收治,15.941176470588236
手笔,13.74074074074074
手臂,8.08695652173913
手表,9.875
手柄,10.2
手部,6.0
手册,9.952380952380953
手动,11.761904761904763
手段,12.470588235294118
手法,11.625
手感,12.318181818181818
手稿,14.428571428571429
手工,10.142857142857142
手工艺,12.5
手机,9.368421052631579
手记,13.722222222222221
手脚,7.777777777777778
手巾,8.0
手铐,11.55
手枪,6.631578947368421
手巧,12.08695652173913
手球,13.777777777777779
手软,12.222222222222221
手势,10.157894736842104
手术,11.047619047619047
手术室,11.818181818181818
手套,7.666666666666667
手头,11.31578947368421
手推车,9.8
手腕,9.47368421
手无寸铁,10.714285714285714
手心,6.869565217391305
手续,13.272727272727273
手续费,13.772727272727273
手艺,13.0
手印,8.476190476190476
手语,10.75
手掌,5.105263157894737
手指,5.722222222222222
手肘,10.166666666666666
手镯,8.08695652173913
手足,10.88888888888889
守法,10.363636363636363
守寡,13.692307692307692
守候,12.391304347826088
守护,11.526315789473685
守门,11.04
守门员,11.814814814814815
守望,13.375
守望相助,14.454545454545455
守卫,11.0
守信,10.863636363636363
守夜,13.222222222222221
守约,11.545454545454545
守则,11.461538461538462
守株待兔,12.0
守住,12.1904762
首场,11.380952380952381
首创,15.5625
首次,8.782608695652174
首都,8.714285714285714
首度,11.571428571428571
首发,13.6
首府,13.210526315789474
首付,16.85
首富,12.789473684210526
首航,14.043478260869565
首级,13.318181818181818
首家,13.285714285714286
首届,11.333333333333334
首领,12.23076923076923
首脑,13.473684210526315
首批,10.666666666666666
首期,16.15
首屈一指,12.703703703703704
首任,14.1
首饰,13.4
首饰盒,12.043478260869565
首推,13.666666666666666
首位,11.578947368421053
首席,13.954545454545455
首先,9.409090909090908
首相,11.7
首秀,13.7
首选,12.0
首演,16.0625
首要,11.25
首映,13.9375
首战,12.333333333333334
首长,13.0
寿命,11.571428571428571
寿宴,12.142857142857142
受宠若惊,12.592592592592593
受挫,11.882352941176471
受到,10.1875
受罚,8.909090909090908
受访者,13.210526315789474
受害,12.80952380952381
受害者,11.956521739130435
受贿,15.571428571428571
受惠,12.105263157894736
受苦,9.789473684210526
受理,13.25
受难,11.153846153846153
受骗,10.166666666666666
受聘,15.2
受伤,7.157894736842105
受审,15.333333333333334
受损,14.166666666666666
受托,15.0
受刑,11.631578947368421
受训,11.142857142857142
受益,11.428571428571429
受孕,16.0
受灾,11.95
受制,12.947368421052632
受众,14.375
受助,13.590909090909092
受阻,13.6
狩猎,12.85
授课,11.043478260869565
授牌,14.875
授权,13.294117647058824
授信,18.647058823529413
授意,13.409090909090908
授予,14.0
售出,10.583333333333334
售价,10.052631578947368
售卖,10.38888888888889
售票,9.26086956521739
售票机,13.227272727272727
售罄,14.409090909090908
兽医,11.238095238095237
兽欲,15.91304347826087
瘦肉,6.904761904761905
瘦弱,8.19047619047619
瘦身,11.5625
瘦小,8.0
书包,7.380952380952381
书本,6.5
书城,11.421052631578947
书店,8.15
书法,10.25
书房,8.947368421052632
书柜,10.045454545454545
书画,8.944444444444445
书籍,6.526315789473684
书记,13.333333333333334
书架,9.6
书面,9.7
书面语,13.304347826086957
书名,8.85
书生,9.454545454545455
书屋,9.736842105263158
书香,12.0
书写,7.9
书信,8.95
书院,9.434782608695652
书展,14.4375
书桌,8.25
抒发,11.9375
抒情,12.523809523809524
枢纽,13.666666666666666
殊荣,13.823529411764707
梳理,12.75
梳洗,10.217391304347826
梳妆,11.772727272727273
淑女,11.73913043478261
舒畅,11.777777777777779
舒服,9.368421052631579
舒缓,11.904761904761905
舒适,9.619047619047619
舒心,13.31578947368421
舒展,12.4210526
疏导,13.272727272727273
疏忽,11.523809523809524
疏解,15.157894736842104
疏漏,11.842105263157896
疏散,11.25
疏松,11.722222222222221
疏通,13.5
疏于,12.222222222222221
疏远,12.833333333333334
输出,12.782608695652174
输电,14.523809523809524
输光,11.48
输家,12.090909090909092
输卵管,15.333333333333334
输球,12.6
输入,10.095238095238095
输送,11.75
输血,10.578947368421053
输液,7.722222222222222
输赢,9.173913043478262
蔬菜,5.363636363636363
蔬果,7.739130434782608
赎回,14.736842105263158
赎金,12.352941176470589
赎身,13.72
赎罪,12.863636363636363
熟练,10.0
熟人,9.5
熟识,12.1904762
熟食,8.285714285714286
熟睡,8.619047619047619
熟悉,9.3125
熟习,10.884615384615385
熟知,10.73913043478261
暑假,8.047619047619047
属地,14.8
属实,13.6
属下,13.571428571428571
属性,12.31578947368421
属于,10.954545454545455
署名,11.545454545454545
署长,12.842105263157896
鼠辈,13.590909090909092
鼠标,12.3
鼠疫,14.0
薯条,9.826086956521738
曙光,12.814814814814815
术士,15.380952380952381
术语,14.277777777777779
束缚,11.105263157894736
束手无策,13.0
述说,11.636363636363637
述职,15.380952380952381
树敌,12.72
树干,8.9
树立,12.1
树林,7.8
树龄,11.04
树苗,7.318181818181818
树木,7.2631578947368425
树叶,6.681818181818182
树枝,7.35
树脂,15.428571428571429
树种,10.65
竖立,11.08695652173913
竖起,12.1875
竖琴,12.681818181818182
庶民,12.956521739130435
数额,12.75
数据,13.25
数据库,15.636363636363637
数控,14.476190476190476
数量,7.428571428571429
数码,11.235294117647058
数目,9.25
数学,7.454545454545454
数值,11.80952380952381
数字,8.333333333333334
漱口,8.26086956521739
刷卡,12.157894736842104
刷新,12.7
刷牙,7.277777777777778
耍弄,11.814814814814815
衰竭,15.5
衰老,12.210526315789474
衰落,12.777777777777779
衰弱,11.454545454545455
衰退,13.166666666666666
衰微,12.6875
摔倒,10.894736842105264
摔跤,10.714285714285714
摔伤,10.047619047619047
甩掉,11.894736842105264
甩开,11.5263158
甩卖,13.565217391304348
帅哥,11.047619047619047
帅气,10.45
栓塞,15.944444444444445
双胞胎,10.043478260869565
双臂,9.142857142857142
双边,14.0
双层,8.473684210526315
双打,11.058823529411764
双方,11.826086956521738
双料,15.285714285714286
双面,11.0
双目,8.526315789473685
双亲,10.653846153846153
双人,11.481481481481481
双人床,12.407407407407407
双手,6.352941176470588
双数,10.095238095238095
双腿,7.368421052631579
双向,15.045454545454545
双赢,16.2380952
双语,13.285714285714286
双重,12.142857142857142
霜降,11.52
爽快,12.0625
爽朗,10.652173913043478
爽约,13.125
水杯,7.095238095238095
水泵,11.909090909090908
水表,9.55
水彩画,11.181818181818182
水草,9.3
水产,11.55
水车,9.736842105263158
水池,7.473684210526316
水道,10.428571428571429
水稻,7.888888888888889
水滴,6.368421052631579
水电,10.0
水费,11.5
水分,9.95
水缸,8.5
水沟,8.65
水管,8.285714285714286
水果,5.473684210526316
水果刀,9.076923076923077
水壶,7.318181818181818
水货,15.68
水价,10.45
水饺,8.608695652173912
水解,14.76
水晶,10.947368421052632
水井,7.590909090909091
水军,19.5
水库,9.052631578947368
水力,12.0
水利,12.666666666666666
水量,11.142857142857142
水流,7.666666666666667
水龙头,7.318181818181818
水路,10.235294117647058
水落石出,11.857142857142858
水墨,11.6875
水母,12.11111111111111
水泥,9.0
水泡,9.571428571428571
水漂,12.904761904761905
水平,11.578947368421053
水汽,10.0
水枪,8.722222222222221
水球,12.0
水渠,10.7
水蛇,10.208333333333334
水生,12.470588235294118
水手,11.166666666666666
水塔,12.318181818181818
水塘,8.222222222222221
水体,14.944444444444445
水桶,6.857142857142857
水土,12.238095238095237
水位,10.789473684210526
水温,7.78947368
水文,16.047619047619047
水污染,11.884615384615385
水务,16.2
水系,13.941176470588236
水仙,10.904761904761905
水乡,12.65
水箱,10.26086956521739
水性,11.789473684210526
水压,12.894736842105264
水银,12.333333333333334
水印,13.863636363636363
水域,12.11111111111111
水源,10.347826086956522
水运,13.666666666666666
水质,14.434782608695652
水肿,14.941176470588236
水准,13.235294117647058
水族馆,12.043478260869565
税额,17.529411764705884
税法,16.227272727272727
税费,17.952381
税金,17.666666666666668
税款,16.523809523809526
税率,15.9375
税收,16.454545454545453
税务,15.285714285714286
税务局,15.090909090909092
税制,15.818181818181818
税种,18.05
睡袋,13.136363636363637
睡觉,4.6
睡梦,8.526315789473685
睡眠,6.833333333333333
睡衣,9.136363636363637
睡意,10.6
睡着,6.545454545454546
顺差,15.222222222222221
顺产,17.153846153846153
顺畅,10.368421052631579
顺从,12.772727272727273
顺风,10.428571428571429
顺利,9.73684211
顺手,9.7
顺手牵羊,12.136363636363637
顺序,10.4
顺延,13.909090909090908
顺眼,12.0
顺应,14.105263157894736
瞬间,9.304347826086957
说唱,14.272727272727273
说成,10.88888888888889
说辞,12.7
说道,10.652173913043478
说法,13.1875
说服,11.95
说服力,12.681818181818182
说话,6.4375
说谎,7.666666666666667
说教,11.952380952380953
说客,13.538461538461538
说来,10.571428571428571
说明,10.0
说明文,12.821428571428571
说起,9.2
说说,10.142857142857142
说笑,9.62962962962963
硕大,13.761904761904763
硕果,12.210526315789474
硕士,14.25
司法,16.0
司法部,14.863636363636363
司法部门,14.956521739130435
司机,10.68421052631579
司令,11.19047619047619
司令官,11.464285714285714
司仪,13.727272727272727
司长,17.72222222222222
丝绸,11.61111111111111
丝带,8.9
丝毫,11.578947368421053
丝巾,10.23076923076923
私奔,16.14814814814815
私房,14.68421052631579
私家,12.105263157894736
私立,13.5789474
私利,13.391304347826088
私密,12.952380952380953
私募,20.0
私人,10.857142857142858
私生活,15.814814814814815
私事,10.782608695652174
私心,10.714285714285714
私刑,12.925925925925926
私营,13.583333333333334
私有,10.947368421052632
私欲,13.473684210526315
思潮,14.666666666666666
思考,10.391304347826088
思路,11.545454545454545
思虑,12.666666666666666
思念,10.304347826086957
思索,11.789473684210526
思维,12.0
思乡,11.523809523809524
思想,13.11111111111111
思绪,11.318181818181818
斯文,11.296296296296296
厮杀,14.1428571
撕开,8.380952380952381
撕裂,11.333333333333334
嘶叫,13.0
死党,12.555555555555555
死敌,10.75
死胡同,11.523809523809524
死灰复燃,13.434782608695652
死火山,12.92
死角,11.652173913043478
死结,11.666666666666666
死囚,11.814814814814815
死去,10.333333333333334
死人,8.777777777777779
死伤,10.772727272727273
死神,12.1
死守,12.35
死亡,11.0
死心,12.409090909090908
死刑,12.052631578947368
死因,12.272727272727273
死者,8.555555555555555
四边形,8.478260869565217
四不象,12.884615384615385
四处,9.894736842105264
四方,10.476190476190476
四海,11.481481481481481
四合院,13.523809523809524
四季,10.0
四面楚歌,13.038461538461538
四起,15.1111111
四肢,7.9
四周,9.6
寺庙,8.75
寺院,10.0
伺候,11.157894736842104
伺机,13.409090909090908
饲料,9.55
饲养,8.65
肆虐,13.434782608695652
松绑,10.909090909090908
松弛,14.75
松驰,13.555555555555555
松动,10.1
松紧,8.65
松软,10.25
松散,11.047619047619047
松鼠,6.619047619047619
松树,6.176470588235294
松懈,14.0625
怂恿,13.31578947368421
耸立,13.136363636363637
宋朝,10.047619047619047
送别,11.857142857142858
送达,11.80952380952381
送到,6.7368421052631575
送给,6.85
送行,10.842105263157896
送回,9.777777777777779
送货,11.8
送客,10.333333333333334
送礼,9.0
送命,11.772727272727273
送去,9.166666666666666
送入,9.11111111111111
诵读,8.954545454545455
颂赞,12.5
搜捕,11.619047619047619
搜查,13.476190476190476
搜集,12.263157894736842
搜救,10.8421053
搜身,11.24
搜索,12.26086956521739
搜索引擎,15.25
搜寻,11.318181818181818
苏打,14.076923076923077
苏联,13.173913043478262
苏醒,10.95
酥软,13.962962962962964
俗称,10.571428571428571
俗气,12.272727272727273
俗语,10.291666666666666
夙敌,15.15
夙怨,13.80952380952381
诉称,15.88888888888889
诉苦,11.38888888888889
诉求,15.478260869565217
诉说,11.772727272727273
诉讼,15.521739130434783
诉诸,17.0
诉状,14.470588235294118
肃静,11.115384615384615
肃穆,14.117647058823529
肃然起敬,13.08695652173913
素材,13.181818181818182
素描,11.7619048
素色,13.052631578947368
素食,12.047619047619047
素颜,13.714285714285714
素养,12.476190476190476
素有,14.3125
素质,11.73913043478261
速递,14.285714285714286
速度,7.636363636363637
速滑,14.25
速率,13.85
粟米,13.346153846153847
塑胶,10.545454545454545
塑料,8.166666666666666
塑像,10.0
塑造,11.952380952380953
溯源,16.8421053
酸碱度,13.681818181818182
酸奶,11.0
酸痛,12.0
酸性,12.636363636363637
酸雨,14.19047619047619
蒜头,8.666666666666666
算法,11.842105263157896
算计,12.772727272727273
算命,11.714285714285714
算盘,10.15
算数,8.272727272727273
算账,11.2
算作,13.043478260869565
虽然,9.36
随笔,14.3125
随便,10.0
随从,12.0
随行,11.5625
随后,10.68421052631579
随机,12.875
随机数,12.846153846153847
随机应变,11.538461538461538
随军,14.615384615384615
随迁,13.428571428571429
随身,9.571428571428571
随时,10.909090909090908
随同,12.058823529411764
随意,10.681818181818182
岁数,11.047619047619047
岁月,11.863636363636363
碎片,10.666666666666666
碎石,9.842105263157896
隧道,9.7
孙女,8.166666666666666
孙子,9.35
损害,11.368421052631579
损耗,14.166666666666666
损坏,10.055555555555555
损毁,12.157894736842104
损人利己,12.12
损伤,10.714285714285714
损失,12.0
损益,14.894736842105264
唆使,14.636363636363637
蓑衣,12.105263157894736
缩短,10.5789474
缩减,13.217391304347826
缩量,16.666666666666668
缩水,13.5
缩小,10.666666666666666
缩写,10.625
缩影,12.947368421052632
所得,11.695652173913043
所属,13.5
所幸,12.869565217391305
所有,9.578947368421053
所在,12.25
所长,12.777777777777779
所作所为,12.26923076923077
索道,13.055555555555555
索赔,13.636363636363637
索取,12.2380952
索要,11.857142857142858
索引,14.636363636363637
琐事,11.904761904761905
琐碎,12.125
锁定,12.391304347826088
锁匠,11.391304347826088
锁链,12.478260869565217
锁头,9.545454545454545
他国,11.380952380952381
他人,10.090909090909092
他日,12.318181818181818
他乡,11.31578947368421
塌方,13.090909090909092
塌陷,13.105263157894736
塔吊,13.7
塔顶,11.157894736842104
塔尖,11.555555555555555
塔楼,11.8
踏板,11.2
踏青,10.473684210526315
踏入,10.518518518518519
踏实,11.636363636363637
踏足,13.285714285714286
胎儿,9.444444444444445
胎记,9.05
胎生,14.590909090909092
台币,14.0
台词,12.8
台风,10.05
台阶,7.75
台面,11.666666666666666
台球,12.894736842105264
台上,10.045454545454545
台长,13.473684210526315
台账,16.19047619047619
抬高,9.15
抬举,11.68421052631579
抬升,11.3
抬头,7.6521739130434785
苔藓,11.863636363636363
太多,9.090909090909092
太公,12.761904761904763
太好,8.304347826086957
太后,11.625
太极,11.3
太监,11.346153846153847
太空,10.625
太空站,14.909090909090908
太庙,13.857142857142858
太平,11.095238095238095
太阳,5.9523809523809526
太阳灯,12.363636363636363
太阳能,11.038461538461538
太医,12.464285714285714
太子,10.705882352941176
态度,10.5625
态势,14.0
泰斗,17.333333333333332
泰国,11.238095238095237
泰然,13.863636363636363
泰文,15.647058823529411
坍方,13.4
坍塌,12.095238095238095
贪得无厌,12.615384615384615
贪腐,13.842105263157896
贪官,12.157894736842104
贪婪,13.38888888888889
贪图,13.15
贪污,12.789473684210526
贪心,10.703703703703704
贪欲,11.8
摊点,12.11111111111111
摊贩,11.555555555555555
摊牌,12.826086956521738
摊位,12.631578947368421
摊主,11.666666666666666
滩头,15.08695652173913
滩涂,15.6875
瘫痪,12.31578947368421
昙花一现,13.727272727272727
谈到,10.3333333
谈话,9.652173913043478
谈及,12.545454545454545
谈论,12.3
谈判,11.714285714285714
谈谈,9.045454545454545
谈天,12.0
谈心,11.263157894736842
檀香,14.045454545454545
忐忑,14.38888888888889
坦白,11.347826086956522
坦诚,11.608695652173912
坦承,11.857142857142858
坦克,7.842105263157895
坦率,12.764705882352942
坦然,13.157894736842104
坦言,13.636363636363637
袒护,11.19047619047619
袒露,12.923076923076923
毯子,9.346153846153847
叹气,10.565217391304348
叹息,11.3809524
炭笔,12.615384615384615
炭火,11.428571428571429
探病,11.0
探测,13.047619047619047
探底,16.22222222222222
探访,12.625
探戈,15.476190476190476
探究,13.304347826086957
探路,12.095238095238095
探秘,11.181818181818182
探明,13.05
探亲,11.05
探视,12.95
探索,10.105263157894736
探讨,13.181818181818182
探头,11.88888888888889
探望,9.894736842105264
探险,9.476190476190476
探险家,11.25925925925926
探寻,12.65
碳酸,12.45
汤匙,9.052631578947368
汤碗,9.0
汤圆,7.4
唐诗,7.954545454545454
唐突,14.863636363636363
堂皇,13.304347826086957
堂会,14.263157894736842
堂兄,10.434782608695652
搪瓷,13.833333333333334
糖果,6.2105263157894735
糖尿病,14.956521739130435
糖水,9.5
螳螂,8.904761904761905
倘若,10.481481481481481
倘佯,14.136363636363637
烫金,15.05
烫伤,8.772727272727273
烫手,7.8
掏空,11.85
掏钱,9.217391304347826
饕餮,19.133333333333333
逃避,11.0
逃窜,12.875
逃犯,11.666666666666666
逃课,10.347826086956522
逃离,9.857142857142858
逃跑,8.764705882352942
逃生,11.9375
逃税,16.045454545454547
逃脱,12.857142857142858
逃亡,13.380952380952381
逃往,11.31578947368421
逃逸,12.55
逃走,10.5
桃花,10.2
桃树,8.380952380952381
桃子,6.7368421052631575
陶瓷,10.222222222222221
陶器,11.19047619047619
陶冶,14.5
陶艺,13.210526315789474
陶醉,12.761904761904763
淘金,16.0
淘气,9.0
淘汰,9.368421052631579
淘汰制,14.333333333333334
讨伐,12.863636363636363
讨好,11.1578947
讨论,10.695652173913043
讨薪,16.714285714285715
讨厌,8.55
讨要,12.095238095238095
讨债,12.625
套餐,11.31578947368421
套房,15.333333333333334
套话,14.722222222222221
套件,13.695652173913043
套利,17.454545454545453
套路,16.863636363636363
套票,16.5
套取,14.1875
套数,15.647058823529411
套现,18.40909090909091
套用,15.0
套装,11.19047619047619
特别,8.826086956521738
特产,10.619047619047619
特大,10.173913043478262
特等,11.35
特点,10.545454545454545
特定,10.85
特稿,14.0
特工,14.0
特惠,12.842105263157896
特级,13.409090909090908
特辑,13.80952380952381
特技,13.0
特价,10.68421052631579
特警,11.904761904761905
特困,13.95
特例,12.55
特派,14.25
特聘,14.863636363636363
特勤,16.210526315789473
特区,12.590909090909092
特权,11.65
特色,11.2
特设,13.181818181818182
特使,16.1875
特殊,10.7
特务,12.8125
特效,13.285714285714286
特效药,14.304347826086957
特写,13.571428571428571
特性,11.764705882352942
特许,12.8125
特邀,13.227272727272727
特异,13.476190476190476
特有,12.904761904761905
特约,15.238095238095237
特长,10.875
特征,10.368421052631579
特制,11.0
特质,11.88888888888889
特种,13.421052631578947
特种部队,14.518518518518519
疼爱,8.421052631578947
疼痛,5.944444444444445
腾出,12.444444444444445
腾飞,14.473684210526315
腾空,11.904761904761905
腾挪,16.764705882352942
藤蔓,10.714285714285714
剔除,13.31578947368421
梯队,13.5555556
梯级,13.666666666666666
梯田,11.48
梯形,9.210526315789474
梯子,6.695652173913044
提案,17.666666666666668
提拔,17.55
提倡,11.476190476190476
提成,16.416666666666668
提出,8.947368421052632
提到,10.222222222222221
提灯,12.84
提法,14.904761904761905
提防,12.227272727272727
提高,8.782608695652174
提供,11.894736842105264
提货,13.529411764705882
提及,11.210526315789474
提价,12.5
提交,10.6190476
提款,12.68421052631579
提款机,13.894736842105264
提炼,13.095238095238095
提名,12.380952380952381
提起,8.9375
提前,9.217391304347826
提请,13.9375
提取,11.363636363636363
提神,12.105263157894736
提升,11.25
提示,10.2
提速,12.473684210526315
提问,6.7368421052631575
提心吊胆,11.428571428571429
提醒,10.15
提议,12.555555555555555
提早,8.578947368421053
提振,13.153846153846153
题材,13.3
题词,12.5
题名,11.956521739130435
题目,7.45
题写,12.7
题型,9.894736842105264
蹄子,9.555555555555555
体彩,15.55
体操,8.85
体操队,10.272727272727273
体察,12.884615384615385
体罚,12.5
体格,12.173913043478262
体会,11.5625
体积,12.1
体检,11.25
体力,10.380952380952381
体谅,12.380952380952381
体量,12.352941176470589
体面,13.8
体能,12.863636363636363
体魄,13.695652173913043
体态,15.047619047619047
体坛,14.238095238095237
体贴,10.368421052631579
体贴入微,11.72
体统,13.076923076923077
体味,11.6
体温,10.222222222222221
体系,15.6
体现,11.526315789473685
体型,12.333333333333334
体验,12.11111111111111
体育,10.68421052631579
体征,14.095238095238095
体制,16.285714285714285
体质,12.263157894736842
体重,9.31578947
剃刀,10.421052631578947
涕泣,12.28
替补,12.782608695652174
替代,11.318181818181818
替代品,12.24
替换,13.2
替身,12.095238095238095
天边,8.96
天才,10.125
天窗,10.736842105263158
天敌,10.421052631578947
天地,8.833333333333334
天鹅,8.0
天分,11.727272727272727
天府,15.136363636363637
天赋,11.68421052631579
天公,12.8125
天宫,12.0
天河,12.157894736842104
天花,12.9
天花板,10.26923076923077
天皇,14.047619
天价,12.142857142857142
天井,12.64
天空,5.238095238095238
天籁,13.625
天亮,6.6521739130434785
天伦,14.28
天马,11.941176470588236
天明,10.192307692307692
天幕,14.4
天平,11.5
天气,7.95
天桥,10.4
天然,11.3
天色,9.368421052631579
天生,11.454545454545455
天时,13.222222222222221
天使,7.421052631578948
天数,10.2
天台,12.136363636363637
天坛,13.695652173913043
天堂,13.85
天梯,14.407407407407407
天体,13.421052631578947
天王,12.45
天网恢恢,12.695652173913043
天文,11.5
天文台,12.37037037037037
天线,9.947368421052632
天性,12.0
天涯,11.45
天涯海角,11.954545454545455
天真,9.95
天真无邪,12.115384615384615
天主,13.571428571428571
天主教,14.48
天资,11.538461538461538
天子,11.782608695652174
添加,11.0
添置,13.75
田地,8.75
田鸡,10.105263157894736
田间,8.285714285714286
田径,10.666666666666666
田螺,9.35
田野,6.9411764705882355
田园,9.8125
恬静,13.727272727272727
甜点,8.863636363636363
甜瓜,9.428571428571429
甜美,11.142857142857142
甜蜜,10.0
甜品,7.6
甜头,10.529411764705882
填报,12.473684210526315
填补,10.68421052631579
填充,10.61111111111111
填埋,12.833333333333334
填写,9.31578947368421
填鸭,15.7
填鸭式,14.869565217391305
挑拨,12.925925925925926
挑逗,14.478260869565217
挑夫,11.88888888888889
挑起,10.285714285714286
挑剔,13.761904761904763
挑衅,13.263157894736842
挑选,10.1578947
挑战,10.304347826086957
挑战性,12.347826086956522
条幅,11.818181818181818
条件,12.5
条款,13.19047619047619
条理,12.19047619047619
条例,13.416666666666666
条文,14.157894736842104
条纹,9.666666666666666
条约,13.347826086956522
调兵遣将,13.08695652173913
调查,11.333333333333334
调查局,15.08695652173913
调处,16.058823529411764
调到,10.842105263157896
调动,11.25
调度,15.666666666666666
调和,13.55
调换,9.789473684210526
调集,14.833333333333334
调剂,13.555555555555555
调价,14.052631578947368
调教,14.761904761904763
调节,13.761904761904763
调解,13.894736842105264
调侃,13.6842105
调控,14.565217391304348
调离,14.136363636363637
调理,16.15
调料,8.523809523809524
调派,15.181818181818182
调配,13.473684210526315
调皮,7.611111111111111
调情,16.454545454545453
调取,13.869565217391305
调任,14.409090909090908
调色板,11.44
调试,13.478260869565217
调停,15.304347826086957
调头,11.61111111111111
调味,11.0
调戏,13.409090909090908
调研,15.526315789473685
调养,14.090909090909092
调整,11.4285714
调整期,13.4
调子,11.285714285714286
眺望,11.909090909090908
跳板,13.565217391304348
跳槽,17.842105263157894
跳出,9.466666666666667
跳动,8.31578947368421
跳级,10.947368421052632
跳空,17.4
跳楼,11.1428571
跳伞,11.19047619047619
跳绳,9.481481481481481
跳水,9.904761904761905
跳舞,7.9375
跳远,10.818181818181818
跳跃,8.043478260869565
帖子,12.35
贴吧,15.095238095238095
贴近,10.5
贴切,13.25
贴身,11.45
贴士,12.894736842105264
贴心,10.842105263157896
铁道,9.142857142857142
铁定,12.2
铁杆,12.944444444444445
铁轨,9.68421052631579
铁汉,12.95
铁匠,10.91304347826087
铁矿,9.857142857142858
铁路,10.7
铁门,9.65
铁皮,11.1
铁锹,9.181818181818182
铁桥,11.80952380952381
铁人,13.0
铁丝网,9.666666666666666
铁塔,11.227272727272727
铁蹄,13.0
铁锈,10.857142857142858
厅堂,11.407407407407407
厅长,15.6
听从,10.478260869565217
听到,9.0625
听话,7.85
听见,7.25
听觉,9.333333333333334
听课,7.571428571428571
听力,9.529411764705882
听命,13.407407407407407
听取,11.5625
听说,9.045454545454545
听天由命,11.5
听听,10.428571428571429
听闻,12.19047619047619
听证,13.944444444444445
听众,10.15
庭审,16.5
庭园,12.045454545454545
庭院,10.578947368421053
庭长,14.352941176470589
停办,13.444444444444445
停泊,13.333333333333334
停步,10.136363636363637
停产,13.736842105263158
停车,8.80952380952381
停车场,11.227272727272727
停电,7.904761904761905
停顿,10.263157894736842
停放,12.0
停工,13.304347826086957
停机,14.409090909090908
停机坪,13.5
停靠,12.15
停课,9.380952380952381
停留,10.0
停牌,16.63157894736842
停球,12.705882352941176
停售,13.26086956521739
停水,8.090909090909092
停下,7.869565217391305
停歇,11.157894736842104
停业,13.235294117647058
停运,14.157894736842104
停战,11.461538461538462
停职,14.454545454545455
停止,8.57142857
停滞,12.19047619047619
挺拔,10.571428571428571
挺进,13.9375
挺身而出,11.571428571428571
挺胸,11.363636363636363
挺直,10.5
通报,13.217391304347826
通病,11.95
通常,9.076923076923077
通畅,10.545454545454545
通车,10.2
通称,13.0
通吃,12.6
通达,14.25
通道,10.210526315789474
通电,11.954545454545455
通风,9.944444444444445
通告,13.052631578947368
通关,10.904761904761905
通过,10.136363636363637
通行,10.9375
通行证,12.590909090909092
通航,15.15
通红,8.7
通话,9.9
通话费,13.818181818181818
通婚,15.592592592592593
通货膨胀,17.444444444444443
通缉,12.727272727272727
通路,13.210526315789474
通明,13.5
通情达理,13.090909090909092
通融,13.521739130434783
通商,12.954545454545455
通俗,11.75
通透,13.75
通往,10.26086956521739
通向,13.4375
通宵,11.714285714285714
通宵达旦,13.925925925925926
通信,12.6
通讯,11.095238095238095
通讯社,13.904761904761905
通知,8.333333333333334
同班,8.058823529411764
同伴,7.5
同胞,10.772727272727273
同比,14.047619047619047
同步,13.80952380952381
同窗,11.608695652173912
同党,11.631578947368421
同等,9.842105263157896
同行,12.863636363636363
同化,14.25
同伙,10.4
同级,12.833333333333334
同居,16.9
同类,10.631578947368421
同龄,9.333333333333334
同盟,13.88888888888889
同盟国,14.25925925925926
同名,10.578947368421053
同情,9.19047619047619
同情心,11.0
同仁,15.65
同时,8.65
同事,16.894736842105264
同乡,11.6315789
同心,12.521739130434783
同心协力,12.090909090909092
同性,13.3
同性恋,17.11111111111111
同学,6.714285714285714
同样,7.916666666666667
同业,15.833333333333334
同一,10.833333333333334
同义,10.045454545454545
同意,8.26086956521739
同志,11.136363636363637
同桌,6.260869565217392
铜牌,11.263157894736842
铜器,13.391304347826088
铜钱,10.285714285714286
铜像,9.941176470588236
童工,12.304347826086957
童话,7.526315789473684
童年,9.727272727272727
童趣,12.2380952
童叟无欺,13.434782608695652
童心,12.285714285714286
童星,11.047619047619047
童谣,9.090909090909092
童装,7.875
瞳孔,11.26086956521739
统称,11.636363636363637
统筹,15.952380952380953
统计,10.181818181818182
统计学,14.72
统考,12.2
统领,13.0
统率,13.23076923076923
统一,10.95
统治,12.157894736842104
统治者,13.318181818181818
痛楚,12.909090909090908
痛风,16.473684210526315
痛恨,11.954545454545455
痛哭,8.666666666666666
痛苦,9.368421052631579
痛快,10.142857142857142
痛骂,10.0
痛失,14.4
痛心,11.45
偷盗,10.35
偷渡,14.272727272727273
偷工减料,14.478260869565217
偷窥,12.4
偷懒,8.052631578947368
偷拍,14.363636363636363
偷窃,8.65
偷生,14.74074074074074
偷走,9.3
头版,13.26086956521739
头部,10.875
头筹,14.333333333333334
头等,11.75
头等舱,14.04
头发,5.375
头盖骨,13.307692307692308
头号,10.428571428571429
头昏,10.925925925925926
头昏脑胀,10.846153846153847
头盔,9.571428571428571
头领,12.25925925925926
头颅,9.235294117647058
头名,11.2307692
头目,11.590909090909092
头脑,11.238095238095237
头皮,11.523809523809524
头球,11.473684210526315
头饰,11.038461538461538
头胎,13.772727272727273
头疼,7.15
头条,15.11111111111111
头痛,10.2
头衔,12.631578947368421
头像,10.777777777777779
头晕,9.38888888888889
投案,15.578947368421053
投保,15.476190476190476
投奔,14.047619047619047
投标,17.57894736842105
投产,15.7777778
投档,16.304347826086957
投递,12.227272727272727
投放,14.45
投稿,13.619047619047619
投给,10.55
投机,15.105263157894736
投降,9.944444444444445
投靠,10.76
投篮,11.043478260869565
投票,9.045454545454545
投票箱,12.0
投入,11.217391304347826
投射,13.176470588235293
投身,14.294117647058824
投手,13.909090909090908
投诉,14.105263157894736
投诉信,12.863636363636363
投胎,13.210526315789474
投向,13.25
投宿,13.653846153846153
投影,12.952381
投缘,12.44
投掷,10.476190476190476
投中,10.428571428571429
投注,15.375
投资,16.304347826086957
投资者,14.48
骰子,10.56
透彻,13.19047619047619
透过,10.818181818181818
透露,13.0
透明,8.5
透气,10.7
透视,11.105263157894736
透析,13.80952380952381
透支,13.666666666666666
凸显,11.68421052631579
秃头,10.76
秃鹰,10.142857142857142
突变,11.80952380952381
突出,12.45
突发,10.4
突击,12.25
突破,10.909090909090908
突破性,13.185185185185185
突然,9.909090909090908
突入,15.11111111111111
突围,13.227272727272727
突兀,12.85
突袭,11.263157894736842
突显,12.652173913043478
图案,9.25
图标,11.85
图表,10.25
图画,6.809523809523809
图鉴,14.0
图景,11.952380952380953
图谋,13.294117647058824
图片,6.3125
图书,7.2727272727272725
图书馆,10.407407407407407
图腾,12.91304347826087
图文,10.904761904761905
图像,10.238095238095237
图形,6.421052631578948
图纸,10.8
荼毒,14.523809523809524
徒步,10.944444444444445
徒弟,12.3
徒劳,13.136363636363637
徒手,9.842105263157896
途经,12.285714285714286
途径,13.80952380952381
涂料,10.333333333333334
涂抹,10.944444444444445
涂鸦,12.421052631578947
屠夫,10.909090909090908
屠杀,12.473684210526315
屠宰,10.7894737
土地,7.913043478260869
土地改革,14.178571428571429
土豆,7.136363636363637
土方,15.88888888888889
土匪,11.521739130434783
土风舞,14.4375
土坑,10.0
土路,10.714285714285714
土气,11.62962962962963
土壤,7.416666666666667
土生土长,10.521739130434783
土石流,14.7
土葬,13.608695652173912
土著,14.210526315789474
吐血,9.95
兔唇,13.181818181818182
兔子,5.0
湍流,14.5
团队,11.272727272727273
团购,17.434782608695652
团伙,11.947368421052632
团结,10.529411764705882
团聚,10.68421052631579
团体,10.318181818181818
团体赛,12.142857142857142
团团,12.5789474
团员,12.285714285714286
团圆,10.0
团长,11.73913043478261
推测,12.8125
推迟,10.26086956521739
推崇,13.142857142857142
推出,10.409090909090908
推倒,9.2
推动,11.7
推断,12.7
推翻,12.052631578947368
推杆,14.157894736842104
推给,13.352941176470589
推广,12.68421052631579
推行,11.772727272727273
推荐,11.047619047619047
推介,16.3
推进,12.75
推进剂,16.705882352941178
推举,14.4
推开,8.818181818181818
推理,12.578947368421053
推力,13.409090909090908
推拿,13.0
推敲,11.5
推搡,12.045454545454545
推手,17.625
推算,13.2
推脱,13.4375
推诿,12.666666666666666
推向,10.9
推销,11.705882352941176
推销员,13.304347826086957
推卸,11.9333333
推选,14.666666666666666
推移,13.476190476190476
颓废,14.454545454545455
颓势,12.263157894736842
腿部,6.35
腿脚,8.11111111111111
退保,18.38888888888889
退避,11.956521739130435
退步,8.846153846153847
退场,11.578947368421053
退出,11.38888888888889
退房,13.38888888888889
退还,9.476190476190476
退化,12.842105263157896
退换,12.571428571428571
退回,9.789473684210526
退货,14.2631579
退居,14.043478260869565
退款,13.090909090909092
退路,12.55
退票,11.238095238095237
退让,11.125
退赛,12.526315789473685
退烧,8.904761904761905
退烧药,9.142857142857142
退市,17.61111111111111
退税,17.09090909090909
退缩,11.0
退伍,14.217391304347826
退休,13.473684210526315
退休金,13.72
退学,11.823529411764707
退役,14.736842105263158
退隐,14.653846153846153
蜕变,14.363636363636363
褪色,12.2380952
吞噬,13.0
吞吐,11.91304347826087
吞咽,9.052631578947368
屯兵,14.666666666666666
囤积,13.73913043478261
臀部,8.428571428571429
托儿所,10.12
托福,16.125
托付,14.0
托管,12.19047619047619
托运,12.181818181818182
拖车,11.55
拖拉,11.88888888888889
拖累,11.35
拖泥带水,12.555555555555555
拖欠,12.85
拖鞋,6.473684210526316
拖延,10.590909090909092
脱掉,9.0
脱发,12.333333333333334
脱节,12.842105263157896
脱离,10.714285714285714
脱硫,18.5555556
脱落,10.85
脱贫,15.0
脱身,11.666666666666666
脱水,12.578947368421053
脱下,7.045454545454546
脱险,11.4
脱衣舞,15.043478260869565
陀螺,8.652173913043478
驼背,10.476190476190476
驼峰,12.523809523809524
鸵鸟,9.263157894736842
鸵鸟政策,18.071428571428573
妥当,11.68421052631579
妥善,13.0
妥协,13.3125
椭圆,10.73913043478261
拓荒,13.96
拓荒者,15.227272727272727
拓宽,14.15
拓展,12.5
唾弃,11.64
唾液,10.136363636363637
挖掘,10.285714285714286
挖苦,12.26086956521739
洼地,10.705882352941176
蛙人,14.555555555555555
娃娃,7.666666666666667
瓦解,13.5625
瓦砾,12.772727272727273
瓦片,9.863636363636363
瓦斯,13.863636363636363
袜子,7.285714285714286
歪理,11.347826086956522
歪曲,13.619047619047619
外包,14.68421052631579
外币,11.25
外表,11.88888888888889
外出,10.05
外传,13.227272727272727
外地,9.4
外方,13.375
外观,10.88888888888889
外国,9.61111111111111
外行,12.789473684210526
外号,8.210526315789474
外环,13.904761904761905
外患,13.304347826086957
外汇,18.5
外籍,13.0
外加,12.7647059
外交,13.782608695652174
外交部,13.869565217391305
外界,12.590909090909092
外景,13.0
外卡,17.0
外科,12.916666666666666
外壳,7.631578947368421
外来,11.470588235294118
外来词,13.714285714285714
外力,12.782608695652174
外流,14.421052631578947
外卖,16.565217391304348
外贸,14.652173913043478
外貌,10.052631578947368
外墙,12.352941176470589
外人,9.210526315789474
外伤,10.863636363636363
外商,16.3333333
外甥,10.761904761904763
外省,11.238095238095237
外事,14.75
外孙,7.956521739130435
外逃,13.428571428571429
外套,7.318181818181818
外围,13.4
外文,11.45
外线,13.95
外向,10.368421052631579
外销,15.285714285714286
外泄,14.5
外星人,10.964285714285714
外形,8.0
外延,17.3157895
外衣,9.3
外语,9.75
外遇,15.608695652173912
外援,14.272727272727273
外在,11.421052631578947
外债,15.227272727272727
外资,14.45
外族,12.409090909090908
外祖母,8.444444444444445
弯道,10.9
弯路,10.08695652173913
弯曲,12.1875
弯腰,8.6
蜿蜒,13.6875
豌豆,9.761904761904763
完败,12.047619047619047
完备,12.764705882352942
完毕,10.6875
完成,7.2727272727272725
完蛋,10.173913043478262
完工,13.80952380952381
完好,11.714285714285714
完结,11.736842105263158
完美,10.35
完全,10.090909090909092
完善,12.0
完整,11.7
玩法,10.210526315789474
玩家,13.555555555555555
玩具,7.5
玩乐,11.578947368421053
玩弄,11.416666666666666
玩偶,8.904761904761905
玩耍,8.619047619047619
玩玩,7.2105263157894735
玩味,16.2631579
玩笑,9.826086956521738
顽固,13.772727272727273
顽疾,14.9
顽强,10.476190476190476
顽童,11.363636363636363
宛如,12.291666666666666
挽回,13.052631578947368
挽救,11.944444444444445
挽留,12.565217391304348
晚报,12.136363636363637
晚餐,6.695652173913044
晚点,11.263157894736842
晚饭,5.882352941176471
晚会,10.736842105263158
晚节,13.192307692307692
晚年,13.851851851851851
晚上,6.68
晚宴,12.227272727272727
晚装,13.105263157894736
惋惜,11.0
婉拒,13.181818181818182
婉转,13.0
碗筷,7.703703703703703
万恶,13.590909090909092
万贯家财,12.0
万国,13.75
万花筒,10.76923076923077
万里长城,8.4
万能,11.125
万能胶,11.136363636363637
万念俱灰,15.521739130434783
万人空巷,13.347826086956522
万事,11.409090909090908
万岁,11.238095238095237
万物,10.952380952380953
万幸,11.047619047619047
万有引力,14.523809523809524
万丈深渊,13.407407407407407
万众,11.681818181818182
腕表,10.25
腕力,11.727272727272727
汪洋,11.2
汪洋大海,12.863636363636363
亡国,13.5
亡灵,12.904761904761905
亡命,12.652173913043478
亡羊补牢,11.15
王储,14.565217391304348
王道,15.45
王法,13.043478260869565
王妃,10.45
王府,11.157894736842104
王冠,12.0
王国,10.333333333333334
王后,10.363636363636363
王牌,10.473684210526315
王室,12.904761904761905
王者,15.25
王子,7.0
王族,12.04
网吧,13.75
网点,15.761904761904763
网店,14.947368421052632
网格,10.619047619047619
网开一面,13.217391304347826
网罗,12.947368421052632
网络,11.2
网民,14.75
网名,12.173913043478262
网签,17.666666666666668
网球,11.6
网球场,12.115384615384615
网商,17.066666666666666
网坛,15.55
网帖,14.19047619047619
网页,11.764705882352942
网游,14.9375
网友,14.681818181818182
网站,15.714285714285714
网址,14.666666666666666
枉然,13.391304347826088
往返,9.421052631578947
往届,11.95
往来,13.166666666666666
往日,10.4
往事,13.75
妄想,12.115384615384615
妄言,13.869565217391305
忘掉,8.0
忘恩负义,11.782608695652174
忘记,7.888888888888889
忘却,10.5
忘我,13.157894736842104
旺季,9.904761904761905
旺盛,11.0
望见,10.23076923076923
望族,13.619047619047619
危房,16.0
危害,10.0
危机,12.0
危机感,14.181818181818182
危及,12.217391304347826
危急,12.227272727272727
危楼,12.333333333333334
危难,12.05
危险,7.45
危言,14.28
危言耸听,13.65
危重,12.454545454545455
威逼,13.363636363636363
威风,11.444444444444445
威风凛凛,12.952380952380953
威力,11.157894736842104
威慑,12.38888888888889
威势,13.666666666666666
威望,12.136363636363637
威武,10.727272727272727
威吓,12.071428571428571
威胁,11.08695652173913
威信,13.526315789473685
威严,10.9375
偎依,12.846153846153847
微薄,14.0
微波,14.526315789473685
微波炉,12.173913043478262
微博,15.909090909090908
微不足道,11.6
微创,18.19047619047619
微电脑,17.227272727272727
微风,7.9375
微观,15.26086956521739
微积分,16.761904761904763
微利,16.0
微妙,11.545454545454545
微弱,10.75
微调,13.428571428571429
微微,11.166666666666666
微小,8.68421052631579
微笑,5.2631578947368425
微型,12.0
巍峨,10.92
为富不仁,13.26923076923077
为难,10.055555555555555
为期,12.75
为人,11.526315789473685
违背,12.3125
违法,11.476190476190476
违反,9.904761904761905
违规,11.823529411764707
违纪,12.3125
违禁,13.318181818181818
违禁品,15.0
违抗,11.88
违约,16.238095238095237
违章,15.285714285714286
围城,15.047619047619047
围堵,12.95
围攻,12.15
围观,11.65
围剿,12.681818181818182
围巾,7.2105263157894735
围困,12.772727272727273
围栏,8.8
围棋,11.35
围墙,9.869565217391305
围绕,10.875
围住,11.0
桅杆,11.476190476190476
唯美,10.947368421052632
唯心论,16.074074074074073
唯一,10.15
帷幕,13.833333333333334
惟独,12.380952380952381
惟一,11.3
维持,12.105263157894736
维度,17.0
维和,14.166666666666666
维护,13.789473684210526
维权,14.454545454545455
维系,14.0
维修,11.666666666666666
维修费,12.0
伟大,10.421052631578947
伟人,11.4210526
伟业,11.956521739130435
伪善,13.476190476190476
伪造,14.363636363636363
伪装,14.65
尾巴,8.904761904761905
尾灯,11.458333333333334
尾号,11.736842105263158
尾盘,17.875
尾气,12.130434782608695
尾声,12.0
尾数,10.782608695652174
尾随,14.263157894736842
纬度,14.823529411764707
委派,14.368421052631579
委屈,9.090909090909092
委任,14.2857143
委任状,14.15
委托,12.666666666666666
委婉,11.904761904761905
委员,12.5
委员会,12.954545454545455
萎靡,14.181818181818182
萎缩,13.380952380952381
猥琐,13.666666666666666
猥亵,16.0
卫兵,10.571428571428571
卫冕,14.1
卫生,7.5
卫生纸,8.148148148148149
卫士,12.95
卫星,12.105263157894736
卫浴,10.272727272727273
未定,12.11111111111111
未果,12.333333333333334
未婚,11.761904761904763
未婚妻,13.652173913043478
未经,15.5789474
未来,11.347826086956522
未遂,15.05
未雨绸缪,13.095238095238095
未知,10.6
未知数,11.52
位居,13.045454545454545
位列,14.105263157894736
位数,10.545454545454545
位于,9.95
位置,9.65
位子,7.869565217391305
味道,8.625
味精,8.3
味蕾,13.608695652173912
畏惧,11.3125
畏缩,10.56
胃癌,14.19047619047619
胃病,13.285714285714286
胃肠,11.666666666666666
胃口,10.1875
胃溃疡,14.318181818181818
胃酸,13.363636363636363
喂食,7.2272727272727275
喂养,10.761904761904763
蔚蓝,10.428571428571429
慰藉,13.105263157894736
慰劳,12.380952380952381
慰问,10.75
温饱,13.722222222222221
温差,12.9
温床,12.555555555555555
温度,8.5
温度计,9.36
温和,8.5
温暖,10.263157894736842
温情,11.80952380952381
温泉,12.35
温柔,11.052631578947368
温润,12.8888889
温室,12.26086956521739
温水,8.136363636363637
温婉,15.4
温习,11.409090909090908
温馨,10.80952380952381
温驯,13.727272727272727
瘟疫,13.818181818181818
文本,13.625
文笔,11.947368421052632
文档,12.722222222222221
文风,15.173913043478262
文稿,12.272727272727273
文官,13.222222222222221
文化,10.478260869565217
文化界,12.68
文件,11.842105263157896
文静,8.764705882352942
文具,7.473684210526316
文具店,6.857142857142857
文科,13.863636363636363
文理,14.047619
文盲,11.73913043478261
文明,10.619047619047619
文明人,12.75
文凭,14.047619047619047
文人,12.5
文史,12.652173913043478
文士,14.909090909090908
文书,13.19047619047619
文坛,12.863636363636363
文体,11.95
文武,11.818181818181818
文物,11.9
文献,14.842105263157896
文学,9.631578947368421
文学奖,12.84
文艺,12.318181818181818
文艺复兴,14.2
文章,8.88888888888889
文字,6.421052631578948
纹理,12.285714285714286
闻风丧胆,11.357142857142858
闻名,11.9
闻讯,13.95
蚊虫,8.15
蚊帐,10.454545454545455
蚊子,7.363636363636363
吻合,13.578947368421053
紊乱,14.545454545454545
稳操胜券,13.304347826086957
稳定,10.5
稳固,11.2
稳健,12.636363636363637
稳妥,13.3125
稳稳,11.95
稳重,13.3125
稳住,11.428571428571429
问答,8.714285714285714
问道,12.9375
问鼎,16.2666667
问好,7.318181818181818
问号,10.476190476190476
问候,10.047619047619047
问及,11.61111111111111
问卷,10.3
问世,13.833333333333334
问题,9.1
问问,8.666666666666666
问询,12.555555555555555
问责,14.0
问政,17.294117647058822
问罪,12.727272727272727
涡轮,16.952380952380953
窝藏,12.869565217391305
窝点,14.619047619047619
窝囊,12.227272727272727
窝心,14.363636363636363
蜗牛,6.526315789473684
我方,13.5
我国,9.217391304347826
我军,11.9
沃土,12.789473684210526
卧病,11.727272727272727
卧床,10.666666666666666
卧底,13.5
卧室,8.473684210526315
卧薪尝胆,12.863636363636363
握拳,10.521739130434783
握手,8.777777777777779
握有,11.818181818181818
握住,8.272727272727273
斡旋,17.35
乌龟,5.578947368421052
乌合之众,12.814814814814815
乌龙,13.875
乌鸦,8.285714285714286
乌烟瘴气,13.19047619047619
乌云,8.578947368421053
污点,12.636363636363637
污秽,14.62962962962963
污泥,9.23809524
污染,11.476190476190476
污染物,11.636363636363637
污辱,13.318181818181818
污水,9.333333333333334
巫婆,11.555555555555555
巫师,12.095238095238095
巫术,11.6
呜呼,11.884615384615385
诬告,11.105263157894736
诬蔑,13.130434782608695
屋顶,9.590909090909092
屋檐,9.4375
屋子,7.695652173913044
无比,10.95
无边,11.619047619047619
无常,12.476190476190476
无偿,13.3
无耻,11.407407407407407
无敌,9.6
无毒,10.6
无独有偶,12.583333333333334
无端,13.91304347826087
无法,10.2
无缝,13.055555555555555
无辜,11.772727272727273
无故,11.636363636363637
无关,9.5
无害,9.526315789473685
无悔,11.666666666666666
无家可归,11.523809523809524
无尽,11.142857142857142
无可奉告,13.619047619047619
无礼,11.217391304347826
无理,11.9
无力,9.45
无聊,11.45
无论如何,10.05
无名,11.714285714285714
无名氏,12.904761904761905
无奈,13.052631578947368
无能,11.818181818181818
无情,9.7
无穷,11.3
无权,12.318181818181818
无人,9.238095238095237
无声,11.3125
无事生非,12.192307692307692
无视,11.55
无私,11.375
无损,12.428571428571429
无条件,10.130434782608695
无望,13.25
无畏,11.352941176470589
无误,11.1875
无暇,13.590909090909092
无限,11.736842105263158
无限大,13.692307692307692
无线,16.0
无线电,14.090909090909092
无效,10.571428571428571
无心,11.263157894736842
无形,12.954545454545455
无序,11.7
无烟,10.61111111111111
无恙,13.391304347826088
无业,15.35
无依无靠,12.363636363636363
无疑,11.0
无异,12.11111111111111
无益,12.444444444444445
无意,11.555555555555555
无用,9.894736842105264
无缘,13.285714285714286
无照,15.333333333333334
无知,12.578947368421053
无中生有,11.5
无助,12.0
无罪,11.608695652173912
梧桐,9.272727272727273
蜈蚣,10.25925925925926
五百,8.884615384615385
五边形,10.052631578947368
五彩,9.555555555555555
五官,9.095238095238095
五行,13.434782608695652
五金,12.291666666666666
五雷轰顶,11.76
五线谱,11.88
五星,8.0
五洲,11.222222222222221
五子棋,10.4
午餐,6.304347826086956
午饭,6.318181818181818
午后,9.761904761904763
午盘,14.764705882352942
午睡,8.23076923076923
午休,8.894736842105264
午夜,11.0
伍长,12.642857142857142
妩媚,14.235294117647058
武打,10.7
武断,12.578947368421053
武功,9.0
武将,11.777777777777779
武警,10.409090909090908
武力,12.0952381
武林,10.80952380952381
武器,9.428571428571429
武器库,11.476190476190476
武士,11.565217391304348
武术,8.6875
武侠,11.08695652173913
武艺,10.714285714285714
武装,12.238095238095237
侮辱,10.545454545454545
侮辱性,12.91304347826087
捂住,9.85
舞伴,10.727272727272727
舞弊,13.8
舞步,9.2
舞蹈,6.7894736842105265
舞动,10.0
舞会,10.777777777777779
舞剧,11.526315789473685
舞狮,10.538461538461538
舞台,9.238095238095237
舞者,12.95
舞姿,11.55
务必,12.363636363636363
务工,14.3
务农,10.714285714285714
务求,14.11111111111111
务实,14.0
物极必反,13.772727272727273
物价,11.1
物件,10.25
物竞天择,15.583333333333334
物理,12.826086956521738
物理学,13.178571428571429
物力,15.625
物料,15.05
物流,15.125
物品,8.523809523809524
物色,14.333333333333334
物体,9.058823529411764
物业,14.875
物证,13.136363636363637
物质,13.476190476190476
物种,13.428571428571429
物资,10.31578947368421
误差,11.9
误导,12.055555555555555
误会,13.05
误解,11.421052631578947
误判,15.11111111111111
误区,11.333333333333334
误入歧途,14.272727272727273
误杀,13.142857142857142
误伤,13.631578947368421
悟性,12.318181818181818
雾气,9.571428571428571
夕阳,10.619047619047619
西岸,11.583333333333334
西部,10.36
西餐,11.263157894736842
西餐厅,13.045454545454545
西藏,12.272727272727273
西方,11.115384615384615
西瓜,5.57894737
西门,9.761904761904763
西式,13.136363636363637
西药,11.65
西医,12.523809523809524
西装,10.625
吸毒,13.736842105263158
吸附,12.777777777777779
吸金,15.818181818181818
吸力,13.777777777777779
吸纳,12.80952380952381
吸气,8.434782608695652
吸取,11.473684210526315
吸热,12.714285714285714
吸入,10.235294117647058
吸食,13.68421052631579
吸收,11.136363636363637
吸吮,11.5
吸烟,8.33333333
吸引,8.952380952380953
吸引力,11.095238095238095
希冀,13.789473684210526
希望,8.380952380952381
昔日,12.909090909090908
唏嘘,13.8125
牺牲,10.782608695652174
息怒,12.31578947368421
息事宁人,13.409090909090908
奚落,15.391304347826088
悉数,13.85
悉心,12.333333333333334
稀薄,11.695652173913043
稀罕,11.4
稀奇,11.2
稀缺,11.95
稀少,9.421052631578947
稀释,13.636363636363637
稀土,15.444444444444445
稀有,9.894736842105264
犀利,12.545454545454545
犀牛,10.28
锡纸,12.952380952380953
溪谷,11.5
溪流,9.428571428571429
溪水,8.9
熙攘,15.19047619047619
蜥蜴,9.346153846153847
熄火,12.55
熄灭,10.5
嘻笑,9.578947368421053
膝盖,6.842105263157895
嬉戏,8.318181818181818
嬉笑,10.74074074074074
蟋蟀,10.347826086956522
习惯,9.545454545454545
习俗,9.578947368421053
习武,10.6
习性,12.0
习作,11.76923076923077
席地,12.95
席间,12.454545454545455
席卷,15.3125
席位,12.55
袭击,11.6875
媳妇,10.285714285714286
洗车,9.19047619047619
洗尘,14.04
洗涤,11.294117647058824
洗劫,11.947368421052632
洗净,8.75
洗礼,15.681818181818182
洗牌,13.904761904761905
洗钱,18.0
洗手,4.421052631578948
洗手间,8.454545454545455
洗漱,6.1
洗衣,8.38888888888889
洗衣机,11.0
洗浴,9.8
洗冤,14.26923076923077
洗澡,4.7894736842105265
喜爱,8.277777777777779
喜好,8.555555555555555
喜欢,9.526315789473685
喜获,12.714285714285714
喜剧,12.095238095238095
喜乐,11.0
喜庆,9.736842105263158
喜人,12.4444444
喜事,9.304347826086957
喜帖,11.210526315789474
喜讯,10.136363636363637
喜迎,14.31578947368421
喜悦,8.619047619047619
戏称,13.227272727272727
戏份,14.368421052631579
戏剧,10.666666666666666
戏剧性,13.956521739130435
戏码,15.619047619047619
戏迷,11.681818181818182
戏弄,13.115384615384615
戏曲,10.608695652173912
戏谑,14.842105263157896
戏院,11.117647058823529
系列,10.894736842105264
系数,14.80952380952381
系统,14.4761905
系统化,13.296296296296296
系主任,13.8
细胞,13.333333333333334
细胞核,14.304347826086957
细分,11.85
细化,13.3125
细节,11.478260869565217
细菌,11.904761904761905
细菌战,14.272727272727273
细看,9.363636363636363
细腻,12.55
细微,11.55
细细,9.941176470588236
细小,8.631578947368421
细心,10.0
细雨,7.833333333333333
细则,13.5
细致,12.0
虾酱,12.142857142857142
虾米,10.333333333333334
瞎说,9.666666666666666
瞎眼,10.538461538461538
瞎子,8.619047619047619
匣子,11.5
侠盗,14.217391304347826
侠义,12.91304347826087
峡谷,11.85
狭隘,13.7
狭小,10.65
狭义,11.681818181818182
狭窄,10.263157894736842
遐想,11.409090909090908
瑕疵,11.05
辖区,14.6
下巴,8.173913043478262
下班,11.5625
下层,11.65
下场,12.875
下车,7.9523809523809526
下沉,9.857142857142858
下厨,10.473684210526315
下次,7.235294117647059
下挫,14.1818182
下达,10.45
下单,18.0
下等,10.555555555555555
下地,11.6
下跌,12.2
下颚,12.19047619047619
下发,12.944444444444445
下凡,11.047619047619047
下放,16.055555555555557
下风,12.0
下岗,13.055555555555555
下跪,8.88888888888889
下海,16.157894736842106
下行,12.6
下滑,11.904761904761905
下级,15.666666666666666
下家,13.894736842105264
下架,13.5789474
下降,10.043478260869565
下届,11.652173913043478
下课,7.909090909090909
下列,11.65
下令,11.857142857142858
下流,12.5
下落,10.375
下落不明,13.185185185185185
下坡,7.2105263157894735
下棋,8.222222222222221
下去,7.521739130434782
下山,9.272727272727273
下设,14.3
下身,10.1
下手,11.833333333333334
下属,13.647058823529411
下水,9.368421052631579
下水道,8.807692307692308
下榻,14.227272727272727
下台,13.8095238
下探,13.6875
下调,12.105263157894736
下图,10.421052631578947
下文,11.5625
下辖,14.157894736842104
下限,12.409090909090908
下线,14.333333333333334
下乡,11.31578947368421
下雪,7.0
下意识,12.0
下游,10.578947368421053
下雨,7.636363636363637
下载,14.666666666666666
下肢,8.526315789473685
吓倒,10.444444444444445
吓坏,8.952380952380953
吓人,9.9
夏令,11.76923076923077
夏日,7.904761904761905
夏天,7.565217391304348
仙鹤,11.0
仙境,10.25
仙女,9.3
仙人,10.454545454545455
仙人掌,9.36
仙桃,11.666666666666666
先导,12.523809523809524
先发制人,15.380952380952381
先锋,12.578947368421053
先行,13.75
先河,13.272727272727273
先机,12.7
先进,11.0
先例,12.043478260869565
先烈,12.1875
先驱,13.9
先人,12.75
先生,9.333333333333334
先手,14.05
先天,12.705882352941176
先于,11.047619047619047
先知,13.25
先祖,11.727272727272727
纤弱,13.409090909090908
纤维,14.761904761904763
掀翻,12.428571428571429
掀开,8.368421052631579
掀起,9.6
鲜红,10.0
鲜花,7.15
鲜活,11.157894736842104
鲜美,11.444444444444445
鲜明,11.333333333333334
鲜奶,9.074074074074074
鲜嫩,12.157894736842104
鲜血,8.428571428571429
鲜艳,8.476190476190476
闲逛,11.157894736842104
闲话,12.37037037037037
闲聊,10.2631579
闲人,11.192307692307692
闲谈,12.227272727272727
闲暇,12.08695652173913
闲置,14.727272727272727
贤良,13.076923076923077
贤淑,13.954545454545455
弦乐,13.368421052631579
咸蛋,9.523809523809524
咸鱼,13.347826086956522
娴熟,16.05
衔接,12.428571428571429
嫌犯,11.958333333333334
嫌弃,9.842105263157896
嫌隙,14.409090909090908
嫌疑,12.88888888888889
嫌疑犯,14.222222222222221
显出,11.91304347826087
显得,10.727272727272727
显赫,13.08695652173913
显卡,17.42105263157895
显露,11.588235294117647
显然,10.631578947368421
显示,9.590909090909092
显示器,13.148148148148149
显现,11.7619048
显眼,10.19047619047619
显影,15.523809523809524
显著,11.8
险境,11.368421052631579
险情,12.5625
险胜,13.173913043478262
险阻,12.695652173913043
县城,8.363636363636363
县级,13.75
县域,14.894736842105264
县长,10.666666666666666
现场,10.210526315789474
现场感,15.409090909090908
现成,9.210526315789474
现出,13.05
现存,13.444444444444445
现代,12.636363636363637
现代史,13.925925925925926
现房,16.5
现行,12.68421052631579
现货,13.19047619047619
现价,14.0
现金,9.5
现款,12.8
现况,13.608695652173912
现任,14.590909090909092
现身,10.789473684210526
现身说法,14.857142857142858
现实,12.045454545454545
现象,11.45
现役,13.727272727272727
现有,13.125
现在,9.227272727272727
现状,13.85
限定,12.764705882352942
限度,12.8125
限额,15.727272727272727
限行,14.157894736842104
限价,15.285714285714286
限界,11.666666666666666
限量,14.714285714285714
限期,10.947368421052632
限时,9.6
限售,12.944444444444445
限速,15.15
限于,12.944444444444445
限值,15.882352941176471
限制,11.736842105263158
线路,11.0625
线圈,11.8
线索,11.904761904761905
线条,10.0
线性,13.6
宪兵,14.36
宪法,13.952380952380953
宪制,14.454545454545455
陷害,13.80952380952381
陷阱,11.210526315789474
陷入,13.1666667
陷于,12.652173913043478
馅饼,9.590909090909092
馅料,9.85
羡慕,11.0
献给,10.791666666666666
献花,8.894736842105264
献礼,14.38888888888889
献上,12.173913043478262
献身,12.272727272727273
献血,11.08695652173913
霰弹,14.608695652173912
乡愁,14.409090909090908
乡村,8.263157894736842
乡亲,10.705882352941176
乡土,12.166666666666666
乡镇,10.727272727272727
相爱,14.5238095
相伴,11.0
相悖,15.0
相比,10.0
相册,8.565217391304348
相差,9.238095238095237
相称,12.363636363636363
相处,10.35
相传,10.85
相等,8.538461538461538
相对,13.15
相对论,15.375
相反,9.842105263157896
相仿,12.636363636363637
相逢,11.61111111111111
相符,10.368421052631579
相隔,10.571428571428571
相公,13.090909090909092
相关,13.6
相机,8.7
相加,8.2
相间,13.19047619047619
相见,9.368421052631579
相较,11.545454545454545
相接,12.1
相近,9.9
相距,11.0
相聚,10.8125
相连,9.35
相恋,13.875
相邻,9.523809523809524
相貌,8.238095238095237
相片,7.411764705882353
相扑,13.76923076923077
相亲,13.6875
相容,13.296296296296296
相声,11.045454545454545
相识,11.80952380952381
相似,11.904761904761905
相通,10.789473684210526
相同,6.0
相信,7.777777777777778
相依为命,11.592592592592593
相应,12.7
相遇,9.947368421052632
相约,11.777777777777779
相中,12.0
相助,11.157894736842104
相撞,9.142857142857142
香槟,15.6
香肠,7.473684210526316
香菇,8.05263158
香蕉,6.782608695652174
香料,11.227272727272727
香炉,10.428571428571429
香浓,10.619047619047619
香气,8.4
香水,9.380952380952381
香甜,7.791666666666667
香味,6.421052631578948
香烟,8.0
香艳,15.23076923076923
厢房,13.31578947368421
箱包,10.391304347826088
箱体,13.363636363636363
箱子,6.173913043478261
镶嵌,13.631578947368421
详解,12.470588235294118
详尽,12.473684210526315
详情,11.454545454545455
详细,9.61904762
祥和,11.238095238095237
翔实,15.055555555555555
享福,13.454545454545455
享乐,12.26923076923077
享年,14.875
享受,9.956521739130435
享用,11.095238095238095
享有,12.181818181818182
享誉,13.55
响彻,14.05
响亮,10.55
响起,7.2631578947368425
响声,7.7272727272727275
响尾蛇,11.956521739130435
响应,12.444444444444445
想到,7.157894736842105
想法,9.380952380952381
想见,11.2
想开,11.9
想念,11.0
想起,7.904761904761905
想想,8.736842105263158
想象,9.409090909090908
向导,10.3
向前,9.7
向上,10.73913043478261
向往,13.9375
向心,13.5
向心力,14.166666666666666
向阳,12.3
向着,10.533333333333333
项链,8.857142857142858
项目,16.235294117647058
巷战,14.11111111111111
巷子,8.80952380952381
象棋,8.4375
象形,12.52
象牙,11.363636363636363
象牙塔,13.08
象征,13.761904761904763
像素,16.714285714285715
像样,9.105263157894736
橡胶,10.9
橡皮,6.826086956521739
橡树,11.23076923076923
肖像,10.5
肖像画,11.26923076923077
骁勇,14.409090909090908
逍遥,12.391304347826088
逍遥自在,11.863636363636363
消沉,13.25925925925926
消除,10.052631578947368
消毒,10.333333333333334
消防,12.444444444444445
消防车,10.045454545454545
消费,12.473684210526315
消费品,12.785714285714286
消费者,12.0
消耗,11.952380952380953
消化,10.523809523809524
消极,11.68421052631579
消解,13.6315789
消灭,10.08695652173913
消磨,14.047619047619047
消遣,14.0
消融,13.45
消散,11.625
消失,8.473684210526315
消逝,13.777777777777779
消瘦,12.26086956521739
消暑,11.318181818181818
消退,12.304347826086957
消亡,13.421052631578947
消息,10.235294117647058
消炎,12.555555555555555
宵禁,13.705882352941176
萧瑟,13.884615384615385
萧条,13.636363636363637
硝酸,15.052631578947368
硝烟,13.2857143
销毁,12.761904761904763
销魂,13.592592592592593
销量,11.476190476190476
销路,14.875
销声匿迹,13.173913043478262
销售,13.478260869565217
销售税,17.636363636363637
销赃,14.095238095238095
潇洒,13.272727272727273
嚣张,12.3
小班,7.9
小本经营,14.523809523809524
小便,6.95
小便宜,10.38888888888889
小菜,9.210526315789474
小产,16.3
小车,9.545454545454545
小城,11.11111111111111
小吃,8.944444444444445
小丑,7.894736842105263
小道,10.047619047619047
小弟,11.85
小额,13.5
小儿,9.105263157894736
小贩,9.954545454545455
小费,12.947368421052632
小幅,13.227272727272727
小工,11.65
小国,11.210526315789474
小孩,7.826086956521739
小河,8.25
小伙,10.55
小将,10.333333333333334
小姐,10.571428571428571
小看,10.473684210526315
小康,13.705882352941176
小楼,8.93333333
小路,7.545454545454546
小麦,9.904761904761905
小卖部,6.913043478260869
小米,10.238095238095237
小鸟,4.842105263157895
小跑,7.9
小品,9.944444444444445
小气,8.88
小钱,11.6
小巧,9.947368421052632
小区,10.444444444444445
小觑,13.61111111111111
小人,13.0
小三,15.428571428571429
小生,13.75
小声,5.421052631578948
小胜,11.5789474
小事,7.217391304347826
小说,11.227272727272727
小提琴,11.185185185185185
小偷,7.95
小腿,7.142857142857143
小我,13.61111111111111
小屋,6.434782608695652
小溪,6.684210526315789
小巷,9.722222222222221
小小,8.130434782608695
小心,7.2272727272727275
小心翼翼,12.181818181818182
小型,9.608695652173912
小学,6.7894736842105265
小于,8.823529411764707
小雨,6.052631578947368
小院,9.227272727272727
小镇,8.95238095
小众,14.380952380952381
小子,7.95
小组,9.375
晓得,9.869565217391305
孝敬,10.095238095238095
孝顺,7.590909090909091
孝心,10.25
孝子,10.68421052631579
校车,9.578947368421053
校订,12.666666666666666
校对,14.181818181818182
校方,10.15
校服,10.0
校规,9.090909090909092
校门,8.434782608695652
校企,16.875
校庆,12.3
校区,10.3125
校舍,10.619047619047619
校友,11.857142857142858
校园,8.117647058823529
校长,7.2272727272727275
校正,12.869565217391305
哮喘,13.368421052631579
笑话,7.6875
笑脸,7.2272727272727275
笑料,13.619047619047619
笑骂,10.863636363636363
笑容,8.095238095238095
笑声,7.105263157894737
笑笑,6.315789473684211
效仿,10.263157894736842
效果,11.857142857142858
效劳,13.703703703703704
效力,13.277777777777779
效率,12.052631578947368
效能,13.238095238095237
效益,14.0
效应,13.6
效用,14.55
效忠,12.26923076923077
歇斯底里,14.681818181818182
歇息,10.592592592592593
歇业,15.5
蝎子,10.692307692307692
协办,15.75
协查,13.0
协定,15.277777777777779
协会,14.210526315789474
协警,14.761904761904763
协力,11.041666666666666
协商,14.238095238095237
协调,13.166666666666666
协同,12.842105263157896
协议,13.1578947
协助,11.391304347826088
协作,13.681818181818182
邪恶,12.8
邪教,12.904761904761905
邪念,13.590909090909092
胁持,11.947368421052632
胁迫,12.428571428571429
斜坡,8.833333333333334
斜视,11.703703703703704
谐音,11.210526315789474
携带,11.055555555555555
携手,11.826086956521738
撷取,14.95
鞋带,6.592592592592593
鞋底,8.153846153846153
鞋子,5.090909090909091
写成,9.227272727272727
写道,10.3125
写入,10.647058823529411
写生,14.105263157894736
写实,13.136363636363637
写信,8.95238095
写意,15.1
写有,11.058823529411764
写照,13.3125
写真,14.380952380952381
写字,6.666666666666667
写作,10.363636363636363
泄漏,11.578947368421053
泄露,11.3
泄密,12.9
泄气,10.8
泄气话,13.555555555555555
泻药,11.428571428571429
卸货,12.833333333333334
卸任,13.789473684210526
卸下,13.227272727272727
卸妆,14.409090909090908
械斗,14.526315789473685
亵渎,15.416666666666666
谢绝,11.666666666666666
谢幕,12.157894736842104
谢谢,7.333333333333333
谢意,13.1052632
谢罪,11.952380952380953
邂逅,15.2
懈怠,14.35
蟹黄,11.55
心爱,9.954545454545455
心病,12.631578947368421
心不在焉,11.962962962962964
心存,12.19047619047619
心得,10.6
心底,11.3
心地,10.526315789473685
心动,11.826086956521738
心扉,15.1875
心腹之患,14.045454545454545
心寒,12.217391304347826
心狠手辣,12.73913043478261
心怀,14.61111111111111
心慌,10.5625
心急,8.80952380952381
心计,14.444444444444445
心结,14.380952380952381
心境,13.352941176470589
心理,12.0625
心理学,15.185185185185185
心力,14.0
心灵,12.80952380952381
心领神会,12.26923076923077
心路,16.047619047619047
心律,13.521739130434783
心切,11.0
心情,8.25
心软,9.714285714285714
心上人,13.727272727272727
心声,11.166666666666666
心事,13.3
心术,14.736842105263158
心思,11.421052631578947
心酸,14.333333333333334
心算,9.851851851851851
心态,14.833333333333334
心疼,11.736842105263158
心跳,7.428571428571429
心头,10.954545454545455
心窝,10.962962962962964
心想,10.15
心胸,12.263157894736842
心血,13.1052632
心血管,13.909090909090908
心眼,10.08695652173913
心仪,13.454545454545455
心意,12.6
心愿,9.285714285714286
心脏,8.875
心脏病,12.407407407407407
心直口快,10.846153846153847
心志,12.31578947368421
心智,11.0
心醉,13.074074074074074
芯片,14.444444444444445
辛苦,10.869565217391305
辛苦费,14.518518518518519
辛辣,9.636363636363637
辛劳,9.217391304347826
辛勤,9.842105263157896
辛酸,13.705882352941176
欣然,11.894736842105264
欣赏,10.545454545454545
欣慰,12.1
欣喜,9.380952380952381
新版,11.8
新兵,11.875
新潮,12.73913043478261
新陈代谢,13.6
新城,14.947368421052632
新宠,13.409090909090908
新春,7.842105263157895
新村,12.25
新低,13.333333333333334
新法,14.631578947368421
新房,10.263157894736842
新风,14.947368421052632
新高,14.277777777777779
新股,17.352941176470587
新馆,12.055555555555555
新规,14.65
新贵,15.35
新婚,13.15
新晋,12.75
新居,12.210526315789474
新剧,12.318181818181818
新军,11.4
新郎,11.2
新年,6.818181818181818
新娘,10.91304347826087
新盘,18.153846153846153
新品,12.0
新奇,11.5625
新区,12.285714285714286
新人,12.19047619047619
新任,13.764705882352942
新锐,13.2
新生,10.272727272727273
新式,14.523809523809524
新手,13.238095238095237
新闻,9.368421052631579
新闻记者,11.68421052631579
新鲜,9.35
新鲜感,11.75
新星,14.31578947368421
新型,11.736842105263158
新兴,13.944444444444445
新秀,15.277777777777779
新药,13.61111111111111
新意,13.157894736842104
新颖,11.80952380952381
新增,12.285714285714286
新政,14.157894736842104
新装,11.3684211
新作,13.238095238095237
薪酬,15.5
薪俸,14.714285714285714
薪火,14.8
薪金,16.25
薪水,15.047619047619047
薪资,13.75
信差,12.481481481481481
信贷,16.31578947368421
信访,15.333333333333334
信封,8.782608695652174
信奉,14.090909090909092
信服,12.0
信鸽,11.25925925925926
信函,12.526315789473685
信号,11.941176470588236
信件,9.473684210526315
信口开河,12.521739130434783
信赖,11.409090909090908
信念,12.3809524
信任,9.952380952380953
信誓旦旦,13.076923076923077
信徒,13.0
信托,16.8125
信息,11.73913043478261
信箱,10.285714285714286
信心,10.227272727272727
信仰,15.25
信用,12.2
信用卡,15.11111111111111
信誉,13.1
星光,10.272727272727273
星河,11.05
星级,13.944444444444445
星际,12.952380952380953
星空,8.0
星期,7.6
星球,12.75
星象,13.904761904761905
星星,7.45
星座,12.0625
腥臭,12.96
腥红,12.5
刑罚,11.857142857142858
刑法,14.476190476190476
刑警,11.647058823529411
刑期,13.04
刑事,15.0625
刑讯,14.476190476190476
形成,11.411764705882353
形而上,16.75
形迹,13.666666666666666
形容,9.333333333333334
形式,11.545454545454545
形似,10.571428571428571
形势,12.0952381
形态,12.857142857142858
形体,13.0
形象,11.863636363636363
形状,7.714285714285714
型号,10.909090909090908
醒来,6.25
醒目,11.5
醒悟,12.9
兴办,13.0
兴奋,10.590909090909092
兴奋剂,15.347826086956522
兴建,12.11111111111111
兴隆,11.31578947368421
兴起,10.95
兴趣,10.35
兴盛,11.2
兴衰,12.7
兴旺,9.727272727272727
兴致,12.0
杏林,13.038461538461538
杏仁,9.692307692307692
幸存,11.555555555555555
幸福,9.210526315789474
幸好,10.5
幸会,11.428571428571429
幸亏,10.615384615384615
幸免,11.714285714285714
幸运,10.3684211
幸运儿,11.476190476190476
幸灾乐祸,11.285714285714286
性别,7.8
性感,14.9
性格,10.681818181818182
性急,10.157894736842104
性命,8.894736842105264
性能,13.227272727272727
性情,11.65
性骚扰,15.73913043478261
性质,12.3
姓名,4.421052631578948
姓氏,7.454545454545454
凶多吉少,11.666666666666666
凶狠,11.181818181818182
凶猛,12.75
凶杀案,12.73913043478261
凶手,12.3
凶险,9.789473684210526
凶宅,13.173913043478262
兄弟,8.19047619047619
兄妹,6.904761904761905
兄长,8.75
匈奴,13.64
汹涌,11.529411764705882
胸部,9.0625
胸怀,11.318181818181818
胸襟,13.130434782608695
胸口,10.181818181818182
胸闷,16.19047619047619
雄辩,13.842105263157896
雄风,12.555555555555555
雄蜂,11.5
雄厚,13.857142857142858
雄狮,12.851851851851851
雄伟,11.0
雄心,11.3
雄性,11.5
雄姿,11.80952380952381
熊猫,9.3
熊市,17.055555555555557
熊掌,11.095238095238095
休假,12.555555555555555
休克,14.0
休眠,11.782608695652174
休息,11.789473684210526
休息室,10.04
休闲,11.476190476190476
休闲服,12.307692307692308
休想,11.592592592592593
休养,14.952380952380953
休业,14.772727272727273
休战,11.263157894736842
休整,13.0555556
修补,10.217391304347826
修道院,14.217391304347826
修订,15.1
修订版,13.148148148148149
修复,12.571428571428571
修改,9.083333333333334
修行,14.7619048
修好,10.052631578947368
修甲,13.307692307692308
修剪,11.333333333333334
修建,11.08695652173913
修理,9.681818181818182
修炼,13.304347826086957
修路,8.894736842105264
修女,12.904761904761905
修缮,13.529411764705882
修身,14.736842105263158
修饰,12.045454545454545
修养,12.714285714285714
修长,12.904761904761905
修整,12.047619047619047
修正,13.4375
修正案,15.727272727272727
修筑,12.090909090909092
羞耻,11.454545454545455
羞愧,11.909090909090908
羞辱,11.428571428571429
羞涩,10.272727272727273
朽木,12.038461538461538
宿命,16.63157894736842
宿舍,10.736842105263158
宿怨,15.08
宿愿,13.68421052631579
宿主,16.142857142857142
秀才,12.23076923076923
秀场,14.789473684210526
秀发,9.16
秀丽,11.5
秀美,11.75
袖口,8.761904761904763
袖手旁观,13.76923076923077
袖珍,12.409090909090908
绣花,10.157894736842104
锈迹,11.272727272727273
嗅到,8.736842105263158
嗅觉,9.38888888888889
须知,12.157894736842104
虚报,12.227272727272727
虚高,15.222222222222221
虚构,12.0
虚幻,11.6
虚假,12.75
虚惊,11.32
虚空,14.791666666666666
虚名,13.636363636363637
虚拟,12.85
虚弱,12.3
虚脱,12.814814814814815
虚伪,11.590909090909092
虚心,11.210526315789474
虚张声势,12.65
需求,12.090909090909092
需要,8.95
嘘声,13.318181818181818
许多,8.15
许久,11.956521739130435
许可,11.608695652173912
许诺,11.5625
许愿,10.217391304347826
栩栩如生,12.727272727272727
旭日,10.894736842105264
序号,10.85
序列,10.5625
序幕,11.571428571428571
序言,11.923076923076923
叙旧,13.0
叙事,10.904761904761905
叙述,10.764705882352942
酗酒,16.9
续航,16.428571428571427
续集,12.095238095238095
续借,12.11111111111111
续签,12.944444444444445
续写,11.0
续约,15.555555555555555
絮叨,12.384615384615385
蓄势,14.555555555555555
蓄水,13.789473684210526
蓄意,14.428571428571429
宣布,11.095238095238095
宣称,12.842105263157896
宣传,12.0
宣传品,12.142857142857142
宣读,12.608695652173912
宣告,11.863636363636363
宣讲,14.6
宣判,11.80952380952381
宣示,12.708333333333334
宣誓,10.578947368421053
宣泄,14.5
宣言,13.565217391304348
宣扬,13.0
宣战,12.217391304347826
喧哗,10.631578947368421
喧闹,9.588235294117647
喧嚣,13.0
玄机,14.19047619047619
玄学,16.26923076923077
悬浮,14.1428571
悬挂,10.333333333333334
悬空,10.238095238095237
悬念,12.875
悬赏,13.217391304347826
悬殊,11.952380952380953
悬崖,8.045454545454545
悬崖勒马,12.384615384615385
悬在,13.473684210526315
旋风,11.05
旋律,11.105263157894736
旋转,6.2631578947368425
漩涡,10.863636363636363
选拔,11.722222222222221
选材,12.0
选出,8.523809523809524
选定,12.15
选购,12.0
选举,13.55
选美,13.23076923076923
选民,14.863636363636363
选派,14.38888888888889
选票,13.772727272727273
选聘,13.45
选区,14.473684210526315
选取,11.91304347826087
选手,13.125
选送,13.421052631578947
选题,10.5
选项,10.571428571428571
选修,16.0
选修课,16.130434782608695
选秀,13.058823529411764
选用,12.3125
选在,12.95
选择,11.80952380952381
选址,14.952380952380953
选中,11.736842105263158
炫目,11.45
炫耀,12.0
绚烂,14.0
绚丽,11.263157894736842
眩晕,13.851851851851851
渲染,13.444444444444445
削发,13.25
削减,12.722222222222221
削弱,13.95
靴子,10.777777777777779
穴居,13.789473684210526
穴位,14.631578947368421
学到,7.571428571428571
学法,13.05
学费,8.210526315789474
学分,15.0526316
学风,13.391304347826088
学府,13.636363636363637
学好,9.05
学会,10.238095238095237
学籍,11.458333333333334
学界,15.421052631578947
学科,11.777777777777779
学历,12.73913043478261
学龄,8.863636363636363
学年,11.863636363636363
学派,13.722222222222221
学前教育,10.869565217391305
学区,13.0
学人,12.307692307692308
学生,6.909090909090909
学识,12.047619
学士,15.095238095238095
学术,13.952380952380953
学术界,14.095238095238095
学说,13.125
学堂,8.391304347826088
学童,9.590909090909092
学徒,12.095238095238095
学位,15.545454545454545
学问,11.0
学习,7.2
学校,7.3
学学,9.461538461538462
学业,10.772727272727273
学艺,10.777777777777779
学员,9.631578947368421
学院,14.095238095238095
学者,14.6
学制,12.68421052631579
学子,11.05
噱头,15.526315789473685
雪白,8.045454545454545
雪崩,11.19047619047619
雪地,7.2105263157894735
雪糕,7.761904761904762
雪柜,13.217391304347826
雪花,6.954545454545454
雪茄,14.0
雪人,7.888888888888889
雪山,8.5
血癌,15.444444444444445
血管,9.85
血汗,12.173913043478262
血迹,9.681818181818182
血流,13.3125
血脉,11.45
血气方刚,13.038461538461538
血肉,9.8125
血栓,15.857142857142858
血糖,16.238095238095237
血统,11.764705882352942
血腥,12.5625
血型,10.363636363636363
血性,14.904761904761905
血压,14.571428571428571
血压计,12.681818181818182
血液,8.157894736842104
血缘,11.45
血战,12.8
血站,13.61111111111111
血脂,17.7
勋章,10.31578947368421
熏陶,12.88888888888889
熏鱼,12.56
寻常,10.88888888888889
寻访,13.263157894736842
寻根,13.4
寻觅,12.428571428571429
寻求,12.380952380952381
寻衅,14.666666666666666
寻找,9.47368421
寻租,14.26086956521739
巡查,13.727272727272727
巡航,16.842105263157894
巡回,12.428571428571429
巡回演出,13.590909090909092
巡警,11.333333333333334
巡逻,10.947368421052632
巡视,14.833333333333334
巡演,13.91304347826087
巡洋舰,15.227272727272727
巡游,11.772727272727273
巡展,14.956521739130435
询价,13.055555555555555
询问,10.941176470588236
循规蹈矩,13.92
循环,11.421052631578947
训斥,11.04
训话,11.0
训练,9.727272727272727
训练班,10.047619047619047
讯问,11.9
讯息,11.714285714285714
迅猛,12.047619047619047
迅速,9.9375
驯服,12.833333333333334
驯兽师,11.192307692307692
徇私,13.590909090909092
徇私舞弊,14.318181818181818
逊色,13.478260869565217
殉情,13.28
殉职,14.545454545454545
丫头,10.26923076923077
压倒,10.0
压低,10.818181818181818
压力,13.75
压迫,12.4
压缩,11.31578947368421
压抑,13.736842105263158
压榨,13.045454545454545
压制,12.277777777777779
压轴,12.578947368421053
押解,13.904761904761905
押金,15.15
押送,12.91304347826087
押运,12.590909090909092
押韵,13.0
鸦片,12.7
鸭蛋,8.238095238095237
鸭子,6.45
牙齿,8.318181818181818
牙缝,10.210526315789474
牙膏,7.2105263157894735
牙科,12.181818181818182
牙刷,6.2272727272727275
牙痛,9.904761904761905
牙医,10.227272727272727
衙门,10.6
哑巴,8.590909090909092
哑铃,11.307692307692308
雅典,13.869565217391305
雅观,13.421052631578947
雅号,14.210526315789474
雅兴,14.727272727272727
雅致,11.6
亚军,11.043478260869565
亚裔,15.4375
亚于,12.68421052631579
亚洲,11.0
讶异,12.521739130434783
咽喉,9.3125
胭脂,12.714285714285714
烟草,10.952380952380953
烟囱,8.714285714285714
烟花,7.470588235294118
烟火,9.375
烟民,13.818181818181818
烟幕,13.777777777777779
烟幕弹,12.2
烟头,8.863636363636363
烟雾,10.904761904761905
烟消云散,13.478260869565217
阉割,15.73076923076923
淹没,11.238095238095237
腌制,10.421052631578947
湮没,15.238095238095237
延迟,12.444444444444445
延后,13.8
延缓,11.38888888888889
延期,14.0
延伸,14.166666666666666
延时,13.947368421052632
延误,12.428571428571429
延续,12.0
延展,13.526315789473685
延长,11.55
严把,14.75
严查,12.652173913043478
严惩,12.772727272727273
严打,15.7
严防,11.904761904761905
严格,10.541666666666666
严寒,8.631578947368421
严谨,12.555555555555555
严禁,11.956521739130435
严峻,12.681818181818182
严苛,12.130434782608695
严酷,13.105263157894736
严厉,11.647058823529411
严密,12.421052631578947
严明,13.181818181818182
严肃,10.0
严正,12.8
严重,8.761904761904763
言辞,11.4375
言行,11.19047619047619
言论,11.08695652173913
言谈,12.090909090909092
言谈举止,11.714285714285714
言语,8.863636363636363
岩壁,14.333333333333334
岩浆,10.961538461538462
岩石,8.45
炎热,7.1
炎夏,10.555555555555555
炎症,13.45
沿岸,10.9
沿海,11.5
沿河,10.526315789473685
沿江,11.454545454545455
沿途,11.944444444444445
沿袭,13.947368421052632
沿线,12.238095238095237
沿用,14.35
研读,15.380952380952381
研发,13.31578947368421
研究,12.272727272727273
研究院,14.428571428571429
研讨,13.25
研习,16.26086956521739
研制,11.9
盐分,11.380952380952381
盐湖,13.238095238095237
盐矿,13.875
盐水,9.0
盐田,15.0625
阎王,11.476190476190476
筵席,12.62962962962963
颜料,9.1
颜面,10.75
颜色,6.809523809523809
奄奄一息,11.846153846153847
俨然,15.095238095238095
衍变,14.185185185185185
衍生,15.411764705882353
掩耳盗铃,9.947368421052632
掩盖,10.8125
掩护,9.954545454545455
掩埋,12.80952380952381
掩饰,13.047619047619047
掩映,13.333333333333334
眼袋,13.36
眼光,10.55
眼花,9.608695652173912
眼见,12.666666666666666
眼角,9.65
眼界,13.473684210526315
眼睛,6.888888888888889
眼镜,9.222222222222221
眼科,13.631578947368421
眼眶,8.19047619047619
眼泪,6.428571428571429
眼帘,12.157894736842104
眼球,8.57894737
眼神,10.608695652173912
眼罩,11.65
眼中钉,12.76
演变,14.772727272727273
演唱,10.8
演出,9.0
演化,12.875
演技,12.68421052631579
演讲,10.222222222222221
演进,13.944444444444445
演练,12.136363636363637
演示,11.26086956521739
演说,11.666666666666666
演习,13.058823529411764
演戏,9.421052631578947
演艺,13.0
演艺界,14.55
演绎,15.1428571
演员,9.761904761904763
演奏,10.380952380952381
厌恶,10.375
厌倦,12.391304347826088
厌食,10.84
厌食症,13.0
砚台,11.954545454545455
艳丽,11.55
艳羡,14.777777777777779
艳阳,11.727272727272727
艳照,14.818181818181818
宴会,11.571428571428571
宴会厅,12.363636363636363
宴请,12.454545454545455
宴席,11.05
验收,14.789473684210526
验血,10.615384615384615
验证,12.272727272727273
谚语,9.695652173913043
焰火,8.444444444444445
燕窝,11.421052631578947
燕子,6.285714285714286
赝品,15.296296296296296
央求,12.727272727272727
殃及,12.3
秧歌,12.8
秧苗,11.347826086956522
扬尘,13.5
扬帆,12.95
扬名,12.037037037037036
扬言,12.142857142857142
羊羔,9.238095238095237
羊毛,9.31578947368421
羊奶,10.19047619047619
羊群,8.318181818181818
羊肉,8.090909090909092
阳光,7.25
阳气,12.85
阳伞,10.4
阳寿,13.590909090909092
阳台,9.043478260869565
阳性,15.6875
杨柳,10.5
杨梅,8.5
杨树,10.19047619047619
佯攻,13.5
佯装,12.210526315789474
洋葱,8.714285714285714
洋房,11.0
洋服,13.31578947368421
洋酒,13.92
洋人,11.478260869565217
洋娃娃,7.666666666666667
洋溢,12.875
仰角,12.583333333333334
仰赖,12.714285714285714
仰望,11.863636363636363
仰卧,10.44
养病,9.6
养成,12.523809523809524
养分,13.095238095238095
养护,11.68421052631579
养活,10.55
养家,13.222222222222221
养老,16.75
养老金,14.333333333333334
养犬,9.61111111111111
养伤,12.11111111111111
养生,17.333333333333332
养鱼,11.421052631578947
养育,10.380952380952381
养殖,12.380952380952381
养殖业,13.818181818181818
养子,12.695652173913043
氧化,13.105263157894736
氧气,10.7368421
样板,12.652173913043478
样本,13.954545454545455
样品,14.3
样式,12.714285714285714
样子,8.708333333333334
夭折,13.263157894736842
吆喝,9.722222222222221
妖怪,9.714285714285714
妖术,11.863636363636363
妖艳,12.318181818181818
腰包,11.73913043478261
腰部,8.681818181818182
腰带,9.130434782608695
腰果,12.777777777777779
腰椎,13.842105263157896
邀请,10.294117647058824
邀请信,13.037037037037036
邀约,14.210526315789474
侥幸,12.210526315789474
窑洞,13.272727272727273
谣言,12.363636363636363
摇摆,10.3809524
摇滚,13.619047619047619
摇晃,8.333333333333334
摇篮,9.75
摇旗呐喊,13.272727272727273
摇身一变,12.952380952380953
摇头,6.521739130434782
摇摇,9.777777777777779
摇曳,12.590909090909092
遥感,13.842105263157896
遥控,9.25
遥望,11.4
遥远,10.8
咬噬,15.842105263157896
咬牙,8.68421052631579
咬住,9.681818181818182
窈窕,13.681818181818182
药材,9.38888888888889
药厂,12.090909090909092
药店,7.157894736842105
药方,12.714285714285714
药房,10.9
药剂师,13.76923076923077
药价,10.0
药检,15.833333333333334
药理,15.954545454545455
药品,7.95
药师,12.0
药丸,9.181818181818182
药物,7.368421052631579
药效,11.727272727272727
药业,12.25
药用,12.9
要道,14.5
要点,13.25
要害,12.45
要挟,13.61111111111111
要价,11.8125
要件,13.4
要紧,11.095238095238095
要领,12.470588235294118
要命,11.8125
要强,10.857142857142858
要求,10.380952380952381
要人,11.68
要塞,12.681818181818182
要素,14.571428571428571
要闻,11.352941176470589
要务,13.55
要约,17.789473684210527
钥匙,5.5625
耀眼,10.473684210526315
椰子,10.090909090909092
揶揄,16.9375
也许,9.222222222222221
冶金,15.222222222222221
冶炼,12.11111111111111
野菜,9.789473684210526
野餐,10.518518518518519
野草,8.818181818181818
野蛮,10.333333333333334
野人,11.227272727272727
野生,11.952380952380953
野兽,9.789473684210526
野心,12.7368421
野心家,13.88
野性,12.782608695652174
野猪,9.727272727272727
业绩,17.736842105263158
业界,14.523809523809524
业态,15.761904761904763
业务,14.842105263157896
业务部,15.08
业余,12.833333333333334
业者,15.909090909090908
业主,14.590909090909092
叶落归根,13.909090909090908
叶绿素,14.923076923076923
叶片,10.136363636363637
叶酸,16.31578947368421
叶子,5.7368421052631575
页码,9.631578947368421
页面,10.823529411764707
夜班,12.578947368421053
夜场,16.5
夜店,17.4761905
夜景,9.476190476190476
夜空,6.9523809523809526
夜阑人静,14.3125
夜盲,12.681818181818182
夜幕,10.4375
夜色,9.304347826086957
夜生活,14.409090909090908
夜市,12.571428571428571
夜晚,7.153846153846154
夜宵,10.0
夜校,14.681818181818182
液化,13.526315789473685
液晶,15.15
液态,11.3
液体,6.578947368421052
液压,14.476190476190476
腋下,9.909090909090908
一般,8.333333333333334
一辈子,11.227272727272727
一波三折,12.727272727272727
一步登天,11.4
一成不变,14.0
一槌定音,14.615384615384615
一带,14.875
一刀两断,11.818181818181818
一刀切,13.428571428571429
一方,11.578947368421053
一哥,15.45
一晃,11.117647058823529
一见如故,12.91304347826087
一见钟情,14.347826086956522
一角,10.263157894736842
一姐,15.818181818181818
一举两得,12.333333333333334
一览,13.263157894736842
一流,11.5
一路,11.45
一马当先,11.384615384615385
一脉相承,13.631578947368421
一鸣惊人,13.26086956521739
一模一样,9.346153846153847
一贫如洗,13.038461538461538
一切,9.636363636363637
一清二楚,11.115384615384615
一身,10.894736842105264
一视同仁,11.653846153846153
一手包办,12.666666666666666
一瞬间,9.761904761904763
一塌糊涂,12.545454545454545
一体,13.26086956521739
一头,11.125
一团糟,10.695652173913043
一网打尽,11.592592592592593
一无是处,12.391304347826088
一五一十,11.185185185185185
一下子,9.777777777777779
一线,15.25
一厢情愿,15.037037037037036
一小撮,10.52
一心一意,10.23076923076923
一样,8.9375
一跃,10.666666666666666
一针见血,13.045454545454545
一枝独秀,13.565217391304348
一致,10.714285714285714
伊朗,13.454545454545455
伊始,13.470588235294118
衣橱,10.0
衣服,5.5
衣柜,8.636363636363637
衣架,7.8076923076923075
衣饰,9.954545454545455
衣物,8.857142857142858
衣袖,7.7894736842105265
衣着,11.857142857142858
医护,11.736842105263158
医疗,11.05
医生,9.11111111111111
医师,13.2
医术,10.947368421052632
医务,10.944444444444445
医务所,11.666666666666666
医学,12.444444444444445
医药,10.578947368421053
医用,12.095238095238095
医院,8.857142857142858
医治,11.31578947368421
依从,11.789473684210526
依存,16.1875
依法,12.434782608695652
依附,14.65
依旧,13.0
依据,12.619047619047619
依靠,11.25
依赖,9.789473684210526
依恋,11.954545454545455
依托,12.277777777777779
依稀,13.521739130434783
依照,11.277777777777779
仪表,10.681818181818182
仪器,11.73913043478261
仪容,13.142857142857142
仪式,11.894736842105264
仪仗队,11.863636363636363
宜人,12.0
姨妈,9.692307692307692
姨丈,10.36
胰岛素,15.952380952380953
移动,10.105263157894736
移花接木,14.045454545454545
移交,13.590909090909092
移居,15.2857143
移民,13.428571428571429
移师,14.133333333333333
移送,12.933333333333334
移植,13.956521739130435
遗产,12.095238095238095
遗传,11.5
遗传病,12.6
遗传工程,16.16
遗存,14.5
遗憾,11.6
遗迹,12.65
遗留,11.578947368421053
遗漏,12.545454545454545
遗弃,12.11111111111111
遗容,14.428571428571429
遗失,9.052631578947368
遗书,12.904761904761905
遗体,14.25
遗忘,10.45
遗物,14.75
遗照,12.55
遗址,12.590909090909092
遗嘱,14.947368421052632
颐养,13.590909090909092
疑点,10.636363636363637
疑犯,11.0
疑惑,9.25
疑虑,11.130434782608695
疑难,13.3125
疑似,11.947368421052632
疑问,7.6875
疑心,12.095238095238095
疑云,12.526315789473685
乙醇,15.19047619047619
已故,12.476190476190476
已婚,12.470588235294118
已经,9.636363636363637
已往,10.555555555555555
已知,10.1333333
以便,11.807692307692308
以讹传讹,13.576923076923077
以后,7.85
以来,10.772727272727273
以前,9.363636363636363
以上,9.15
以为,8.727272727272727
以牙还牙,12.148148148148149
以逸待劳,12.692307692307692
蚁穴,10.272727272727273
倚靠,12.192307692307692
倚赖,11.285714285714286
倚老卖老,14.894736842105264
倚重,15.05
椅背,10.157894736842104
椅子,6.619047619047619
义愤填膺,13.909090909090908
义工,12.31578947368421
义和团,13.26923076923077
义卖,12.35
义气,12.409090909090908
义无反顾,12.884615384615385
义务,12.722222222222221
义演,14.590909090909092
义勇军,11.407407407407407
义诊,15.95
义肢,12.95
艺妓,14.545454545454545
艺人,12.894736842105264
艺术,13.944444444444445
艺术家,10.380952380952381
忆起,12.0
议案,17.833333333333332
议程,15.666666666666666
议定,12.88
议会,15.285714285714286
议价,16.31578947368421
议论,10.0
议事,13.695652173913043
议题,15.181818181818182
议席,18.88888888888889
议员,13.523809523809524
议长,16.944444444444443
议政,15.541666666666666
屹立,11.578947368421053
异常,11.166666666666666
异地,13.043478260869565
异端,13.761904761904763
异国,11.181818181818182
异化,15.619047619047619
异教徒,15.318181818181818
异口同声,10.923076923076923
异味,9.578947368421053
异物,9.823529411764707
异乡,13.842105263157896
异性,11.227272727272727
异样,12.1904762
异议,12.714285714285714
异域,12.8
抑扬,12.652173913043478
抑扬顿挫,14.518518518518519
抑郁,15.125
抑郁症,15.074074074074074
抑止,11.625
抑制,12.956521739130435
佚名,14.222222222222221
译名,12.571428571428571
易懂,10.476190476190476
易经,13.791666666666666
易燃,10.192307692307692
易碎,9.16
易于,9.772727272727273
驿站,12.95
轶事,12.2
疫苗,9.35
疫情,12.55
疫区,16.363636363636363
益处,10.473684210526315
逸事,14.727272727272727
翌日,12.444444444444445
意见,11.0
意境,14.11111111111111
意料,10.736842105263158
意气风发,12.5
意识,11.0
意识流,16.53846153846154
意思,10.9
意图,13.2
意外,12.8
意味,11.045454545454545
意想不到,12.777777777777779
意向,12.31578947368421
意象,14.047619047619047
意义,10.1
意欲,13.318181818181818
意愿,11.0
意在,13.428571428571429
意志,13.75
溢出,13.5
溢价,16.75
毅力,11.095238095238095
毅然,12.238095238095237
臆测,14.28
因此,8.961538461538462
因果,10.235294117647058
因素,12.5333333
因缘,13.23076923076923
因子,15.095238095238095
阴暗,13.476190476190476
阴差阳错,12.04
阴沉,12.090909090909092
阴道,15.19047619047619
阴极,14.0
阴历,11.409090909090908
阴凉,9.72
阴霾,13.5
阴谋,11.2
阴天,8.5
阴险,11.576923076923077
阴性,16.210526315789473
阴阳,12.0
阴影,12.38888888888889
阴雨,9.277777777777779
荫凉,10.526315789473685
音波,12.76923076923077
音符,12.631578947368421
音乐,7.571428571428571
音乐会,11.703703703703704
音量,9.952380952380953
音频,12.894736842105264
音色,14.2105263
音速,12.26923076923077
音箱,10.0
音响,12.5
音像,11.2
音效,13.571428571428571
音讯,12.148148148148149
音译,13.26086956521739
姻缘,13.772727272727273
殷切,14.368421052631579
殷勤,12.521739130434783
吟诗,11.636363636363637
银币,10.444444444444445
银行,11.263157894736842
银行界,14.0
银河,11.826086956521738
银河系,14.185185185185185
银奖,9.636363636363637
银两,11.272727272727273
银幕,13.08695652173913
银牌,10.894736842105264
银色,9.470588235294118
银杏,8.954545454545455
银子,10.6190476
淫荡,15.772727272727273
淫秽,15.5
淫乱,15.703703703703704
淫威,14.444444444444445
引爆,11.285714285714286
引出,9.952380952380953
引导,11.1875
引得,12.0
引渡,14.80952380952381
引发,12.409090909090908
引号,9.842105263157896
引荐,14.136363636363637
引进,13.35
引咎辞职,16.285714285714285
引来,9.95
引力,13.142857142857142
引领,12.9
引起,10.473684210526315
引擎,12.772727272727273
引燃,12.0
引人注目,12.0
引入,9.526315789473685
引述,12.95
引水,15.1
引水渠,12.1
引向,13.833333333333334
引言,12.772727272727273
引用,13.4
引诱,11.409090909090908
引援,16.444444444444443
引资,16.818181818181817
饮酒,8.6
饮料,8.55
饮品,8.782608695652174
饮泣,14.105263157894736
饮食,10.5625
饮水,7.8
饮水思源,12.884615384615385
饮用,8.875
隐蔽,10.666666666666666
隐藏,9.095238095238095
隐含,12.647058823529411
隐患,14.125
隐晦,13.407407407407407
隐居,13.409090909090908
隐瞒,13.380952380952381
隐秘,12.952380952380953
隐匿,13.263157894736842
隐身,8.8
隐士,13.16
隐私,11.444444444444445
隐形,11.35
隐形眼镜,13.461538461538462
隐性,13.789473684210526
隐隐,13.222222222222221
隐忧,15.333333333333334
隐约,12.31578947368421
瘾君子,13.666666666666666
印度,11.090909090909092
印发,13.952380952380953
印痕,13.6
印花,14.8
印记,11.947368421052632
印鉴,15.0
印刷,9.57894737
印刷品,9.91304347826087
印堂,13.777777777777779
印象,9.434782608695652
印象派,15.090909090909092
印有,12.470588235294118
印章,11.31578947368421
印证,13.904761904761905
印制,12.666666666666666
英镑,13.75
英才,14.6
英国,10.0
英军,13.692307692307692
英俊,10.3
英明,11.285714285714286
英文,7.894736842105263
英雄,9.952380952380953
英勇,9.0
英语,8.263157894736842
英姿,13.318181818181818
婴儿,6.523809523809524
婴儿期,11.115384615384615
罂粟,13.48
樱花,11.1
樱桃,9.65
鹦鹉,7.8
鹦鹉螺,13.631578947368421
鹰爪,11.615384615384615
迎宾,13.090909090909092
迎春,11.789473684210526
迎合,13.5
迎击,10.666666666666666
迎接,9.55
迎客,11.0
迎来,10.91304347826087
迎面,13.0625
迎娶,12.590909090909092
迎刃而解,12.157894736842104
迎头,12.85
迎新,12.85
迎战,12.625
荧光,10.75
荧幕,10.954545454545455
荧屏,13.857142857142858
盈亏,13.904761904761905
盈利,14.619047619047619
盈余,14.117647058823529
萤火虫,8.526315789473685
营地,13.0
营火,12.857142857142858
营火会,14.35
营救,10.277777777777779
营利,13.95
营区,13.88888888888889
营收,16.45
营销,13.894736842105264
营养,10.222222222222221
营养师,13.818181818181818
营业,12.11111111111111
营业部,13.727272727272727
营运,14.842105263157896
营造,12.238095238095237
萦绕,15.75
赢得,9.578947368421053
赢家,12.4736842
赢利,15.08695652173913
影城,13.363636363636363
影帝,15.05
影后,13.80952380952381
影迷,12.782608695652174
影片,9.631578947368421
影评,14.380952380952381
影射,14.592592592592593
影视,10.444444444444445
影坛,14.173913043478262
影响,11.181818181818182
影响力,12.782608695652174
影像,11.608695652173912
影星,11.0
影业,15.411764705882353
影音,12.947368421052632
影印,14.25
影院,10.090909090909092
影展,14.8571429
影子,7.142857142857143
应变,12.473684210526315
应承,14.9
应酬,14.555555555555555
应答,12.0
应当,10.16
应得,11.952380952380953
应对,11.434782608695652
应付,11.631578947368421
应该,10.5
应急,12.117647058823529
应接不暇,13.714285714285714
应届,15.368421052631579
应聘,15.136363636363637
应声,12.8571429
应试,14.142857142857142
应验,12.590909090909092
应邀,14.142857142857142
应用,12.125
应用科学,14.05
应有,12.181818181818182
应运而生,12.846153846153847
应战,12.238095238095237
应征,12.318181818181818
映衬,12.238095238095237
映射,13.954545454545455
映照,12.04
硬币,7.375
硬度,11.173913043478262
硬汉,14.0
硬化,13.6
硬件,13.75
硬朗,11.9
硬盘,15.0
硬拼,12.210526315789474
硬伤,12.736842105263158
硬性,12.681818181818182
硬仗,12.944444444444445
佣工,14.619047619047619
佣金,14.052631578947368
拥抱,8.380952380952381
拥戴,13.173913043478262
拥堵,12.65
拥趸,15.25
拥护,12.75
拥挤,8.181818181818182
拥有,8.947368421052632
庸才,13.153846153846153
庸碌,14.909090909090908
庸俗,12.545454545454545
雍容,14.272727272727273
慵懒,11.619047619047619
臃肿,10.8
永垂不朽,12.37037037037037
永恒,11.05
永久,10.35
永眠,14.0
永世,12.789473684210526
永远,9.814814814814815
泳池,8.08695652173913
泳镜,12.25925925925926
泳衣,10.368421052631579
勇夺,13.375
勇敢,8.95
勇气,8.625
勇士,9.80952380952381
勇于,10.904761904761905
涌出,10.470588235294118
涌动,14.9375
涌入,10.318181818181818
涌现,13.714285714285714
踊跃,11.571428571428571
用兵,13.272727272727273
用餐,7.684210526315789
用场,11.166666666666666
用处,9.222222222222221
用地,15.052631578947368
用电,9.0
用法,8.944444444444445
用房,13.88888888888889
用工,13.5
用功,9.863636363636363
用户,13.428571428571429
用尽,12.428571428571429
用具,11.31578947368421
用来,8.31578947
用力,8.695652173913043
用量,12.409090909090908
用料,12.91304347826087
用品,8.1
用人,12.789473684210526
用途,8.91304347826087
用心,8.263157894736842
用刑,13.421052631578947
用药,9.055555555555555
用意,12.652173913043478
用于,9.454545454545455
用语,9.727272727272727
用作,11.375
优待,10.0625
优点,7.473684210526316
优厚,12.909090909090908
优化,13.2380952
优惠,11.428571428571429
优惠价,12.038461538461538
优良,8.666666666666666
优劣,12.0
优美,10.73913043478261
优胜,11.428571428571429
优胜者,9.619047619047619
优势,10.318181818181818
优先,8.75
优秀,7.9
优选,12.6
优雅,11.894736842105264
优异,9.181818181818182
优于,10.61111111111111
优越,10.421052631578947
优哉游哉,12.944444444444445
优质,11.428571428571429
忧愁,11.652173913043478
忧国忧民,12.076923076923077
忧患,15.35
忧虑,12.15
忧伤,11.75
忧心,11.727272727272727
忧郁,13.894736842105264
幽会,14.481481481481481
幽禁,12.863636363636363
幽灵,11.68
幽默,9.909090909090908
幽默感,11.666666666666666
幽雅,12.857142857142858
幽怨,13.227272727272727
悠久,10.9
悠然,12.869565217391305
悠闲,11.75
悠扬,12.0
悠长,11.1
由此,10.576923076923077
由来,12.625
由始至终,11.782608695652174
由衷,11.380952380952381
邮差,11.727272727272727
邮购,12.307692307692308
邮寄,11.6875
邮件,14.045454545454545
邮局,11.523809523809524
邮轮,13.571428571428571
邮票,8.421052631578947
邮筒,11.0
邮箱,10.95
邮政,11.333333333333334
邮政局,10.071428571428571
犹如,11.904761904761905
犹豫,9.647058823529411
犹豫不决,10.5
油菜,10.0
油灯,10.318181818181818
油公司,12.631578947368421
油罐,10.789473684210526
油耗,16.0
油画,11.88888888888889
油价,14.210526315789474
油轮,12.28
油门,13.523809523809524
油墨,11.68421052631579
油腻,13.380952380952381
油品,12.833333333333334
油漆,10.7368421
油气,12.772727272727273
油田,13.047619047619047
油条,6.65
油污,11.142857142857142
油箱,10.833333333333334
油压,15.235294117647058
油烟,8.736842105263158
油炸,8.444444444444445
油脂,13.173913043478262
鱿鱼,10.5
游船,9.909090909090908
游行,11.863636363636363
游击,11.80952380952381
游击战,11.481481481481481
游客,10.73913043478261
游览,11.157894736842104
游乐,10.294117647058824
游乐场,8.5
游离,14.789473684210526
游历,13.3
游轮,13.4285714
游牧民,12.857142857142858
游人,12.5
游手好闲,10.62962962962963
游说,13.904761904761905
游艇,11.625
游玩,8.782608695652174
游戏,8.476190476190476
游学,12.05
游艺会,14.526315789473685
游泳,8.1
游泳池,9.304347826086957
游园,11.789473684210526
游资,15.117647058823529
游走,12.909090909090908
友爱,8.210526315789474
友邦,14.75
友好,9.65
友情,8.3
友人,10.6
友善,8.636363636363637
友谊,10.157894736842104
友谊赛,11.84
有偿,13.045454545454545
有待,11.25
有毒,8.55
有福,10.76
有功,10.571428571428571
有关,11.125
有害,9.5
有机,16.75
有空,8.0
有劳,12.26086956521739
有理,10.333333333333334
有力,8.823529411764707
有利,10.4375
有名,9.363636363636363
有目共睹,13.2
有钱,11.666666666666666
有趣,9.333333333333334
有如,11.31578947368421
有色,10.526315789473685
有失,13.833333333333334
有时,8.130434782608695
有事,9.25
有数,9.222222222222221
有损,13.944444444444445
有望,13.722222222222221
有为,14.368421052631579
有违,13.65
有误,12.238095238095237
有喜,13.391304347826088
有限,9.73684211
有限公司,15.695652173913043
有线,12.578947368421053
有效,10.782608695652174
有心,13.0
有心人,12.210526315789474
有幸,14.473684210526315
有序,10.238095238095237
有益,11.5
有意,12.136363636363637
有用,8.368421052631579
有余,10.5
有缘,13.434782608695652
有着,9.473684210526315
有助,10.909090909090908
黝黑,12.789473684210526
又惊又喜,12.043478260869565
右边,6.0
右倾,14.24
右手,5.0588235294117645
右腿,6.105263157894737
右眼,7.666666666666667
右翼,17.318181818181817
幼虫,10.076923076923077
幼儿,9.61904762
幼儿教育,11.272727272727273
幼儿园,5.35
幼龄,11.545454545454545
幼苗,10.074074074074074
幼童,9.619047619047619
幼小,9.19047619047619
幼稚,9.25
诱导,13.304347826086957
诱饵,11.80952380952381
诱发,12.909090909090908
诱惑,11.85
诱骗,11.4
诱人,11.8
诱因,13.736842105263158
迂腐,13.318181818181818
迂回,14.545454545454545
淤积,14.347826086956522
淤泥,8.61111111111111
淤血,12.12
于事无补,12.652173913043478
于心不忍,13.181818181818182
余波,12.125
余地,12.80952380952381
余额,14.5
余力,12.217391304347826
余年,15.055555555555555
余热,14.2
余生,14.272727272727273
余下,10.428571428571429
余韵,14.64
余震,12.894736842105264
鱼儿,6.2727272727272725
鱼饵,9.461538461538462
鱼肝油,14.0
鱼竿,10.095238095238095
鱼缸,7.8
鱼雷,11.95
鱼类,7.15
鱼鳞,8.555555555555555
鱼目混珠,12.153846153846153
鱼肉,8.55
鱼塘,10.391304347826088
鱼网,10.157894736842104
鱼虾,8.8125
娱乐,12.0
娱乐业,15.444444444444445
渔船,9.625
渔村,10.904761904761905
渔港,10.842105263157896
渔民,9.0
渔业,12.375
渔政,16.523809523809526
逾期,14.105263157894736
逾越,13.85
愉快,9.904761904761905
愉悦,10.19047619047619
瑜伽,17.2
榆树,11.0
愚蠢,10.722222222222221
愚公移山,9.565217391304348
愚昧,11.857142857142858
愚弄,11.96
舆论,14.526315789473685
舆情,16.941176470588236
与会,15.9375
与会者,15.461538461538462
与世隔绝,12.615384615384615
与众不同,11.038461538461538
予以,11.944444444444445
宇航,12.347826086956522
宇宙,13.473684210526315
羽毛,8.0
羽毛球,8.75
羽绒,12.28
羽翼,11.523809523809524
雨后春笋,12.185185185185185
雨量,12.333333333333334
雨伞,6.0
雨水,7.57894737
雨天,7.043478260869565
雨雪,8.727272727272727
语法,11.476190476190476
语境,13.666666666666666
语录,12.421052631578947
语气,10.833333333333334
语调,11.7
语文,7.782608695652174
语言,8.363636363636363
语言学,14.678571428571429
语音,11.521739130434783
玉露,13.61111111111111
玉米,5.7894736842105265
玉女,15.590909090909092
玉器,10.764705882352942
玉石,12.0
郁闷,11.571428571428571
育才,13.238095238095237
育儿,17.7619048
育婴,15.368421052631579
育种,14.0
狱卒,13.0
浴场,13.8125
浴缸,10.695652173913043
浴室,8.565217391304348
浴衣,11.24
预案,12.9
预报,11.181818181818182
预备,10.1
预测,9.85
预订,12.9
预定,10.842105263157896
预防,11.227272727272727
预防针,8.88
预付,15.444444444444445
预感,10.052631578947368
预告,10.047619047619047
预估,15.1
预计,11.15
预见,13.45
预警,12.454545454545455
预科,15.631578947368421
预料,12.363636363636363
预留,12.8
预谋,12.6
预期,13.391304347826088
预热,15.9375
预赛,13.1
预设,13.0
预示,11.857142857142858
预售,14.523809523809524
预算,16.352941176470587
预算案,15.95
预想,12.5
预言,11.0
预约,14.095238095238095
预兆,11.461538461538462
预知,13.619047619047619
预祝,12.590909090909092
域名,13.722222222222221
欲哭无泪,13.076923076923077
欲望,12.35
遇到,9.833333333333334
遇害,11.833333333333334
遇见,10.31578947368421
遇难,11.714285714285714
遇险,11.55
御赐,13.652173913043478
御寒,12.8
御医,12.296296296296296
御用,14.631578947368421
寓言,10.23076923076923
寓意,11.277777777777779
愈合,12.578947368421053
誉为,11.7647059
鸳鸯,11.05
冤仇,12.695652173913043
冤家,12.217391304347826
冤情,11.68421052631579
冤枉,10.5
冤狱,14.478260869565217
渊博,12.807692307692308
渊源,13.857142857142858
元件,13.590909090909092
元老,14.736842105263158
元年,12.526315789473685
元气,14.11111111111111
元首,13.0
元帅,11.904761904761905
元素,12.826086956521738
元宵,8.210526315789474
元凶,13.875
元音,11.954545454545455
园丁,10.173913043478262
园林,10.2857143
园区,14.142857142857142
园艺,12.80952380952381
园长,7.0
员工,12.631578947368421
原版,13.125
原本,9.31578947368421
原产地,13.227272727272727
原创,13.391304347826088
原地,8.15
原点,11.090909090909092
原定,12.7
原稿,13.619047619047619
原告,14.95
原籍,13.4
原价,10.578947368421053
原件,12.761904761904763
原来,8.8
原理,10.5
原谅,8.578947368421053
原料,9.857142857142858
原貌,12.45
原名,10.85
原判,15.0
原始,10.380952380952381
原文,10.842105263157896
原型,12.363636363636363
原野,10.727272727272727
原因,9.25
原油,13.9
原有,11.826086956521738
原则,13.1875
原址,13.789473684210526
原著,12.9375
原装,11.19047619047619
原状,10.761904761904763
原子,14.470588235294118
原子笔,11.08695652173913
原子能,14.578947368421053
原罪,14.0
原作,13.0
圆滑,11.428571428571429
圆满,12.636363636363637
圆梦,14.857142857142858
圆润,13.714285714285714
圆形,7.526315789473684
圆周,11.636363636363637
圆周率,12.363636363636363
圆桌,8.9
援兵,11.409090909090908
援建,13.944444444444445
援手,14.5
援引,14.833333333333334
援助,13.166666666666666
缘分,13.11111111111111
缘故,13.157894736842104
缘起,14.80952380952381
缘由,14.666666666666666
缘于,11.105263157894736
猿猴,10.272727272727273
源泉,13.2105263
源头,11.652173913043478
源于,13.0
源自,13.526315789473685
远程,13.80952380952381
远处,9.0
远大,9.578947368421053
远方,12.26086956521739
远房亲戚,11.636363636363637
远古,12.607142857142858
远行,11.333333333333334
远航,13.2
远见,12.666666666666666
远近,9.26086956521739
远景,12.863636363636363
远离,10.130434782608695
远亲,11.304347826086957
远去,11.052631578947368
远眺,11.647058823529411
远洋,13.894736842105264
远洋轮,15.636363636363637
远远,10.05
远在,11.9047619
远征,12.571428571428571
远足,14.0
怨恨,10.807692307692308
怨言,11.095238095238095
院方,14.666666666666666
院落,11.095238095238095
院士,16.09090909090909
院所,11.7
院团,13.05
院系,14.6
院线,13.5
院校,13.454545454545455
院长,11.6875
院子,7.944444444444445
愿景,12.789473684210526
愿望,9.80952380952381
愿意,8.148148148148149
约定,12.2
约好,10.166666666666666
约会,14.3
约见,11.954545454545455
约束,12.473684210526315
约数,11.681818181818182
月饼,6.636363636363637
月初,11.565217391304348
月底,9.142857142857142
月供,15.85
月光,8.35
月黑风高,13.409090909090908
月经,14.478260869565217
月刊,12.80952380952381
月历,9.68421052631579
月亮,5.5
月球,10.85
月全食,13.857142857142858
月嫂,14.625
月食,12.037037037037036
月台,13.705882352941176
月薪,13.285714285714286
岳父,14.095238095238095
岳母,14.294117647058824
阅兵,11.818181818181818
阅读,8.952380952380953
阅卷,10.857142857142858
阅历,13.055555555555555
悦耳,11.545454545454545
跃动,12.454545454545455
跃居,14.4375
跃起,11.0
跃升,15.1
越过,10.444444444444445
越级,13.473684210526315
越剧,14.333333333333334
越南,11.368421052631579
越位,16.047619047619047
越洋,13.789473684210526
越野,13.578947368421053
越野车,13.08695652173913
越狱,13.045454545454545
越狱犯,13.869565217391305
越战,13.68421052631579
粤剧,11.578947368421053
粤语,11.882352941176471
晕倒,8.5
云层,10.9473684
云端,12.954545454545455
云朵,8.391304347826088
云海,11.833333333333334
云集,12.590909090909092
云梯,13.454545454545455
云雾,9.714285714285714
云霄,12.695652173913043
云游,14.333333333333334
允诺,11.23076923076923
允许,10.3
陨石,11.666666666666666
陨石坑,14.481481481481481
孕妇,9.333333333333334
孕吐,16.944444444444443
孕育,13.157894736842104
运程,13.653846153846153
运筹帷幄,14.333333333333334
运到,11.470588235294118
运抵,14.5
运动,7.363636363636363
运动量,11.576923076923077
运动员,8.590909090909092
运费,15.217391304347826
运行,12.095238095238095
运河,12.36
运回,12.68421052631579
运价,13.384615384615385
运力,14.277777777777779
运气,10.045454545454545
运球,11.6666667
运输,9.904761904761905
运输业,13.277777777777779
运送,10.55
运算,10.25
运往,10.863636363636363
运营,14.636363636363637
运用,11.25
运载,12.35
运转,12.35
运作,12.736842105263158
酝酿,14.166666666666666
愠怒,13.590909090909092
韵律,12.304347826086957
韵母,9.347826086956522
韵味,14.526315789473685
蕴藏,12.75
蕴含,14.6
熨斗,11.35
匝道,16.263157894736842
杂草,8.85
杂费,10.535714285714286
杂技,10.954545454545455
杂技团,10.956521739130435
杂交,14.526315789473685
杂乱,10.818181818181818
杂念,12.954545454545455
杂食,12.05
杂务,11.851851851851851
杂物,9.75
杂志,10.9
杂质,12.173913043478262
砸碎,9.32
砸中,12.3125
咋舌,14.461538461538462
灾害,12.7
灾民,13.0625
灾难,10.428571428571429
灾情,12.571428571428571
灾区,10.588235294117647
栽培,12.6875
栽赃,13.321428571428571
栽种,10.181818181818182
仔细,9.263157894736842
载货,12.571428571428571
载客,14.380952380952381
载入,13.31578947368421
载体,14.05
载有,13.38888888888889
载重,13.2
宰割,13.5
宰相,13.954545454545455
再会,10.869565217391305
再婚,12.263157894736842
再见,7.166666666666667
再审,15.5
再生,15.105263157894736
再现,12.619047619047619
再造,15.052631578947368
在场,9.894736842105264
在岗,14.4736842
在行,14.235294117647058
在乎,11.695652173913043
在即,13.444444444444445
在家,6.5
在建,13.631578947368421
在世,10.916666666666666
在所不惜,14.636363636363637
在逃,12.105263157894736
在望,13.5625
在位,11.304347826086957
在先,13.5
在线,14.391304347826088
在校,8.789473684210526
在押,16.352941176470587
在意,10.545454545454545
在职,16.6190476
在座,11.421052631578947
攒动,13.2
暂定,12.5625
暂行,11.619047619047619
暂缓,12.521739130434783
暂停,9.952380952380953
暂住,11.25
赞成,8.05
赞成票,10.333333333333334
赞美,9.8
赞美诗,11.217391304347826
赞赏,9.263157894736842
赞颂,11.851851851851851
赞叹,11.727272727272727
赞同,10.166666666666666
赞许,8.736842105263158
赞扬,9.238095238095237
赞誉,13.35
赞助,13.6
赞助商,14.62962962962963
赃款,14.4
赃物,12.409090909090908
脏话,7.368421052631579
脏器,12.578947368421053
葬礼,11.25
遭到,10.35
遭受,10.73913043478261
遭殃,11.052631578947368
遭遇,13.375
糟糕,10.5
糟蹋,14.0
早报,11.0
早餐,6.571428571428571
早操,8.925925925925926
早产,16.38095238095238
早晨,6.863636363636363
早点,7.411764705882353
早饭,5.25
早教,13.727272727272727
早盘,18.94736842105263
早期,10.653846153846153
早起,7.476190476190476
早上,7.074074074074074
早于,9.473684210526315
澡堂,9.652173913043478
灶台,8.807692307692308
造成,8.9
造船,10.352941176470589
造反,10.714285714285714
造访,14.65
造福,13.631578947368421
造化,13.08
造假,13.0
造价,15.944444444444445
造就,13.947368421052632
造林,11.75
造势,18.35
造物主,12.363636363636363
造型,11.368421052631579
造血,13.2941176
造谣,11.210526315789474
造诣,15.782608695652174
造纸,10.5
噪声,10.6
噪音,10.19047619047619
燥热,12.409090909090908
躁动,12.375
责备,10.28
责编,17.823529411764707
责成,16.0
责罚,11.727272727272727
责怪,9.0
责令,14.31578947368421
责任,12.227272727272727
责任感,12.384615384615385
择偶,14.894736842105264
择校,11.11111111111111
择业,17.0
择优,13.681818181818182
贼船,11.80952380952381
增补,13.047619
增产,14.2
增持,16.785714285714285
增大,8.217391304347826
增多,9.476190476190476
增发,13.35
增幅,15.1
增高,10.0
增加,7.3
增减,8.263157894736842
增进,11.818181818181818
增量,14.11111111111111
增派,13.894736842105264
增配,14.55
增强,12.3
增设,12.5
增生,17.3
增收,12.545454545454545
增速,12.210526315789474
增添,11.590909090909092
增效,11.9
增压,13.95
增援,12.608695652173912
增长,9.285714285714286
增值,14.75
增资,16.95
憎恨,11.608695652173912
赠品,11.9375
赠送,9.476190476190476
赠与,11.095238095238095
扎堆,13.1333333
扎根,12.090909090909092
扎实,13.333333333333334
渣土,11.625
渣滓,15.8
札记,15.6
闸门,13.904761904761905
眨眼,8.052631578947368
诈骗,12.45
栅栏,10.5
炸弹,10.15
炸鸡,12.925925925925926
炸伤,11.952380952380953
炸药,9.368421052631579
蚱蜢,12.136363636363637
榨取,13.521739130434783
斋戒,13.84
摘除,11.777777777777779
摘得,12.055555555555555
摘掉,10.842105263157896
摘录,13.11111111111111
摘牌,16.0
摘取,12.19047619047619
摘要,13.105263157894736
摘自,13.3684211
宅门,12.052631578947368
宅男,15.695652173913043
宅院,10.73913043478261
窄小,10.363636363636363
债权,18.42105263157895
债权人,18.142857142857142
债券,19.3
债市,17.523809523809526
债务,14.291666666666666
债主,12.578947368421053
寨主,11.592592592592593
沾染,13.454545454545455
毡帽,12.772727272727273
粘膜,14.142857142857142
粘贴,10.555555555555555
粘土,11.307692307692308
粘液,10.619047619047619
瞻仰,13.851851851851851
斩草除根,13.25925925925926
斩首,12.61111111111111
展板,14.136363636363637
展出,11.772727272727273
展馆,12.434782608695652
展会,13.555555555555555
展开,10.117647058823529
展览,12.473684210526315
展露,11.772727272727273
展品,13.2380952
展区,13.238095238095237
展示,9.904761904761905
展台,12.3125
展厅,12.956521739130435
展望,12.619047619047619
展位,14.523809523809524
展现,11.6
展销,12.8
展演,14.11111111111111
展映,13.68421052631579
崭新,11.636363636363637
辗转,13.666666666666666
占便宜,10.578947368421053
占卜,13.518518518518519
占到,11.052631578947368
占地,11.476190476190476
占据,11.7
占领,11.25
占领区,13.476190476190476
占星,13.826086956521738
占星术,14.76
占用,10.8
占优,13.25
占有,9.789473684210526
占有率,13.576923076923077
栈道,16.55
战罢,15.1
战报,11.95
战备,12.157894736842104
战场,10.136363636363637
战车,12.1875
战斗,10.25
战斗力,10.961538461538462
战法,13.666666666666666
战果,12.333333333333334
战火,11.619047619047619
战祸,12.692307692307692
战机,9.647058823529411
战绩,13.4375
战舰,11.409090909090908
战将,11.95
战局,13.80952380952381
战乱,11.526315789473685
战略,13.55
战幕,16.444444444444443
战袍,11.9
战平,12.411764705882353
战区,13.38888888888889
战胜,9.833333333333334
战士,10.263157894736842
战事,12.238095238095237
战术,15.0
战线,12.105263157894736
战役,11.7368421
战友,11.0
战争,10.363636363636363
站点,11.0
站岗,10.545454545454545
站立,6.2631578947368425
站牌,10.833333333333334
站台,10.782608695652174
站位,11.318181818181818
站稳,8.217391304347826
站长,12.666666666666666
绽放,11.105263157894736
湛蓝,11.608695652173912
张开,8.058823529411764
张口,5.444444444444445
张力,14.952380952380953
张罗,12.4761905
张贴,10.380952380952381
张望,8.19047619047619
张扬,11.4375
张嘴,5.869565217391305
章程,13.4
章节,9.545454545454545
章鱼,10.909090909090908
彰显,15.05
樟脑,13.555555555555555
蟑螂,10.272727272727273
长辈,6.619047619047619
长成,11.375
长城,9.80952380952381
长处,8.91304347826087
长传,14.823529411764707
长达,10.136363636363637
长大,9.6
长笛,11.535714285714286
长度,8.05
长短,6.45
长发,6.842105263157895
长方形,7.48
长官,10.909090909090908
长河,11.555555555555555
长假,8.263157894736842
长进,11.181818181818182
长颈鹿,8.26086956521739
长久,10.523809523809524
长卷,14.45
长裤,9.4
长廊,10.65
长矛,10.5
长命百岁,9.25925925925926
长跑,9.909090909090908
长篇,10.68421052631579
长期,10.045454545454545
长青,13.857142857142858
长裙,8.35
长势,11.65
长寿,10.181818181818182
长途,13.6875
长途跋涉,11.592592592592593
长相,10.65
长效,13.0
长幼有序,11.8
长于,10.0
长远,12.571428571428571
长者,10.117647058823529
长征,12.4375
长子,10.954545454545455
长足,14.55
涨跌,15.2
涨幅,15.2
涨价,10.631578947368421
涨势,13.857142857142858
涨停,16.61111111111111
掌舵,12.842105263157896
掌管,12.333333333333334
掌柜,13.1
掌控,13.45
掌门人,13.391304347826088
掌权,13.833333333333334
掌声,8.35
掌纹,11.0
掌握,10.863636363636363
丈夫,11.789473684210526
丈量,12.884615384615385
帐号,12.5
帐户,13.05
帐幕,12.821428571428571
帐篷,10.1
账本,12.045454545454545
账单,14.125
账号,14.55
账户,15.875
账面,13.857142857142858
账目,13.904761904761905
障碍,10.529411764705882
瘴气,14.083333333333334
招标,17.125
招兵,12.181818181818182
招待,11.090909090909092
招工,14.380952380952381
招供,12.1
招股,18.235294117647058
招呼,10.210526315789474
招考,13.35
招揽,14.055555555555555
招录,15.157894736842104
招募,14.052631578947368
招牌,11.222222222222221
招聘,15.222222222222221
招聘会,16.5
招认,11.777777777777779
招商,15.0
招生,11.19047619047619
招收,13.333333333333334
招手,7.105263157894737
招数,12.7894737
招摇,12.75
招致,13.136363636363637
招租,14.130434782608695
昭示,15.19047619047619
昭雪,13.48
昭彰,16.263157894736842
爪牙,12.272727272727273
找到,8.15
找回,10.142857142857142
找寻,9.166666666666666
找找,7.684210526315789
沼气,13.407407407407407
沼泽,11.681818181818182
召唤,13.38888888888889
召回,13.304347826086957
召集,11.363636363636363
召集人,11.64
召见,12.909090909090908
召开,12.782608695652174
召募,14.0
兆头,13.363636363636363
照搬,12.473684210526315
照常,11.235294117647058
照顾,9.578947368421053
照旧,11.76
照看,10.681818181818182
照亮,8.52380952
照料,10.904761904761905
照明,9.619047619047619
照明灯,9.227272727272727
照片,7.625
照射,10.565217391304348
照相,8.428571428571429
照样,9.727272727272727
照耀,10.65
照应,12.263157894736842
照着,9.65
肇事,14.6
遮蔽,10.842105263157896
遮丑,13.12
遮挡,11.0
遮风挡雨,12.869565217391305
遮盖,12.0
遮掩,10.631578947368421
遮阳,9.619047619047619
遮住,11.0
折叠,9.0
折断,8.65
折返,11.318181818181818
折服,14.263157894736842
折合,13.363636363636363
折价,11.3
折旧,13.2
折扣,13.130434782608695
折磨,12.6875
折射,13.5
折算,13.25
折腾,12.380952380952381
哲理,14.1
哲学,15.529411764705882
哲学系,17.043478260869566
蛰伏,15.583333333333334
这般,12.4666667
这边,6.380952380952381
这种,8.607142857142858
蔗糖,12.035714285714286
鹧鸪,11.631578947368421
着火,10.428571428571429
着急,10.761904761904763
着力,13.105263157894736
着陆,11.35
着落,12.722222222222221
着迷,11.95
着色,13.391304347826088
着手,12.789473684210526
着想,11.555555555555555
着眼,14.647058823529411
着重,13.0
着装,10.0
贞操,15.2
贞洁,14.285714285714286
针对,11.090909090909092
针灸,16.19047619047619
针孔,10.409090909090908
针线,9.807692307692308
侦办,15.65
侦察,11.421052631578947
侦破,11.6
侦探,11.777777777777779
珍爱,14.05
珍宝,9.894736842105264
珍藏,11.444444444444445
珍贵,9.11111111111111
珍品,15.210526315789474
珍奇,12.444444444444445
珍视,12.571428571428571
珍惜,12.904761904761905
珍稀,11.210526315789474
珍重,13.263157894736842
珍珠,9.63157895
真诚,9.73913043478261
真谛,15.227272727272727
真话,8.2
真迹,13.23076923076923
真假,7.857142857142857
真菌,13.041666666666666
真空,12.736842105263158
真理,13.222222222222221
真面目,12.434782608695652
真皮,13.869565217391305
真切,11.681818181818182
真情,11.173913043478262
真人,10.11111111111111
真实,9.875
真伪,11.842105263157896
真相,11.136363636363637
真心,10.3
真正,8.380952380952381
真挚,12.19047619047619
砧板,11.857142857142858
斟酌,14.0625
甄别,14.869565217391305
甄选,15.095238095238095
榛子,11.76923076923077
箴言,14.272727272727273
诊断,10.227272727272727
诊疗,13.5
诊室,10.55
诊所,9.3
诊治,10.631578947368421
枕头,6.681818181818182
缜密,14.38888888888889
阵地,12.052631578947368
阵风,9.947368421052632
阵脚,15.4210526
阵容,12.8
阵痛,13.35
阵亡,11.772727272727273
阵型,13.0
阵营,13.263157894736842
阵雨,9.681818181818182
振荡,11.65
振动,10.9
振奋,12.347826086956522
振兴,14.0
震荡,11.476190476190476
震动,8.666666666666666
震感,14.058823529411764
震撼,11.9375
震惊,11.0
震慑,15.142857142857142
震源,15.666666666666666
震中,12.88888888888889
镇定,12.6875
镇静,11.96
镇静剂,13.72
镇痛,12.409090909090908
镇压,11.807692307692308
镇长,12.2
争霸,11.7
争吵,10.333333333333334
争斗,12.05
争端,11.61111111111111
争夺,11.277777777777779
争冠,12.38888888888889
争光,12.263157894736842
争论,10.380952380952381
争气,12.476190476190476
争抢,10.0
争取,11.8421053
争先,10.130434782608695
争先恐后,12.571428571428571
争议,13.136363636363637
争议性,13.32
争执,11.9
征兵,14.238095238095237
征兵制,14.789473684210526
征程,13.166666666666666
征得,12.105263157894736
征地,12.722222222222221
征服,12.130434782608695
征管,15.681818181818182
征婚,14.523809523809524
征集,13.217391304347826
征求,13.166666666666666
征收,12.5625
征税,17.736842105263158
征途,12.590909090909092
征文,12.4761905
征询,13.35
征用,13.333333333333334
征战,12.1875
征兆,13.73913043478261
狰狞,12.5
睁开,7.95
蒸发,13.35
蒸馏,14.173913043478262
蒸汽,11.421052631578947
蒸汽机,13.476190476190476
拯救,12.136363636363637
整版,12.0
整备,12.5
整顿,12.19047619047619
整改,14.85
整个,9.2
整合,17.6
整机,15.380952380952381
整洁,7.842105263157895
整理,8.954545454545455
整齐,9.1
整容,14.65
整数,8.73913043478261
整套,12.625
整体,10.9
整天,8.25
整形,15.625
整修,11.857142857142858
整治,13.428571428571429
整装待发,13.925925925925926
正版,13.764705882352942
正比,11.3125
正餐,11.578947368421053
正常,9.136363636363637
正当,13.142857142857142
正道,13.3
正方,10.458333333333334
正方体,9.238095238095237
正逢,12.421052631578947
正负,11.869565217391305
正规,9.45
正规军,13.045454545454545
正轨,13.61111111111111
正经,12.15
正门,7.684210526315789
正面,8.88888888888889
正名,15.11111111111111
正派,11.652173913043478
正品,13.333333333333334
正气,11.736842105263158
正气凛然,13.11111111111111
正确,5.714285714285714
正式,11.857142857142858
正视,12.736842105263158
正数,11.272727272727273
正统,12.9444444
正文,11.08695652173913
正义,11.454545454545455
正义感,11.047619047619047
正月,9.454545454545455
正着,12.736842105263158
正直,10.6
正值,11.052631578947368
正职,15.304347826086957
正中,11.380952380952381
正宗,11.61111111111111
证词,14.347826086956522
证号,12.777777777777779
证件,11.347826086956522
证据,13.31578947368421
证明,10.294117647058824
证券,17.526315789473685
证券业,17.782608695652176
证人,12.818181818181818
证实,12.5238095
证书,11.857142857142858
证物,12.826086956521738
证言,13.95
证照,13.666666666666666
郑重,12.173913043478262
政变,15.095238095238095
政策,12.181818181818182
政党,14.9
政敌,14.047619047619047
政府,11.65
政府部门,12.909090909090908
政纪,17.666666666666668
政绩,17.2
政见,14.05
政界,15.428571428571429
政局,14.470588235294118
政客,13.368421052631579
政权,14.761904761904763
政坛,16.6842105
政务,14.95
政要,16.3
政治,14.318181818181818
政治局,16.09090909090909
挣钱,10.0
挣脱,10.476190476190476
挣扎,12.157894736842104
症结,14.578947368421053
症状,11.090909090909092
之后,9.48
之际,14.117647058823529
之间,10.857142857142858
之类,11.105263157894736
之前,8.038461538461538
支部,14.45
支撑,11.695652173913043
支持,11.9375
支持率,12.64
支出,13.15
支点,12.6
支队,12.714285714285714
支付,12.904761904761905
支行,16.5
支架,12.117647058823529
支教,16.25
支离破碎,12.76
支流,11.590909090909092
支农,17.45
支配,14.333333333333334
支票,12.944444444444445
支票簿,15.772727272727273
支气管,13.346153846153847
支取,13.4
支线,14.444444444444445
支援,10.052631578947368
支招,13.38888888888889
支柱,12.722222222222221
只顾,10.619047619047619
只管,10.777777777777779
只好,8.263157894736842
只见,11.083333333333334
只身,12.947368421052632
只用,9.2
只有,9.56
汁液,11.16
芝麻,9.473684210526315
芝士,14.272727272727273
枝节,11.884615384615385
枝叶,7.809523809523809
知道,7.095238095238095
知会,12.481481481481481
知己,14.047619047619047
知觉,9.894736842105264
知名,13.0526316
知情,11.73913043478261
知识,9.772727272727273
知识分子,12.363636363636363
知晓,12.6
知心,12.523809523809524
知心人,12.130434782608695
知音,13.166666666666666
知足,11.0
知足常乐,12.608695652173912
肢解,13.818181818181818
肢体,9.555555555555555
织布,10.821428571428571
脂肪,11.91304347826087
蜘蛛,7.2272727272727275
执笔,11.73913043478261
执导,15.61111111111111
执法,13.588235294117647
执行,11.476190476190476
执黑,17.0
执教,13.590909090909092
执勤,13.5714286
执业,15.55
执掌,12.75
执照,14.681818181818182
执着,13.4
执政,12.904761904761905
执政党,15.4
执著,12.954545454545455
直白,11.157894736842104
直奔,11.090909090909092
直播,14.833333333333334
直达,10.842105263157896
直到,10.35
直观,12.95
直航,13.352941176470589
直击,15.25
直降,12.863636363636363
直角,9.523809523809524
直觉,11.1
直接,8.894736842105264
直径,12.272727272727273
直流,12.166666666666666
直流电,14.333333333333334
直率,12.19047619047619
直面,13.521739130434783
直升机,11.409090909090908
直视,11.518518518518519
直属,14.125
直通,12.833333333333334
直线,7.0625
直销,15.619047619047619
直选,15.5
直言,11.352941176470589
直译,15.130434782608695
侄女,10.25
侄子,11.45
值班,12.75
值得,10.181818181818182
值钱,11.380952380952381
值日,8.384615384615385
值守,15.15
职场,14.555555555555555
职称,14.35
职工,14.5
职级,15.9
职能,15.25
职权,14.947368421052632
职位,15.88888888888889
职务,13.166666666666666
职业,12.736842105263158
职业病,14.148148148148149
职员,13.19047619047619
职责,14.857142857142858
植被,12.947368421052632
植入,14.6315789
植树,7.826086956521739
植物,7.2727272727272725
植物园,10.35
殖民,15.0
殖民地,12.333333333333334
止步,10.476190476190476
止跌,16.52173913043478
止咳,9.736842105263158
止渴,9.26086956521739
止痛,8.88888888888889
止痛药,11.052631578947368
止血,9.347826086956522
止住,10.863636363636363
旨意,12.923076923076923
旨在,14.1904762
纸杯,9.476190476190476
纸币,7.619047619047619
纸袋,8.307692307692308
纸巾,5.9523809523809526
纸上谈兵,11.473684210526315
纸条,8.0625
纸箱,6.217391304347826
纸业,12.45
纸张,7.454545454545454
纸质,8.0
指标,13.7
指出,10.0
指导,10.68421052631579
指点,12.272727272727273
指定,10.222222222222221
指挥,9.421052631578947
指挥棒,12.481481481481481
指甲,6.285714285714286
指尖,9.36
指控,16.0
指令,13.35
指名,11.695652173913043
指明,12.6
指南,9.818181818181818
指南针,10.16
指派,13.631578947368421
指认,13.227272727272727
指使,11.15
指示,11.5
指数,14.434782608695652
指头,7.36
指望,13.75
指纹,12.55
指向,10.8125
指引,10.714285714285714
指责,10.428571428571429
指针,8.470588235294118
至宝,12.814814814814815
至此,12.625
至极,12.95
至今,10.894736842105264
至上,14.761904761904763
至友,14.904761904761905
至尊,14.619047619047619
志气,11.954545454545455
志向,11.157894736842104
志愿,11.85
志愿军,13.434782608695652
制裁,13.88888888888889
制成,12.777777777777779
制订,11.210526315789474
制定,13.166666666666666
制动,14.666666666666666
制毒,16.210526315789473
制度,12.523809523809524
制伏,13.842105263157896
制服,12.476190476190476
制衡,13.842105263157896
制剂,15.8947368
制假,14.090909090909092
制冷,13.227272727272727
制片,15.9
制品,11.714285714285714
制胜,13.041666666666666
制式,15.470588235294118
制售,13.294117647058824
制图,12.695652173913043
制药,12.285714285714286
制衣厂,13.090909090909092
制约,13.956521739130435
制造,11.263157894736842
制造商,13.666666666666666
制止,13.0
制作,11.166666666666666
质变,14.421052631578947
质地,16.0
质感,15.277777777777779
质检,13.894736842105264
质量,10.476190476190476
质料,14.761904761904763
质朴,14.2631579
质问,12.35
质询,14.95
质疑,10.818181818181818
炙手可热,12.653846153846153
治安,11.409090909090908
治本,15.2380952
治标,14.142857142857142
治病,8.047619047619047
治国,12.3125
治理,13.818181818181818
治疗,10.952380952380953
治水,11.090909090909092
治污,14.95
治学,13.31578947368421
治愈,12.6
挚爱,15.473684210526315
挚友,14.727272727272727
桎梏,16.058823529411764
致癌,13.1
致癌物,14.782608695652174
致病,11.35
致残,12.363636363636363
致辞,15.875
致电,13.65
致富,14.625
致函,14.15
致敬,10.428571428571429
致力,13.0
致命,12.6875
致歉,10.090909090909092
致使,13.714285714285714
致死,12.857142857142858
致谢,10.947368421052632
致信,11.842105263157896
致以,15.055555555555555
致意,15.105263157894736
秩序,11.090909090909092
痔疮,15.31578947368421
窒息,13.11111111111111
智多星,12.19047619047619
智慧,10.944444444444445
智库,18.764705882352942
智力,10.142857142857142
智能,16.0
智商,10.947368421052632
智者,12.8947368
滞后,14.826086956521738
滞留,15.045454545454545
滞销,18.1
置办,12.5
置换,14.68421052631579
置身,14.0
置身事外,13.954545454545455
置业,16.608695652173914
置于,11.863636363636363
稚嫩,10.904761904761905
中饱私囊,14.681818181818182
中标,17.772727272727273
中餐,8.31578947368421
中层,14.647058823529411
中产,17.77777777777778
中弹,11.12
中等,9.181818181818182
中毒,9.23809524
中断,10.428571428571429
中队,12.55
中方,12.75
中风,16.0
中锋,13.476190476190476
中国,7.681818181818182
中国人,6.9
中级,9.818181818181818
中坚,14.9
中间人,13.814814814814815
中奖,8.45
中介,14.75
中肯,12.0
中立,12.714285714285714
中流砥柱,15.173913043478262
中年,11.192307692307692
中盘,18.4375
中签,15.235294117647058
中秋,8.115384615384615
中秋节,7.4
中式,11.619047619047619
中枢,15.4736842
中枢神经,15.272727272727273
中暑,10.85
中水,17.357142857142858
中外,12.0
中卫,14.31578947368421
中文,8.0
中午,6.851851851851852
中线,14.318181818181818
中邪,14.333333333333334
中心,9.75
中型,11.0
中性,13.26086956521739
中学,11.25
中央,12.05
中药,9.5625
中医,10.904761904761905
中意,11.904761904761905
中庸,14.090909090909092
中雨,10.470588235294118
中原,11.695652173913043
中职,15.6666667
中止,11.181818181818182
中指,10.380952380952381
中转,15.333333333333334
忠诚,10.578947368421053
忠告,12.894736842105264
忠烈,13.363636363636363
忠实,11.5
忠孝,13.045454545454545
忠心,12.590909090909092
忠义,11.818181818181818
忠于,11.555555555555555
忠贞,13.5
终场,14.55
终点,10.31578947368421
终端,15.555555555555555
终极,16.055555555555557
终结,13.631578947368421
终年,12.38888888888889
终身,11.857142857142858
终审,16.75
终生,12.727272727272727
终止,11.052631578947368
钟爱,14.5263158
钟表,8.608695652173912
钟楼,12.125
钟情,14.454545454545455
钟乳石,12.0
钟声,8.55
钟意,13.0
衷心,13.523809523809524
肿瘤,12.791666666666666
肿胀,10.526315789473685
种地,8.722222222222221
种类,11.478260869565217
种粮,10.681818181818182
种群,12.91304347826087
种田,9.473684210526315
种业,13.833333333333334
种植,10.578947368421053
种子,7.909090909090909
种族,12.3809524
种族歧视,13.518518518518519
仲裁,15.333333333333334
仲夏,15.363636363636363
众多,9.619047619047619
众人,9.8125
众生,13.181818181818182
众所周知,12.105263157894736
重磅,11.333333333333334
重病,10.318181818181818
重播,11.1
重创,12.0
重大,10.95
重担,12.526315789473685
重蹈覆辙,14.521739130434783
重地,14.19047619047619
重点,9.722222222222221
重叠,8.368421052631579
重度,12.1
重罚,12.74074074074074
重返,13.25
重犯,14.91304347826087
重逢,11.25
重负,13.45
重复,8.5
重合,11.105263157894736
重回,12.0
重婚,14.894736842105264
重建,10.15
重金,12.6
重金属,14.11111111111111
重力,13.826086956521738
重量,10.0
重启,12.55
重拳,12.8125
重任,12.714285714285714
重伤,10.19047619047619
重赏,12.0
重申,13.176470588235293
重审,14.375
重生,13.0
重拾,13.5
重视,11.714285714285714
重塑,15.714285714285714
重托,12.88888888888889
重温,10.8
重现,11.61111111111111
重心,12.55
重新,9.73913043478261
重型,11.833333333333334
重压,13.666666666666666
重演,12.833333333333334
重要,9.631578947368421
重用,12.761904761904763
重灾区,12.904761904761905
重在,13.833333333333334
重振,13.105263157894736
重镇,13.8947368
重整,12.217391304347826
重症,14.090909090909092
重组,15.15
州长,15.047619047619047
周报,13.166666666666666
周边,10.954545454545455
周到,10.210526315789474
周刊,11.38888888888889
周密,14.409090909090908
周末,7.269230769230769
周期表,14.473684210526315
周全,12.5
周围,8.85
周薪,15.9
周旋,14.217391304347826
周折,13.777777777777779
周转,13.117647058823529
洲际,14.185185185185185
轴承,15.68421052631579
轴距,16.863636363636363
轴心,11.523809523809524
肘弯,13.12
咒骂,11.727272727272727
昼间,11.454545454545455
皱眉,8.842105263157896
皱纹,11.8095238
骤变,14.045454545454545
骤降,14.523809523809524
骤雨,11.178571428571429
朱红,12.352941176470589
朱砂,13.076923076923077
侏儒,12.956521739130435
珠宝,9.80952380952381
珠峰,12.115384615384615
株连,13.333333333333334
诸多,12.5
诸侯,13.409090909090908
诸如,11.8
猪脚,8.842105263157896
猪肉,5.045454545454546
蛛丝马迹,13.045454545454545
蛛网,9.296296296296296
竹竿,6.55
竹林,8.75
竹签,9.68421052631579
竹叶,9.0
竹子,6.15
逐步,12.434782608695652
逐出,13.130434782608695
逐渐,9.807692307692308
烛光,8.526315789473685
主板,14.333333333333334
主办,11.88888888888889
主编,11.157894736842104
主播,14.85
主裁,15.75
主菜,12.043478260869565
主场,13.45
主唱,13.3
主持,11.045454545454545
主持人,11.222222222222221
主厨,13.043478260869565
主创,15.052631578947368
主打,12.863636363636363
主导,12.5
主动,9.25
主队,13.565217391304348
主犯,14.0
主妇,14.9
主干,13.75
主攻,12.238095238095237
主观,13.333333333333334
主管,14.588235294117647
主婚,14.73076923076923
主机,13.3125
主见,12.35
主将,12.363636363636363
主讲,15.619047619047619
主角,12.142857142857142
主考官,13.23076923076923
主力,12.368421052631579
主流,13.35
主路,11.666666666666666
主脑,15.5
主仆,11.25
主权,14.85
主人,8.421052631578947
主人公,10.727272727272727
主任,11.38888888888889
主食,10.277777777777779
主使,11.80952380952381
主帅,14.052631578947368
主题,12.666666666666666
主体,13.761904761904763
主席,9.157894736842104
主线,14.3157895
主修,16.75
主演,12.826086956521738
主要,10.272727272727273
主业,15.526315789473685
主页,14.19047619047619
主义,12.73913043478261
主意,8.526315789473685
主因,11.666666666666666
主营,13.826086956521738
主宰,12.904761904761905
主张,12.391304347826088
主政,16.11111111111111
主旨,13.705882352941176
煮饭,8.538461538461538
嘱咐,11.789473684210526
嘱托,12.227272727272727
瞩目,12.2857143
助残,15.368421052631579
助产士,16.8
助攻,13.818181818181818
助教,14.333333333333334
助理,11.157894736842104
助手,10.714285714285714
助推,15.05
助威,11.35
助学,13.85
助学金,15.071428571428571
助长,12.157894736842104
助阵,11.318181818181818
住持,13.272727272727273
住处,10.571428571428571
住房,9.666666666666666
住户,10.75
住口,10.217391304347826
住所,9.285714285714286
住宿,9.782608695652174
住院,10.227272727272727
住宅,9.5
住宅区,11.318181818181818
住址,8.1
贮存,10.23076923076923
注册,13.157894736842104
注定,11.227272727272727
注解,10.8
注明,12.1
注目,10.28
注入,11.91304347826087
注射,11.375
注射器,9.85
注视,11.947368421052632
注释,11.6875
注水,10.857142857142858
注销,15.666666666666666
注意,7.294117647058823
注意力,9.772727272727273
注重,12.0625
注资,17.7
驻地,13.904761904761905
驻华,14.578947368421053
驻军,13.263157894736842
驻留,12.409090909090908
驻守,11.8
驻外,15.333333333333334
驻扎,13.6
驻足,12.31578947368421
柱子,7.444444444444445
祝福,9.61111111111111
祝贺,10.842105263157896
祝寿,11.37037037037037
祝愿,9.238095238095237
著称,15.0
著名,9.526315789473685
著书,14.181818181818182
著作,11.1578947
铸就,14.130434782608695
铸造,13.090909090909092
筑巢,12.333333333333334
抓捕,11.0
抓好,8.05
抓获,10.458333333333334
抓紧,8.105263157894736
抓拍,14.166666666666666
抓起,7.608695652173913
抓手,13.05
抓住,6.869565217391305
专案,15.421052631578947
专场,14.947368421052632
专车,16.454545454545453
专电,17.5333333
专访,14.285714285714286
专稿,16.11111111111111
专攻,14.25
专柜,14.217391304347826
专横,12.727272727272727
专户,16.764705882352942
专机,12.090909090909092
专辑,14.526315789473685
专家,11.5
专科,15.25
专款,15.38888888888889
专栏,12.954545454545455
专利,15.055555555555555
专列,13.473684210526315
专卖,12.476190476190476
专门,11.45
专区,13.45
专人,13.5
专属,10.772727272727273
专题,12.421052631578947
专线,14.954545454545455
专项,12.5
专心,9.4
专心致志,10.894736842105264
专业,12.08695652173913
专一,11.608695652173912
专营,15.9375
专用,11.7
专有,13.5625
专员,13.523809523809524
专长,10.529411764705882
专职,13.952380952380953
专制,13.235294117647058
专注,10.875
专著,12.476190476190476
砖块,10.904761904761905
砖墙,11.238095238095237
砖头,8.619047619047619
砖瓦,10.157894736842104
转包,17.27777777777778
转变,13.277777777777779
转播,13.4
转播权,17.035714285714285
转车,11.0
转达,10.31578947368421
转到,11.055555555555555
转动,9.88888888888889
转发,13.842105263157896
转给,11.75
转行,14.619047619047619
转化,14.333333333333334
转换,12.105263157894736
转会,15.5555556
转机,12.565217391304348
转嫁,14.952380952380953
转交,12.578947368421053
转卖,14.714285714285714
转暖,10.583333333333334
转盘,10.421052631578947
转让,14.0
转入,12.043478260869565
转身,8.772727272727273
转手,14.217391304347826
转送,12.277777777777779
转速,14.352941176470589
转投,17.5
转弯,8.136363636363637
转为,12.3333333
转向,9.85
转型,14.75
转学,10.521739130434783
转业,14.428571428571429
转移,10.5
转悠,11.35
转院,12.0
转运,14.7
转载,13.31578947368421
转战,13.227272727272727
转账,15.833333333333334
转折,10.68421052631579
转折点,13.928571428571429
转诊,14.736842105263158
转正,17.2105263
转转,9.88888888888889
转租,16.95
赚钱,9.090909090909092
赚取,12.210526315789474
撰稿,13.863636363636363
撰文,13.6
撰写,13.5
篆刻,13.391304347826088
妆容,15.1875
庄家,15.05
庄稼,8.0625
庄严,9.952380952380953
庄园,11.15
庄重,13.705882352941176
庄子,12.518518518518519
装扮,10.25
装备,11.409090909090908
装车,13.666666666666666
装点,13.523809523809524
装潢,14.0
装机,14.842105263157896
装甲,12.555555555555555
装甲车,11.347826086956522
装满,8.15
装模作样,11.357142857142858
装配,13.055555555555555
装入,8.944444444444445
装傻,11.136363636363637
装饰,10.11111111111111
装饰品,11.2
装束,12.307692307692308
装卸,13.894736842105264
装修,12.142857142857142
装有,11.222222222222221
装载,13.736842105263158
装在,9.64705882
装置,13.391304347826088
壮大,11.590909090909092
壮丁,11.851851851851851
壮观,12.4
壮举,11.619047619047619
壮丽,10.666666666666666
状告,12.333333333333334
状况,11.38888888888889
状态,12.652173913043478
状元,10.272727272727273
撞车,8.652173913043478
撞倒,9.409090909090908
撞击,9.473684210526315
撞伤,8.764705882352942
追兵,10.73913043478261
追捕,12.157894736842104
追查,12.681818181818182
追悼会,12.619047619047619
追赶,9.04761905
追高,15.857142857142858
追回,10.238095238095237
追击,11.8125
追加,13.869565217391305
追缴,15.8
追究,11.954545454545455
追捧,13.95
追求,12.6
追溯,15.210526315789474
追随,12.0
追尾,14.045454545454545
追问,10.0
追寻,10.894736842105264
追忆,13.428571428571429
追逐,11.05
追踪,11.55
锥形,11.035714285714286
坠毁,13.25
坠机,11.954545454545455
坠落,11.727272727272727
坠入,11.0
准备,8.5
准确,9.95
准确度,11.791666666666666
准入,13.263157894736842
准时,9.478260869565217
准许,12.5625
准则,13.75
拙劣,12.142857142857142
捉奸,13.807692307692308
捉摸,13.192307692307692
捉拿,11.666666666666666
捉拿归案,12.727272727272727
捉弄,11.818181818181818
捉住,8.666666666666666
桌布,8.956521739130435
桌面,9.565217391304348
桌椅,7.142857142857143
桌子,6.9411764705882355
灼热,10.807692307692308
茁壮,9.75
卓越,13.875
卓著,12.571428571428571
酌情,12.545454545454545
琢磨,13.380952380952381
咨询,13.9473684
姿色,12.222222222222221
姿势,10.695652173913043
姿态,12.863636363636363
资本,16.7
资本论,16.45
资产,13.714285714285714
资费,14.08695652173913
资格,11.31578947368421
资金,12.0
资历,14.521739130434783
资料,10.818181818181818
资料库,12.894736842105264
资深,15.130434782608695
资讯,14.31578947368421
资源,12.764705882352942
资质,15.263157894736842
资助,12.181818181818182
滋补,14.952381
滋润,10.095238095238095
滋生,11.952380952380953
滋事,14.25
滋味,8.73913043478261
滋养,11.619047619047619
子弹,9.090909090909092
子弟,11.5
子宫,13.65
子爵,13.956521739130435
子民,12.23076923076923
子女,9.9
子嗣,14.304347826086957
子孙,8.736842105263158
子午线,13.708333333333334
子夜,13.941176470588236
姊妹,10.090909090909092
紫红,10.857142857142858
紫色,7.555555555555555
紫砂,13.105263157894736
紫外光,15.285714285714286
自拔,12.789473684210526
自卑,11.875
自备,12.238095238095237
自查,13.904761904761905
自嘲,13.588235294117647
自称,10.875
自筹,17.714285714285715
自传,15.666666666666666
自创,13.714285714285714
自此,11.590909090909092
自从,9.857142857142858
自大,10.263157894736842
自动,8.2
自动化,14.727272727272727
自发,12.833333333333334
自费,13.7
自负,11.526315789473685
自古,9.619047619047619
自豪,10.722222222222221
自己,5.714285714285714
自荐,14.222222222222221
自觉,9.047619047619047
自尽,11.857142857142858
自救,12.631578947368421
自控,15.0
自理,11.631578947368421
自立,11.6315789
自律,12.478260869565217
自满,11.454545454545455
自强,12.272727272727273
自然,10.25
自然规律,11.857142857142858
自燃,12.80952380952381
自如,12.391304347826088
自杀,10.421052631578947
自身,10.555555555555555
自省,14.08695652173913
自首,12.181818181818182
自述,11.173913043478262
自私,11.157894736842104
自私自利,11.476190476190476
自卫,12.235294117647058
自我,10.6
自习,11.68421052631579
自信,10.227272727272727
自信心,11.88888888888889
自选,12.2857143
自学,10.714285714285714
自以为是,11.35
自营,16.238095238095237
自用,12.866666666666667
自由,11.0
自由自在,11.272727272727273
自愿,11.095238095238095
自在,11.136363636363637
自责,11.25
自制,13.0
自治,13.65
自重,12.578947368421053
自主,11.318181818181818
自主性,11.636363636363637
自助,13.222222222222221
自助餐,13.478260869565217
自尊,9.68421052631579
字典,8.428571428571429
字号,15.9
字画,9.2
字迹,10.1
字母,6.136363636363637
字幕,12.368421052631579
字数,7.863636363636363
字体,8.2
字形,10.7
字眼,10.818181818181818
字样,13.133333333333333
字义,12.227272727272727
恣意,14.523809523809524
宗教,14.0
宗派,13.74074074074074
宗师,13.538461538461538
宗旨,16.1
宗族,13.545454545454545
综合,11.85
综述,14.3
棕榈,13.8
棕色,7.684210526315789
踪迹,12.681818181818182
踪影,10.15
总部,13.1
总裁,13.772727272727273
总督,16.1
总队,12.3125
总额,10.476190476190476
总分,9.714285714285714
总管,14.043478260869565
总行,15.066666666666666
总和,8.470588235294118
总计,11.6
总价,9.954545454545455
总监,18.857142857142858
总结,13.285714285714286
总经理,13.538461538461538
总局,12.842105263157896
总理,11.1
总量,12.5
总数,9.8
总体,10.789473684210526
总统,12.222222222222221
总统府,14.947368421052632
总务,15.076923076923077
总站,14.210526315789474
总长,11.875
总之,10.178571428571429
总值,13.19047619047619
总装,14.875
纵观,13.894736842105264
纵横,13.5789474
纵火,12.565217391304348
纵情,13.615384615384615
纵容,13.047619047619047
纵深,16.42105263157895
纵向,13.333333333333334
粽子,7.875
走边,14.0
走遍,11.555555555555555
走低,12.409090909090908
走动,10.545454545454545
走读,11.545454545454545
走访,13.782608695652174
走高,13.117647058823529
走狗,11.826086956521738
走过,10.0
走红,15.31578947368421
走捷径,12.0
走进,10.5238095
走近,8.181818181818182
走开,8.238095238095237
走廊,7.619047619047619
走路,7.5
走马灯,14.545454545454545
走强,14.0625
走俏,14.263157894736842
走人,11.090909090909092
走散,10.105263157894736
走神,11.925925925925926
走失,10.3
走势,13.4
走私,15.85
走私货,14.666666666666666
走投无路,13.772727272727273
走向,12.842105263157896
走秀,13.954545454545455
走走,7.888888888888889
奏乐,11.19047619047619
奏响,11.736842105263158
奏效,11.142857142857142
租房,15.25
租户,11.35
租界,14.15
租借,12.045454545454545
租金,13.105263157894736
租客,13.636363636363637
租赁,13.0
租下,13.3
租用,12.652173913043478
租约,14.347826086956522
租住,13.8125
足额,14.15
足够,10.125
足迹,10.571428571428571
足金,15.736842105263158
足球,6.761904761904762
足球队,9.681818181818182
足坛,13.058823529411764
族谱,12.68421052631579
族群,15.5625
族人,11.904761904761905
诅咒,13.35
阻碍,11.80952380952381
阻挡,9.263157894736842
阻断,10.3
阻隔,12.166666666666666
阻击,14.3
阻拦,10.263157894736842
阻力,12.666666666666666
阻挠,11.944444444444445
阻塞,12.68421052631579
阻止,9.714285714285714
阻滞,13.761904761904763
组别,13.4
组成,8.38888889
组队,9.652173913043478
组合,11.636363636363637
组件,15.210526315789474
组建,10.523809523809524
组团,13.708333333333334
组长,8.052631578947368
组织,11.263157894736842
组装,10.444444444444445
祖传,12.272727272727273
祖父,6.869565217391305
祖国,7.590909090909091
祖籍,10.478260869565217
祖母,6.368421052631579
祖先,9.470588235294118
祖宗,9.73076923076923
钻戒,12.421052631578947
钻井,12.545454545454545
钻孔,13.333333333333334
钻石,13.7619048
钻探,13.428571428571429
钻头,12.56
钻研,12.0
嘴巴,4.285714285714286
嘴唇,7.5625
嘴角,6.565217391304348
嘴脸,12.0
最爱,7.9523809523809526
最好,8.045454545454545
最后,8.55
最佳,10.2
最近,9.391304347826088
最先,8.473684210526315
最终,9.571428571428571
罪恶,11.105263157894736
罪犯,10.045454545454545
罪行,10.68421052631579
罪魁祸首,12.863636363636363
罪名,11.944444444444445
罪人,11.74074074074074
罪证,13.545454545454545
醉汉,10.454545454545455
醉驾,13.142857142857142
醉拳,10.210526315789474
醉心,11.777777777777779
尊崇,15.0
尊贵,10.0
尊敬,9.8
尊享,15.0
尊严,12.473684210526315
尊重,9.818181818181818
遵从,9.75
遵守,9.95
遵循,12.478260869565217
遵照,11.75
鳟鱼,14.421052631578947
昨天,6.481481481481482
昨晚,7.5
左侧,7.285714285714286
左脚,8.5
左手,6.269230769230769
左腿,7.5
左翼,14.8
左右,7.190476190476191
左右手,9.347826086956522
佐证,15.0
作案,12.941176470588236
作弊,9.9375
作出,10.272727272727273
作答,9.210526315789474
作恶多端,12.296296296296296
作坊,13.476190476190476
作废,11.523809523809524
作风,11.947368421052632
作画,8.35
作家,10.666666666666666
作假,12.157894736842104
作价,16.375
作乐,12.0
作乱,12.75
作品,12.055555555555555
作品展,13.26923076923077
作曲,12.88888888888889
作为,12.947368421052632
作文,9.523809523809524
作物,13.476190476190476
作息,10.578947368421053
作响,13.3888889
作秀,15.173913043478262
作业,7.136363636363637
作用,10.85
作战,11.666666666666666
作者,9.291666666666666
作证,12.842105263157896
作主,11.142857142857142
坐标,12.944444444444445
坐标轴,13.227272727272727
坐等,12.782608695652174
坐垫,9.272727272727273
坐牢,10.227272727272727
坐落,10.826086956521738
坐下,5.842105263157895
坐椅,8.909090909090908
坐镇,14.117647058823529
座标,13.9
座垫,10.37037037037037
座机,11.31578947368421
座驾,14.318181818181818
座落,11.666666666666666
座谈,12.047619
座位,7.904761904761905
座椅,7.857142857142857
座右铭,12.23076923076923
做菜,8.25
做成,9.08695652173913
做出,9.2
做到,9.714285714285714
做东,14.130434782608695
做法,10.7
做饭,7.0
做工,11.4
做客,7.947368421052632
做空,16.0
做梦,8.277777777777779
做人,9.578947368421053
做事,9.142857142857142
做主,12.45
做作,13.851851851851851
